record_id,year,month,month_name,quarter,fiscal_period,facility_id,facility_name,country,region,policy_area,board_independence_pct,policy_compliance_pct,total_audit_findings,resolved_findings,open_findings,avg_resolution_days,whistleblower_per_1k,data_breach_incidents,regulatory_fines_usd,compliance_training_pct,board_status,compliance_status,resolution_status,fine_flag
GOV-0000001,2022,1,January,Q1,2022-01-01,FAC-001,Chicago Main Plant,USA,North America,Anti-Corruption,42.83,82.93,2,1,1,50.9,3.53,0,0.0,77.6,Below Target,Non-Compliant,Significantly Delayed,False
GOV-0000002,2022,1,January,Q1,2022-01-01,FAC-001,Chicago Main Plant,USA,North America,Data Privacy,42.98,79.43,4,2,2,47.8,3.5,0,0.0,77.99,Below Target,Non-Compliant,Significantly Delayed,False
GOV-0000003,2022,1,January,Q1,2022-01-01,FAC-001,Chicago Main Plant,USA,North America,Environmental,47.59,82.42,3,2,1,46.6,3.32,0,0.0,78.32,Below Target,Non-Compliant,Significantly Delayed,False
GOV-0000004,2022,1,January,Q1,2022-01-01,FAC-001,Chicago Main Plant,USA,North America,Health & Safety,46.55,82.25,3,2,1,46.7,3.59,0,0.0,77.88,Below Target,Non-Compliant,Significantly Delayed,False
GOV-0000005,2022,1,January,Q1,2022-01-01,FAC-001,Chicago Main Plant,USA,North America,Human Rights,45.86,82.83,3,2,1,50.7,3.41,0,85476.55,75.94,Below Target,Non-Compliant,Significantly Delayed,True
GOV-0000006,2022,1,January,Q1,2022-01-01,FAC-001,Chicago Main Plant,USA,North America,Whistleblower,44.93,83.29,4,3,1,49.6,3.29,0,0.0,76.99,Below Target,Non-Compliant,Significantly Delayed,False
GOV-0000007,2022,1,January,Q1,2022-01-01,FAC-001,Chicago Main Plant,USA,North America,Code of Conduct,47.49,84.62,1,0,1,47.8,3.26,0,0.0,77.35,Below Target,Non-Compliant,Significantly Delayed,False
GOV-0000008,2022,1,January,Q1,2022-01-01,FAC-001,Chicago Main Plant,USA,North America,Conflict of Interest,49.36,81.71,2,1,1,49.9,3.65,0,0.0,74.75,Below Target,Non-Compliant,Significantly Delayed,False
GOV-0000009,2022,1,January,Q1,2022-01-01,FAC-001,Chicago Main Plant,USA,North America,Supplier Standards,46.03,80.32,4,3,1,42.7,3.33,0,0.0,73.37,Below Target,Non-Compliant,Slightly Delayed,False
GOV-0000010,2022,1,January,Q1,2022-01-01,FAC-001,Chicago Main Plant,USA,North America,Information Security,46.52,83.81,5,4,1,48.5,3.3,0,0.0,77.33,Below Target,Non-Compliant,Significantly Delayed,False
GOV-0000011,2022,1,January,Q1,2022-01-01,FAC-002,Detroit Assembly,USA,North America,Anti-Corruption,46.62,81.47,2,1,1,45.3,3.41,0,0.0,78.15,Below Target,Non-Compliant,Significantly Delayed,False
GOV-0000012,2022,1,January,Q1,2022-01-01,FAC-002,Detroit Assembly,USA,North America,Data Privacy,46.81,82.31,5,3,2,41.7,4.04,0,0.0,74.66,Below Target,Non-Compliant,Slightly Delayed,False
GOV-0000013,2022,1,January,Q1,2022-01-01,FAC-002,Detroit Assembly,USA,North America,Environmental,44.82,79.64,0,0,0,53.7,3.53,0,0.0,74.01,Below Target,Non-Compliant,Significantly Delayed,False
GOV-0000014,2022,1,January,Q1,2022-01-01,FAC-002,Detroit Assembly,USA,North America,Health & Safety,46.45,80.85,0,0,0,46.9,3.31,0,0.0,76.21,Below Target,Non-Compliant,Significantly Delayed,False
GOV-0000015,2022,1,January,Q1,2022-01-01,FAC-002,Detroit Assembly,USA,North America,Human Rights,45.6,80.49,1,0,1,48.9,3.47,0,0.0,75.2,Below Target,Non-Compliant,Significantly Delayed,False
GOV-0000016,2022,1,January,Q1,2022-01-01,FAC-002,Detroit Assembly,USA,North America,Whistleblower,45.49,83.18,2,1,1,50.5,3.42,0,0.0,78.86,Below Target,Non-Compliant,Significantly Delayed,False
GOV-0000017,2022,1,January,Q1,2022-01-01,FAC-002,Detroit Assembly,USA,North America,Code of Conduct,48.06,82.72,1,0,1,50.0,3.44,0,0.0,78.17,Below Target,Non-Compliant,Significantly Delayed,False
GOV-0000018,2022,1,January,Q1,2022-01-01,FAC-002,Detroit Assembly,USA,North America,Conflict of Interest,45.0,79.09,2,1,1,53.3,3.61,0,0.0,77.02,Below Target,Non-Compliant,Significantly Delayed,False
GOV-0000019,2022,1,January,Q1,2022-01-01,FAC-002,Detroit Assembly,USA,North America,Supplier Standards,47.36,81.25,5,3,2,51.0,3.49,0,0.0,74.59,Below Target,Non-Compliant,Significantly Delayed,False
GOV-0000020,2022,1,January,Q1,2022-01-01,FAC-002,Detroit Assembly,USA,North America,Information Security,47.84,84.18,0,0,0,49.0,3.03,0,0.0,76.96,Below Target,Non-Compliant,Significantly Delayed,False
GOV-0000021,2022,1,January,Q1,2022-01-01,FAC-003,Toronto Operations,Canada,North America,Anti-Corruption,47.29,81.24,2,1,1,47.8,3.12,0,0.0,74.97,Below Target,Non-Compliant,Significantly Delayed,False
GOV-0000022,2022,1,January,Q1,2022-01-01,FAC-003,Toronto Operations,Canada,North America,Data Privacy,46.48,82.57,2,1,1,43.0,3.26,0,0.0,78.71,Below Target,Non-Compliant,Slightly Delayed,False
GOV-0000023,2022,1,January,Q1,2022-01-01,FAC-003,Toronto Operations,Canada,North America,Environmental,44.5,82.86,0,0,0,50.2,3.51,0,0.0,75.47,Below Target,Non-Compliant,Significantly Delayed,False
GOV-0000024,2022,1,January,Q1,2022-01-01,FAC-003,Toronto Operations,Canada,North America,Health & Safety,45.83,82.73,0,0,0,50.2,3.52,0,0.0,75.62,Below Target,Non-Compliant,Significantly Delayed,False
GOV-0000025,2022,1,January,Q1,2022-01-01,FAC-003,Toronto Operations,Canada,North America,Human Rights,43.94,84.68,5,4,1,44.6,3.56,0,0.0,75.07,Below Target,Non-Compliant,Slightly Delayed,False
GOV-0000026,2022,1,January,Q1,2022-01-01,FAC-003,Toronto Operations,Canada,North America,Whistleblower,44.39,80.47,2,1,1,49.2,3.53,0,0.0,75.66,Below Target,Non-Compliant,Significantly Delayed,False
GOV-0000027,2022,1,January,Q1,2022-01-01,FAC-003,Toronto Operations,Canada,North America,Code of Conduct,44.64,81.86,0,0,0,45.3,3.44,0,0.0,78.43,Below Target,Non-Compliant,Significantly Delayed,False
GOV-0000028,2022,1,January,Q1,2022-01-01,FAC-003,Toronto Operations,Canada,North America,Conflict of Interest,44.25,79.68,1,0,1,49.4,3.53,0,0.0,76.01,Below Target,Non-Compliant,Significantly Delayed,False
GOV-0000029,2022,1,January,Q1,2022-01-01,FAC-003,Toronto Operations,Canada,North America,Supplier Standards,47.37,82.36,4,3,1,53.2,3.49,0,0.0,78.22,Below Target,Non-Compliant,Significantly Delayed,False
GOV-0000030,2022,1,January,Q1,2022-01-01,FAC-003,Toronto Operations,Canada,North America,Information Security,48.58,80.56,5,3,2,44.5,3.53,0,0.0,77.12,Below Target,Non-Compliant,Slightly Delayed,False
GOV-0000031,2022,1,January,Q1,2022-01-01,FAC-004,Munich Precision Works,Germany,Europe,Anti-Corruption,48.35,80.44,2,1,1,46.2,3.11,0,0.0,76.4,Below Target,Non-Compliant,Significantly Delayed,False
GOV-0000032,2022,1,January,Q1,2022-01-01,FAC-004,Munich Precision Works,Germany,Europe,Data Privacy,46.03,83.9,5,3,2,42.7,3.05,0,0.0,75.73,Below Target,Non-Compliant,Slightly Delayed,False
GOV-0000033,2022,1,January,Q1,2022-01-01,FAC-004,Munich Precision Works,Germany,Europe,Environmental,47.58,82.43,1,0,1,48.7,3.53,0,0.0,76.3,Below Target,Non-Compliant,Significantly Delayed,False
GOV-0000034,2022,1,January,Q1,2022-01-01,FAC-004,Munich Precision Works,Germany,Europe,Health & Safety,46.07,82.63,4,2,2,47.0,3.25,0,0.0,81.39,Below Target,Non-Compliant,Significantly Delayed,False
GOV-0000035,2022,1,January,Q1,2022-01-01,FAC-004,Munich Precision Works,Germany,Europe,Human Rights,48.29,82.67,5,4,1,45.9,3.91,0,0.0,75.17,Below Target,Non-Compliant,Significantly Delayed,False
GOV-0000036,2022,1,January,Q1,2022-01-01,FAC-004,Munich Precision Works,Germany,Europe,Whistleblower,44.37,81.05,1,0,1,53.5,3.6,0,0.0,75.6,Below Target,Non-Compliant,Significantly Delayed,False
GOV-0000037,2022,1,January,Q1,2022-01-01,FAC-004,Munich Precision Works,Germany,Europe,Code of Conduct,46.34,83.47,0,0,0,50.2,3.57,1,0.0,74.58,Below Target,Non-Compliant,Significantly Delayed,False
GOV-0000038,2022,1,January,Q1,2022-01-01,FAC-004,Munich Precision Works,Germany,Europe,Conflict of Interest,45.1,82.07,2,1,1,47.9,3.38,0,0.0,74.81,Below Target,Non-Compliant,Significantly Delayed,False
GOV-0000039,2022,1,January,Q1,2022-01-01,FAC-004,Munich Precision Works,Germany,Europe,Supplier Standards,44.47,83.39,4,3,1,48.3,3.67,0,0.0,77.7,Below Target,Non-Compliant,Significantly Delayed,False
GOV-0000040,2022,1,January,Q1,2022-01-01,FAC-004,Munich Precision Works,Germany,Europe,Information Security,48.04,81.54,2,1,1,46.0,3.86,0,0.0,77.79,Below Target,Non-Compliant,Significantly Delayed,False
GOV-0000041,2022,1,January,Q1,2022-01-01,FAC-005,Stuttgart Engineering,Germany,Europe,Anti-Corruption,43.0,81.9,3,2,1,45.8,3.74,0,0.0,73.75,Below Target,Non-Compliant,Significantly Delayed,False
GOV-0000042,2022,1,January,Q1,2022-01-01,FAC-005,Stuttgart Engineering,Germany,Europe,Data Privacy,46.87,80.7,1,0,1,46.7,2.95,0,0.0,76.13,Below Target,Non-Compliant,Significantly Delayed,False
GOV-0000043,2022,1,January,Q1,2022-01-01,FAC-005,Stuttgart Engineering,Germany,Europe,Environmental,47.07,84.58,1,0,1,46.1,3.4,0,0.0,76.42,Below Target,Non-Compliant,Significantly Delayed,False
GOV-0000044,2022,1,January,Q1,2022-01-01,FAC-005,Stuttgart Engineering,Germany,Europe,Health & Safety,46.74,81.78,0,0,0,45.0,3.55,0,0.0,76.08,Below Target,Non-Compliant,Slightly Delayed,False
GOV-0000045,2022,1,January,Q1,2022-01-01,FAC-005,Stuttgart Engineering,Germany,Europe,Human Rights,46.55,84.26,4,3,1,47.8,3.36,0,98597.01,77.04,Below Target,Non-Compliant,Significantly Delayed,True
GOV-0000046,2022,1,January,Q1,2022-01-01,FAC-005,Stuttgart Engineering,Germany,Europe,Whistleblower,45.31,80.21,1,0,1,48.3,3.59,0,0.0,74.82,Below Target,Non-Compliant,Significantly Delayed,False
GOV-0000047,2022,1,January,Q1,2022-01-01,FAC-005,Stuttgart Engineering,Germany,Europe,Code of Conduct,48.01,82.7,5,3,2,48.0,3.15,0,0.0,74.59,Below Target,Non-Compliant,Significantly Delayed,False
GOV-0000048,2022,1,January,Q1,2022-01-01,FAC-005,Stuttgart Engineering,Germany,Europe,Conflict of Interest,46.62,81.14,5,3,2,48.8,3.61,0,0.0,76.31,Below Target,Non-Compliant,Significantly Delayed,False
GOV-0000049,2022,1,January,Q1,2022-01-01,FAC-005,Stuttgart Engineering,Germany,Europe,Supplier Standards,47.14,81.92,2,1,1,46.4,3.35,0,0.0,76.59,Below Target,Non-Compliant,Significantly Delayed,False
GOV-0000050,2022,1,January,Q1,2022-01-01,FAC-005,Stuttgart Engineering,Germany,Europe,Information Security,46.61,82.26,2,1,1,43.3,4.03,0,0.0,79.03,Below Target,Non-Compliant,Slightly Delayed,False
GOV-0000051,2022,1,January,Q1,2022-01-01,FAC-006,Rotterdam Hub,Netherlands,Europe,Anti-Corruption,44.31,83.68,1,0,1,49.8,3.58,0,0.0,79.17,Below Target,Non-Compliant,Significantly Delayed,False
GOV-0000052,2022,1,January,Q1,2022-01-01,FAC-006,Rotterdam Hub,Netherlands,Europe,Data Privacy,47.35,81.19,1,0,1,43.3,3.35,0,0.0,74.43,Below Target,Non-Compliant,Slightly Delayed,False
GOV-0000053,2022,1,January,Q1,2022-01-01,FAC-006,Rotterdam Hub,Netherlands,Europe,Environmental,46.22,82.53,0,0,0,50.7,3.68,0,0.0,78.01,Below Target,Non-Compliant,Significantly Delayed,False
GOV-0000054,2022,1,January,Q1,2022-01-01,FAC-006,Rotterdam Hub,Netherlands,Europe,Health & Safety,45.57,82.73,4,2,2,49.8,3.88,0,0.0,76.81,Below Target,Non-Compliant,Significantly Delayed,False
GOV-0000055,2022,1,January,Q1,2022-01-01,FAC-006,Rotterdam Hub,Netherlands,Europe,Human Rights,44.97,82.75,0,0,0,47.1,3.35,0,0.0,75.44,Below Target,Non-Compliant,Significantly Delayed,False
GOV-0000056,2022,1,January,Q1,2022-01-01,FAC-006,Rotterdam Hub,Netherlands,Europe,Whistleblower,43.37,82.1,1,0,1,49.1,3.77,0,0.0,75.79,Below Target,Non-Compliant,Significantly Delayed,False
GOV-0000057,2022,1,January,Q1,2022-01-01,FAC-006,Rotterdam Hub,Netherlands,Europe,Code of Conduct,46.53,84.35,0,0,0,49.7,3.74,0,0.0,78.26,Below Target,Non-Compliant,Significantly Delayed,False
GOV-0000058,2022,1,January,Q1,2022-01-01,FAC-006,Rotterdam Hub,Netherlands,Europe,Conflict of Interest,46.2,82.02,4,3,1,52.5,3.48,0,0.0,75.73,Below Target,Non-Compliant,Significantly Delayed,False
GOV-0000059,2022,1,January,Q1,2022-01-01,FAC-006,Rotterdam Hub,Netherlands,Europe,Supplier Standards,45.09,80.1,3,2,1,40.2,3.58,0,0.0,76.86,Below Target,Non-Compliant,Slightly Delayed,False
GOV-0000060,2022,1,January,Q1,2022-01-01,FAC-006,Rotterdam Hub,Netherlands,Europe,Information Security,44.41,79.34,4,3,1,49.8,3.69,0,0.0,76.82,Below Target,Non-Compliant,Significantly Delayed,False
GOV-0000061,2022,1,January,Q1,2022-01-01,FAC-007,Lyon Components,France,Europe,Anti-Corruption,43.96,80.24,2,1,1,46.4,3.65,0,0.0,75.98,Below Target,Non-Compliant,Significantly Delayed,False
GOV-0000062,2022,1,January,Q1,2022-01-01,FAC-007,Lyon Components,France,Europe,Data Privacy,48.25,81.48,4,3,1,46.6,3.52,0,0.0,77.13,Below Target,Non-Compliant,Significantly Delayed,False
GOV-0000063,2022,1,January,Q1,2022-01-01,FAC-007,Lyon Components,France,Europe,Environmental,49.38,82.06,5,4,1,47.2,3.26,0,0.0,74.64,Below Target,Non-Compliant,Significantly Delayed,False
GOV-0000064,2022,1,January,Q1,2022-01-01,FAC-007,Lyon Components,France,Europe,Health & Safety,43.56,82.27,5,3,2,43.6,3.46,0,0.0,74.55,Below Target,Non-Compliant,Slightly Delayed,False
GOV-0000065,2022,1,January,Q1,2022-01-01,FAC-007,Lyon Components,France,Europe,Human Rights,46.73,83.58,0,0,0,49.9,3.55,0,0.0,73.12,Below Target,Non-Compliant,Significantly Delayed,False
GOV-0000066,2022,1,January,Q1,2022-01-01,FAC-007,Lyon Components,France,Europe,Whistleblower,45.14,81.53,4,2,2,51.3,3.9,0,0.0,77.22,Below Target,Non-Compliant,Significantly Delayed,False
GOV-0000067,2022,1,January,Q1,2022-01-01,FAC-007,Lyon Components,France,Europe,Code of Conduct,47.42,83.36,5,3,2,48.7,3.41,0,0.0,78.18,Below Target,Non-Compliant,Significantly Delayed,False
GOV-0000068,2022,1,January,Q1,2022-01-01,FAC-007,Lyon Components,France,Europe,Conflict of Interest,45.67,80.02,5,4,1,44.3,3.26,0,0.0,74.15,Below Target,Non-Compliant,Slightly Delayed,False
GOV-0000069,2022,1,January,Q1,2022-01-01,FAC-007,Lyon Components,France,Europe,Supplier Standards,46.63,82.42,1,0,1,46.1,3.9,0,0.0,74.83,Below Target,Non-Compliant,Significantly Delayed,False
GOV-0000070,2022,1,January,Q1,2022-01-01,FAC-007,Lyon Components,France,Europe,Information Security,46.42,83.95,5,4,1,47.6,3.77,0,0.0,79.21,Below Target,Non-Compliant,Significantly Delayed,False
GOV-0000071,2022,1,January,Q1,2022-01-01,FAC-008,Shanghai Manufacturing,China,Asia Pacific,Anti-Corruption,46.85,82.57,0,0,0,50.5,3.81,0,0.0,76.71,Below Target,Non-Compliant,Significantly Delayed,False
GOV-0000072,2022,1,January,Q1,2022-01-01,FAC-008,Shanghai Manufacturing,China,Asia Pacific,Data Privacy,46.25,82.88,0,0,0,45.8,3.41,0,0.0,74.56,Below Target,Non-Compliant,Significantly Delayed,False
GOV-0000073,2022,1,January,Q1,2022-01-01,FAC-008,Shanghai Manufacturing,China,Asia Pacific,Environmental,43.31,81.71,1,0,1,45.4,3.37,0,0.0,76.85,Below Target,Non-Compliant,Significantly Delayed,False
GOV-0000074,2022,1,January,Q1,2022-01-01,FAC-008,Shanghai Manufacturing,China,Asia Pacific,Health & Safety,45.56,81.26,5,4,1,46.3,3.27,0,0.0,74.51,Below Target,Non-Compliant,Significantly Delayed,False
GOV-0000075,2022,1,January,Q1,2022-01-01,FAC-008,Shanghai Manufacturing,China,Asia Pacific,Human Rights,43.04,81.61,0,0,0,48.9,3.37,0,0.0,73.83,Below Target,Non-Compliant,Significantly Delayed,False
GOV-0000076,2022,1,January,Q1,2022-01-01,FAC-008,Shanghai Manufacturing,China,Asia Pacific,Whistleblower,44.99,81.82,3,2,1,52.3,3.39,0,0.0,76.93,Below Target,Non-Compliant,Significantly Delayed,False
GOV-0000077,2022,1,January,Q1,2022-01-01,FAC-008,Shanghai Manufacturing,China,Asia Pacific,Code of Conduct,47.76,83.63,2,1,1,47.2,3.16,0,0.0,78.57,Below Target,Non-Compliant,Significantly Delayed,False
GOV-0000078,2022,1,January,Q1,2022-01-01,FAC-008,Shanghai Manufacturing,China,Asia Pacific,Conflict of Interest,43.88,82.89,3,2,1,44.2,3.37,0,0.0,76.4,Below Target,Non-Compliant,Slightly Delayed,False
GOV-0000079,2022,1,January,Q1,2022-01-01,FAC-008,Shanghai Manufacturing,China,Asia Pacific,Supplier Standards,46.26,84.24,4,2,2,47.2,3.75,0,0.0,75.29,Below Target,Non-Compliant,Significantly Delayed,False
GOV-0000080,2022,1,January,Q1,2022-01-01,FAC-008,Shanghai Manufacturing,China,Asia Pacific,Information Security,44.95,82.8,2,1,1,49.8,3.78,0,0.0,75.12,Below Target,Non-Compliant,Significantly Delayed,False
GOV-0000081,2022,1,January,Q1,2022-01-01,FAC-009,Bangalore Tech Centre,India,Asia Pacific,Anti-Corruption,44.15,82.49,4,3,1,48.4,3.21,0,0.0,79.84,Below Target,Non-Compliant,Significantly Delayed,False
GOV-0000082,2022,1,January,Q1,2022-01-01,FAC-009,Bangalore Tech Centre,India,Asia Pacific,Data Privacy,47.23,82.67,3,2,1,52.9,3.55,0,39480.2,76.57,Below Target,Non-Compliant,Significantly Delayed,True
GOV-0000083,2022,1,January,Q1,2022-01-01,FAC-009,Bangalore Tech Centre,India,Asia Pacific,Environmental,45.5,84.28,3,1,2,48.2,3.68,0,0.0,74.03,Below Target,Non-Compliant,Significantly Delayed,False
GOV-0000084,2022,1,January,Q1,2022-01-01,FAC-009,Bangalore Tech Centre,India,Asia Pacific,Health & Safety,44.19,82.72,2,1,1,51.3,3.74,0,0.0,73.51,Below Target,Non-Compliant,Significantly Delayed,False
GOV-0000085,2022,1,January,Q1,2022-01-01,FAC-009,Bangalore Tech Centre,India,Asia Pacific,Human Rights,49.63,80.28,1,0,1,48.9,3.21,0,0.0,76.12,Below Target,Non-Compliant,Significantly Delayed,False
GOV-0000086,2022,1,January,Q1,2022-01-01,FAC-009,Bangalore Tech Centre,India,Asia Pacific,Whistleblower,46.96,80.84,0,0,0,49.6,3.29,0,0.0,76.56,Below Target,Non-Compliant,Significantly Delayed,False
GOV-0000087,2022,1,January,Q1,2022-01-01,FAC-009,Bangalore Tech Centre,India,Asia Pacific,Code of Conduct,45.63,83.26,0,0,0,53.7,3.91,0,0.0,75.1,Below Target,Non-Compliant,Significantly Delayed,False
GOV-0000088,2022,1,January,Q1,2022-01-01,FAC-009,Bangalore Tech Centre,India,Asia Pacific,Conflict of Interest,46.83,83.06,4,3,1,45.1,3.01,0,0.0,76.42,Below Target,Non-Compliant,Significantly Delayed,False
GOV-0000089,2022,1,January,Q1,2022-01-01,FAC-009,Bangalore Tech Centre,India,Asia Pacific,Supplier Standards,47.63,84.95,0,0,0,46.8,3.36,0,11787.19,78.63,Below Target,Non-Compliant,Significantly Delayed,True
GOV-0000090,2022,1,January,Q1,2022-01-01,FAC-009,Bangalore Tech Centre,India,Asia Pacific,Information Security,45.24,80.49,0,0,0,48.2,3.69,0,0.0,75.19,Below Target,Non-Compliant,Significantly Delayed,False
GOV-0000091,2022,1,January,Q1,2022-01-01,FAC-010,Singapore Distribution,Singapore,Asia Pacific,Anti-Corruption,46.31,81.61,2,1,1,40.0,3.55,0,0.0,75.41,Below Target,Non-Compliant,Slightly Delayed,False
GOV-0000092,2022,1,January,Q1,2022-01-01,FAC-010,Singapore Distribution,Singapore,Asia Pacific,Data Privacy,46.72,78.81,2,1,1,46.2,3.16,0,0.0,72.07,Below Target,Non-Compliant,Significantly Delayed,False
GOV-0000093,2022,1,January,Q1,2022-01-01,FAC-010,Singapore Distribution,Singapore,Asia Pacific,Environmental,48.31,83.41,0,0,0,48.0,3.44,0,0.0,75.19,Below Target,Non-Compliant,Significantly Delayed,False
GOV-0000094,2022,1,January,Q1,2022-01-01,FAC-010,Singapore Distribution,Singapore,Asia Pacific,Health & Safety,46.06,78.98,3,1,2,55.0,3.38,0,0.0,74.79,Below Target,Non-Compliant,Significantly Delayed,False
GOV-0000095,2022,1,January,Q1,2022-01-01,FAC-010,Singapore Distribution,Singapore,Asia Pacific,Human Rights,47.62,85.47,3,2,1,48.5,3.58,0,0.0,78.06,Below Target,Near Compliant,Significantly Delayed,False
GOV-0000096,2022,1,January,Q1,2022-01-01,FAC-010,Singapore Distribution,Singapore,Asia Pacific,Whistleblower,45.71,81.93,4,3,1,48.2,3.75,0,0.0,76.89,Below Target,Non-Compliant,Significantly Delayed,False
GOV-0000097,2022,1,January,Q1,2022-01-01,FAC-010,Singapore Distribution,Singapore,Asia Pacific,Code of Conduct,44.57,84.66,0,0,0,47.5,3.64,0,0.0,76.45,Below Target,Non-Compliant,Significantly Delayed,False
GOV-0000098,2022,1,January,Q1,2022-01-01,FAC-010,Singapore Distribution,Singapore,Asia Pacific,Conflict of Interest,46.58,81.07,1,0,1,44.4,3.06,0,51818.84,75.56,Below Target,Non-Compliant,Slightly Delayed,True
GOV-0000099,2022,1,January,Q1,2022-01-01,FAC-010,Singapore Distribution,Singapore,Asia Pacific,Supplier Standards,44.23,83.53,4,3,1,48.1,3.48,0,0.0,75.55,Below Target,Non-Compliant,Significantly Delayed,False
GOV-0000100,2022,1,January,Q1,2022-01-01,FAC-010,Singapore Distribution,Singapore,Asia Pacific,Information Security,46.74,86.11,4,3,1,54.6,3.6,0,0.0,74.53,Below Target,Near Compliant,Significantly Delayed,False
GOV-0000101,2022,1,January,Q1,2022-01-01,FAC-011,Monterrey Plant,Mexico,Latin America,Anti-Corruption,46.33,80.39,1,0,1,47.9,3.58,0,72718.14,74.63,Below Target,Non-Compliant,Significantly Delayed,True
GOV-0000102,2022,1,January,Q1,2022-01-01,FAC-011,Monterrey Plant,Mexico,Latin America,Data Privacy,45.37,82.86,5,4,1,43.7,3.58,0,0.0,72.75,Below Target,Non-Compliant,Slightly Delayed,False
GOV-0000103,2022,1,January,Q1,2022-01-01,FAC-011,Monterrey Plant,Mexico,Latin America,Environmental,45.84,80.66,2,1,1,47.8,3.27,0,0.0,74.22,Below Target,Non-Compliant,Significantly Delayed,False
GOV-0000104,2022,1,January,Q1,2022-01-01,FAC-011,Monterrey Plant,Mexico,Latin America,Health & Safety,45.12,82.46,3,1,2,43.4,3.57,0,0.0,75.61,Below Target,Non-Compliant,Slightly Delayed,False
GOV-0000105,2022,1,January,Q1,2022-01-01,FAC-011,Monterrey Plant,Mexico,Latin America,Human Rights,44.56,81.69,1,0,1,50.3,3.35,0,0.0,76.05,Below Target,Non-Compliant,Significantly Delayed,False
GOV-0000106,2022,1,January,Q1,2022-01-01,FAC-011,Monterrey Plant,Mexico,Latin America,Whistleblower,44.74,80.95,1,0,1,47.3,3.39,0,0.0,77.03,Below Target,Non-Compliant,Significantly Delayed,False
GOV-0000107,2022,1,January,Q1,2022-01-01,FAC-011,Monterrey Plant,Mexico,Latin America,Code of Conduct,47.29,80.96,1,0,1,50.1,3.28,0,0.0,77.2,Below Target,Non-Compliant,Significantly Delayed,False
GOV-0000108,2022,1,January,Q1,2022-01-01,FAC-011,Monterrey Plant,Mexico,Latin America,Conflict of Interest,47.73,79.66,4,2,2,41.1,3.52,0,0.0,75.65,Below Target,Non-Compliant,Slightly Delayed,False
GOV-0000109,2022,1,January,Q1,2022-01-01,FAC-011,Monterrey Plant,Mexico,Latin America,Supplier Standards,45.67,82.47,5,4,1,44.6,3.68,0,0.0,78.84,Below Target,Non-Compliant,Slightly Delayed,False
GOV-0000110,2022,1,January,Q1,2022-01-01,FAC-011,Monterrey Plant,Mexico,Latin America,Information Security,44.97,82.1,2,1,1,51.6,3.71,0,0.0,75.89,Below Target,Non-Compliant,Significantly Delayed,False
GOV-0000111,2022,1,January,Q1,2022-01-01,FAC-012,Sao Paulo Operations,Brazil,Latin America,Anti-Corruption,44.25,82.05,2,1,1,47.5,3.3,0,0.0,76.4,Below Target,Non-Compliant,Significantly Delayed,False
GOV-0000112,2022,1,January,Q1,2022-01-01,FAC-012,Sao Paulo Operations,Brazil,Latin America,Data Privacy,43.99,80.57,3,2,1,49.6,3.28,0,0.0,76.52,Below Target,Non-Compliant,Significantly Delayed,False
GOV-0000113,2022,1,January,Q1,2022-01-01,FAC-012,Sao Paulo Operations,Brazil,Latin America,Environmental,45.37,83.04,0,0,0,52.6,3.68,0,0.0,75.44,Below Target,Non-Compliant,Significantly Delayed,False
GOV-0000114,2022,1,January,Q1,2022-01-01,FAC-012,Sao Paulo Operations,Brazil,Latin America,Health & Safety,45.75,84.62,4,2,2,45.1,3.32,0,0.0,77.1,Below Target,Non-Compliant,Significantly Delayed,False
GOV-0000115,2022,1,January,Q1,2022-01-01,FAC-012,Sao Paulo Operations,Brazil,Latin America,Human Rights,48.2,83.0,0,0,0,52.7,3.47,0,0.0,74.48,Below Target,Non-Compliant,Significantly Delayed,False
GOV-0000116,2022,1,January,Q1,2022-01-01,FAC-012,Sao Paulo Operations,Brazil,Latin America,Whistleblower,46.41,84.66,4,2,2,50.2,3.38,0,0.0,74.81,Below Target,Non-Compliant,Significantly Delayed,False
GOV-0000117,2022,1,January,Q1,2022-01-01,FAC-012,Sao Paulo Operations,Brazil,Latin America,Code of Conduct,47.65,82.36,3,2,1,49.8,3.78,0,0.0,76.33,Below Target,Non-Compliant,Significantly Delayed,False
GOV-0000118,2022,1,January,Q1,2022-01-01,FAC-012,Sao Paulo Operations,Brazil,Latin America,Conflict of Interest,46.04,81.48,1,0,1,54.0,3.18,0,0.0,75.03,Below Target,Non-Compliant,Significantly Delayed,False
GOV-0000119,2022,1,January,Q1,2022-01-01,FAC-012,Sao Paulo Operations,Brazil,Latin America,Supplier Standards,49.32,80.07,3,2,1,48.0,3.68,0,0.0,77.34,Below Target,Non-Compliant,Significantly Delayed,False
GOV-0000120,2022,1,January,Q1,2022-01-01,FAC-012,Sao Paulo Operations,Brazil,Latin America,Information Security,47.54,82.62,1,0,1,53.4,3.67,0,0.0,75.71,Below Target,Non-Compliant,Significantly Delayed,False
GOV-0000121,2022,2,February,Q1,2022-02-01,FAC-001,Chicago Main Plant,USA,North America,Anti-Corruption,44.71,79.22,2,1,1,42.1,3.96,0,0.0,74.58,Below Target,Non-Compliant,Slightly Delayed,False
GOV-0000122,2022,2,February,Q1,2022-02-01,FAC-001,Chicago Main Plant,USA,North America,Data Privacy,47.3,83.6,3,2,1,49.2,3.57,0,0.0,74.1,Below Target,Non-Compliant,Significantly Delayed,False
GOV-0000123,2022,2,February,Q1,2022-02-01,FAC-001,Chicago Main Plant,USA,North America,Environmental,47.19,83.98,1,0,1,52.2,3.67,0,0.0,76.68,Below Target,Non-Compliant,Significantly Delayed,False
GOV-0000124,2022,2,February,Q1,2022-02-01,FAC-001,Chicago Main Plant,USA,North America,Health & Safety,46.34,81.59,3,2,1,50.0,3.38,0,0.0,76.84,Below Target,Non-Compliant,Significantly Delayed,False
GOV-0000125,2022,2,February,Q1,2022-02-01,FAC-001,Chicago Main Plant,USA,North America,Human Rights,46.47,83.27,1,0,1,48.5,3.41,0,0.0,75.8,Below Target,Non-Compliant,Significantly Delayed,False
GOV-0000126,2022,2,February,Q1,2022-02-01,FAC-001,Chicago Main Plant,USA,North America,Whistleblower,44.46,81.11,4,2,2,45.1,3.55,0,0.0,77.25,Below Target,Non-Compliant,Significantly Delayed,False
GOV-0000127,2022,2,February,Q1,2022-02-01,FAC-001,Chicago Main Plant,USA,North America,Code of Conduct,45.98,82.26,2,1,1,50.9,3.62,0,0.0,76.96,Below Target,Non-Compliant,Significantly Delayed,False
GOV-0000128,2022,2,February,Q1,2022-02-01,FAC-001,Chicago Main Plant,USA,North America,Conflict of Interest,46.6,81.89,4,3,1,42.0,3.33,0,0.0,75.39,Below Target,Non-Compliant,Slightly Delayed,False
GOV-0000129,2022,2,February,Q1,2022-02-01,FAC-001,Chicago Main Plant,USA,North America,Supplier Standards,45.13,84.58,1,0,1,49.6,3.6,0,0.0,75.76,Below Target,Non-Compliant,Significantly Delayed,False
GOV-0000130,2022,2,February,Q1,2022-02-01,FAC-001,Chicago Main Plant,USA,North America,Information Security,47.1,80.71,5,3,2,46.1,3.54,0,0.0,74.11,Below Target,Non-Compliant,Significantly Delayed,False
GOV-0000131,2022,2,February,Q1,2022-02-01,FAC-002,Detroit Assembly,USA,North America,Anti-Corruption,45.56,82.68,4,2,2,47.1,3.7,0,0.0,77.2,Below Target,Non-Compliant,Significantly Delayed,False
GOV-0000132,2022,2,February,Q1,2022-02-01,FAC-002,Detroit Assembly,USA,North America,Data Privacy,45.8,82.21,3,2,1,50.0,3.39,0,0.0,72.89,Below Target,Non-Compliant,Significantly Delayed,False
GOV-0000133,2022,2,February,Q1,2022-02-01,FAC-002,Detroit Assembly,USA,North America,Environmental,47.83,83.35,5,3,2,50.9,3.34,0,0.0,75.85,Below Target,Non-Compliant,Significantly Delayed,False
GOV-0000134,2022,2,February,Q1,2022-02-01,FAC-002,Detroit Assembly,USA,North America,Health & Safety,45.86,79.83,1,0,1,49.6,3.5,0,0.0,78.85,Below Target,Non-Compliant,Significantly Delayed,False
GOV-0000135,2022,2,February,Q1,2022-02-01,FAC-002,Detroit Assembly,USA,North America,Human Rights,46.71,82.3,2,1,1,52.6,3.57,1,0.0,73.84,Below Target,Non-Compliant,Significantly Delayed,False
GOV-0000136,2022,2,February,Q1,2022-02-01,FAC-002,Detroit Assembly,USA,North America,Whistleblower,46.44,80.84,5,4,1,44.5,3.06,0,0.0,79.09,Below Target,Non-Compliant,Slightly Delayed,False
GOV-0000137,2022,2,February,Q1,2022-02-01,FAC-002,Detroit Assembly,USA,North America,Code of Conduct,45.61,82.44,1,0,1,44.0,3.79,0,0.0,75.93,Below Target,Non-Compliant,Slightly Delayed,False
GOV-0000138,2022,2,February,Q1,2022-02-01,FAC-002,Detroit Assembly,USA,North America,Conflict of Interest,45.82,81.01,2,1,1,49.0,3.56,0,0.0,75.34,Below Target,Non-Compliant,Significantly Delayed,False
GOV-0000139,2022,2,February,Q1,2022-02-01,FAC-002,Detroit Assembly,USA,North America,Supplier Standards,46.9,82.12,0,0,0,48.8,3.69,0,0.0,74.28,Below Target,Non-Compliant,Significantly Delayed,False
GOV-0000140,2022,2,February,Q1,2022-02-01,FAC-002,Detroit Assembly,USA,North America,Information Security,49.23,80.47,2,1,1,45.4,3.27,0,0.0,77.01,Below Target,Non-Compliant,Significantly Delayed,False
GOV-0000141,2022,2,February,Q1,2022-02-01,FAC-003,Toronto Operations,Canada,North America,Anti-Corruption,46.02,80.79,1,0,1,47.7,3.06,0,0.0,78.06,Below Target,Non-Compliant,Significantly Delayed,False
GOV-0000142,2022,2,February,Q1,2022-02-01,FAC-003,Toronto Operations,Canada,North America,Data Privacy,47.29,83.05,1,0,1,48.9,3.26,0,0.0,74.29,Below Target,Non-Compliant,Significantly Delayed,False
GOV-0000143,2022,2,February,Q1,2022-02-01,FAC-003,Toronto Operations,Canada,North America,Environmental,43.57,82.01,0,0,0,49.4,3.77,0,0.0,77.58,Below Target,Non-Compliant,Significantly Delayed,False
GOV-0000144,2022,2,February,Q1,2022-02-01,FAC-003,Toronto Operations,Canada,North America,Health & Safety,45.68,80.81,1,0,1,50.0,3.4,0,0.0,75.95,Below Target,Non-Compliant,Significantly Delayed,False
GOV-0000145,2022,2,February,Q1,2022-02-01,FAC-003,Toronto Operations,Canada,North America,Human Rights,47.1,79.96,1,0,1,49.4,3.61,0,0.0,78.17,Below Target,Non-Compliant,Significantly Delayed,False
GOV-0000146,2022,2,February,Q1,2022-02-01,FAC-003,Toronto Operations,Canada,North America,Whistleblower,49.17,80.65,1,0,1,49.7,3.81,0,0.0,77.9,Below Target,Non-Compliant,Significantly Delayed,False
GOV-0000147,2022,2,February,Q1,2022-02-01,FAC-003,Toronto Operations,Canada,North America,Code of Conduct,46.35,82.88,3,2,1,48.3,3.52,0,0.0,77.2,Below Target,Non-Compliant,Significantly Delayed,False
GOV-0000148,2022,2,February,Q1,2022-02-01,FAC-003,Toronto Operations,Canada,North America,Conflict of Interest,44.68,83.44,0,0,0,44.2,3.31,0,0.0,75.33,Below Target,Non-Compliant,Slightly Delayed,False
GOV-0000149,2022,2,February,Q1,2022-02-01,FAC-003,Toronto Operations,Canada,North America,Supplier Standards,46.74,81.9,1,0,1,48.7,3.66,0,0.0,76.3,Below Target,Non-Compliant,Significantly Delayed,False
GOV-0000150,2022,2,February,Q1,2022-02-01,FAC-003,Toronto Operations,Canada,North America,Information Security,45.21,81.8,2,1,1,45.5,3.4,0,0.0,77.16,Below Target,Non-Compliant,Significantly Delayed,False
GOV-0000151,2022,2,February,Q1,2022-02-01,FAC-004,Munich Precision Works,Germany,Europe,Anti-Corruption,46.8,82.82,1,0,1,48.7,3.46,0,0.0,75.15,Below Target,Non-Compliant,Significantly Delayed,False
GOV-0000152,2022,2,February,Q1,2022-02-01,FAC-004,Munich Precision Works,Germany,Europe,Data Privacy,43.67,79.45,4,3,1,46.7,3.55,0,0.0,74.48,Below Target,Non-Compliant,Significantly Delayed,False
GOV-0000153,2022,2,February,Q1,2022-02-01,FAC-004,Munich Precision Works,Germany,Europe,Environmental,42.66,81.7,1,0,1,47.3,3.11,0,0.0,76.93,Below Target,Non-Compliant,Significantly Delayed,False
GOV-0000154,2022,2,February,Q1,2022-02-01,FAC-004,Munich Precision Works,Germany,Europe,Health & Safety,46.76,82.1,4,2,2,52.1,3.39,0,0.0,72.93,Below Target,Non-Compliant,Significantly Delayed,False
GOV-0000155,2022,2,February,Q1,2022-02-01,FAC-004,Munich Precision Works,Germany,Europe,Human Rights,42.99,83.19,2,1,1,52.3,3.53,0,0.0,75.68,Below Target,Non-Compliant,Significantly Delayed,False
GOV-0000156,2022,2,February,Q1,2022-02-01,FAC-004,Munich Precision Works,Germany,Europe,Whistleblower,46.56,78.72,2,1,1,44.2,3.79,0,0.0,76.15,Below Target,Non-Compliant,Slightly Delayed,False
GOV-0000157,2022,2,February,Q1,2022-02-01,FAC-004,Munich Precision Works,Germany,Europe,Code of Conduct,46.95,82.09,1,0,1,47.7,3.4,0,0.0,76.35,Below Target,Non-Compliant,Significantly Delayed,False
GOV-0000158,2022,2,February,Q1,2022-02-01,FAC-004,Munich Precision Works,Germany,Europe,Conflict of Interest,46.21,84.4,2,1,1,44.7,3.45,0,0.0,75.43,Below Target,Non-Compliant,Slightly Delayed,False
GOV-0000159,2022,2,February,Q1,2022-02-01,FAC-004,Munich Precision Works,Germany,Europe,Supplier Standards,45.76,81.33,5,4,1,47.7,3.39,0,0.0,76.81,Below Target,Non-Compliant,Significantly Delayed,False
GOV-0000160,2022,2,February,Q1,2022-02-01,FAC-004,Munich Precision Works,Germany,Europe,Information Security,44.81,81.47,0,0,0,46.2,3.65,0,0.0,73.78,Below Target,Non-Compliant,Significantly Delayed,False
GOV-0000161,2022,2,February,Q1,2022-02-01,FAC-005,Stuttgart Engineering,Germany,Europe,Anti-Corruption,42.43,82.33,5,4,1,49.4,3.34,0,0.0,77.43,Below Target,Non-Compliant,Significantly Delayed,False
GOV-0000162,2022,2,February,Q1,2022-02-01,FAC-005,Stuttgart Engineering,Germany,Europe,Data Privacy,44.65,85.06,0,0,0,45.7,3.36,0,0.0,76.88,Below Target,Near Compliant,Significantly Delayed,False
GOV-0000163,2022,2,February,Q1,2022-02-01,FAC-005,Stuttgart Engineering,Germany,Europe,Environmental,47.2,82.13,1,0,1,48.6,3.83,0,0.0,73.11,Below Target,Non-Compliant,Significantly Delayed,False
GOV-0000164,2022,2,February,Q1,2022-02-01,FAC-005,Stuttgart Engineering,Germany,Europe,Health & Safety,46.9,82.97,1,0,1,51.5,3.43,0,0.0,77.82,Below Target,Non-Compliant,Significantly Delayed,False
GOV-0000165,2022,2,February,Q1,2022-02-01,FAC-005,Stuttgart Engineering,Germany,Europe,Human Rights,44.26,81.34,2,1,1,48.7,3.46,0,0.0,77.9,Below Target,Non-Compliant,Significantly Delayed,False
GOV-0000166,2022,2,February,Q1,2022-02-01,FAC-005,Stuttgart Engineering,Germany,Europe,Whistleblower,49.69,83.61,3,2,1,49.7,3.67,0,0.0,75.33,Below Target,Non-Compliant,Significantly Delayed,False
GOV-0000167,2022,2,February,Q1,2022-02-01,FAC-005,Stuttgart Engineering,Germany,Europe,Code of Conduct,45.02,82.47,5,4,1,48.6,3.51,0,0.0,76.24,Below Target,Non-Compliant,Significantly Delayed,False
GOV-0000168,2022,2,February,Q1,2022-02-01,FAC-005,Stuttgart Engineering,Germany,Europe,Conflict of Interest,44.11,83.49,0,0,0,51.8,3.59,0,0.0,76.39,Below Target,Non-Compliant,Significantly Delayed,False
GOV-0000169,2022,2,February,Q1,2022-02-01,FAC-005,Stuttgart Engineering,Germany,Europe,Supplier Standards,45.56,83.76,3,2,1,46.2,3.55,0,0.0,76.46,Below Target,Non-Compliant,Significantly Delayed,False
GOV-0000170,2022,2,February,Q1,2022-02-01,FAC-005,Stuttgart Engineering,Germany,Europe,Information Security,45.68,83.07,4,3,1,51.3,3.32,0,0.0,74.58,Below Target,Non-Compliant,Significantly Delayed,False
GOV-0000171,2022,2,February,Q1,2022-02-01,FAC-006,Rotterdam Hub,Netherlands,Europe,Anti-Corruption,47.5,84.08,5,3,2,45.0,3.08,0,0.0,76.94,Below Target,Non-Compliant,Slightly Delayed,False
GOV-0000172,2022,2,February,Q1,2022-02-01,FAC-006,Rotterdam Hub,Netherlands,Europe,Data Privacy,45.65,81.84,4,2,2,50.4,3.48,0,0.0,76.31,Below Target,Non-Compliant,Significantly Delayed,False
GOV-0000173,2022,2,February,Q1,2022-02-01,FAC-006,Rotterdam Hub,Netherlands,Europe,Environmental,46.1,80.31,2,1,1,48.4,3.83,0,0.0,77.34,Below Target,Non-Compliant,Significantly Delayed,False
GOV-0000174,2022,2,February,Q1,2022-02-01,FAC-006,Rotterdam Hub,Netherlands,Europe,Health & Safety,47.25,83.2,1,0,1,48.7,3.18,0,0.0,77.37,Below Target,Non-Compliant,Significantly Delayed,False
GOV-0000175,2022,2,February,Q1,2022-02-01,FAC-006,Rotterdam Hub,Netherlands,Europe,Human Rights,45.83,80.79,2,1,1,44.2,3.61,0,0.0,80.07,Below Target,Non-Compliant,Slightly Delayed,False
GOV-0000176,2022,2,February,Q1,2022-02-01,FAC-006,Rotterdam Hub,Netherlands,Europe,Whistleblower,46.2,78.96,0,0,0,46.2,3.39,0,0.0,79.89,Below Target,Non-Compliant,Significantly Delayed,False
GOV-0000177,2022,2,February,Q1,2022-02-01,FAC-006,Rotterdam Hub,Netherlands,Europe,Code of Conduct,44.13,82.79,4,3,1,47.4,3.38,1,0.0,77.1,Below Target,Non-Compliant,Significantly Delayed,False
GOV-0000178,2022,2,February,Q1,2022-02-01,FAC-006,Rotterdam Hub,Netherlands,Europe,Conflict of Interest,46.81,81.11,5,3,2,50.1,3.57,0,0.0,76.87,Below Target,Non-Compliant,Significantly Delayed,False
GOV-0000179,2022,2,February,Q1,2022-02-01,FAC-006,Rotterdam Hub,Netherlands,Europe,Supplier Standards,45.64,83.16,2,1,1,47.7,3.48,0,0.0,73.9,Below Target,Non-Compliant,Significantly Delayed,False
GOV-0000180,2022,2,February,Q1,2022-02-01,FAC-006,Rotterdam Hub,Netherlands,Europe,Information Security,43.2,83.87,0,0,0,43.4,3.85,0,0.0,77.53,Below Target,Non-Compliant,Slightly Delayed,False
GOV-0000181,2022,2,February,Q1,2022-02-01,FAC-007,Lyon Components,France,Europe,Anti-Corruption,45.28,81.81,1,0,1,52.5,3.72,0,0.0,75.55,Below Target,Non-Compliant,Significantly Delayed,False
GOV-0000182,2022,2,February,Q1,2022-02-01,FAC-007,Lyon Components,France,Europe,Data Privacy,43.64,82.82,0,0,0,48.1,3.37,0,0.0,75.43,Below Target,Non-Compliant,Significantly Delayed,False
GOV-0000183,2022,2,February,Q1,2022-02-01,FAC-007,Lyon Components,France,Europe,Environmental,43.41,82.4,1,0,1,48.1,3.34,0,0.0,77.91,Below Target,Non-Compliant,Significantly Delayed,False
GOV-0000184,2022,2,February,Q1,2022-02-01,FAC-007,Lyon Components,France,Europe,Health & Safety,47.54,81.56,1,0,1,43.8,3.46,0,0.0,77.36,Below Target,Non-Compliant,Slightly Delayed,False
GOV-0000185,2022,2,February,Q1,2022-02-01,FAC-007,Lyon Components,France,Europe,Human Rights,44.67,80.96,4,2,2,45.5,3.52,0,0.0,79.05,Below Target,Non-Compliant,Significantly Delayed,False
GOV-0000186,2022,2,February,Q1,2022-02-01,FAC-007,Lyon Components,France,Europe,Whistleblower,49.09,81.37,5,4,1,48.6,3.51,0,0.0,74.38,Below Target,Non-Compliant,Significantly Delayed,False
GOV-0000187,2022,2,February,Q1,2022-02-01,FAC-007,Lyon Components,France,Europe,Code of Conduct,44.45,81.89,2,1,1,48.7,3.41,0,0.0,74.8,Below Target,Non-Compliant,Significantly Delayed,False
GOV-0000188,2022,2,February,Q1,2022-02-01,FAC-007,Lyon Components,France,Europe,Conflict of Interest,45.07,85.12,3,2,1,44.1,3.19,0,0.0,74.84,Below Target,Near Compliant,Slightly Delayed,False
GOV-0000189,2022,2,February,Q1,2022-02-01,FAC-007,Lyon Components,France,Europe,Supplier Standards,47.18,81.62,1,0,1,49.9,3.4,0,0.0,76.59,Below Target,Non-Compliant,Significantly Delayed,False
GOV-0000190,2022,2,February,Q1,2022-02-01,FAC-007,Lyon Components,France,Europe,Information Security,45.18,78.91,3,2,1,48.6,3.46,1,0.0,77.62,Below Target,Non-Compliant,Significantly Delayed,False
GOV-0000191,2022,2,February,Q1,2022-02-01,FAC-008,Shanghai Manufacturing,China,Asia Pacific,Anti-Corruption,43.14,81.58,1,0,1,50.0,3.53,0,0.0,78.52,Below Target,Non-Compliant,Significantly Delayed,False
GOV-0000192,2022,2,February,Q1,2022-02-01,FAC-008,Shanghai Manufacturing,China,Asia Pacific,Data Privacy,47.14,81.41,5,3,2,44.7,3.64,0,113729.67,76.76,Below Target,Non-Compliant,Slightly Delayed,True
GOV-0000193,2022,2,February,Q1,2022-02-01,FAC-008,Shanghai Manufacturing,China,Asia Pacific,Environmental,44.83,78.95,0,0,0,46.0,3.46,0,0.0,74.31,Below Target,Non-Compliant,Significantly Delayed,False
GOV-0000194,2022,2,February,Q1,2022-02-01,FAC-008,Shanghai Manufacturing,China,Asia Pacific,Health & Safety,49.09,82.94,0,0,0,49.1,3.62,0,0.0,74.75,Below Target,Non-Compliant,Significantly Delayed,False
GOV-0000195,2022,2,February,Q1,2022-02-01,FAC-008,Shanghai Manufacturing,China,Asia Pacific,Human Rights,42.88,81.02,1,0,1,51.5,3.26,0,0.0,76.78,Below Target,Non-Compliant,Significantly Delayed,False
GOV-0000196,2022,2,February,Q1,2022-02-01,FAC-008,Shanghai Manufacturing,China,Asia Pacific,Whistleblower,45.51,83.08,0,0,0,47.8,3.4,0,0.0,74.94,Below Target,Non-Compliant,Significantly Delayed,False
GOV-0000197,2022,2,February,Q1,2022-02-01,FAC-008,Shanghai Manufacturing,China,Asia Pacific,Code of Conduct,42.36,81.68,0,0,0,53.5,3.3,0,0.0,78.58,Below Target,Non-Compliant,Significantly Delayed,False
GOV-0000198,2022,2,February,Q1,2022-02-01,FAC-008,Shanghai Manufacturing,China,Asia Pacific,Conflict of Interest,45.7,83.44,4,3,1,43.9,3.66,0,0.0,77.55,Below Target,Non-Compliant,Slightly Delayed,False
GOV-0000199,2022,2,February,Q1,2022-02-01,FAC-008,Shanghai Manufacturing,China,Asia Pacific,Supplier Standards,44.49,80.52,1,0,1,45.9,3.45,1,0.0,76.69,Below Target,Non-Compliant,Significantly Delayed,False
GOV-0000200,2022,2,February,Q1,2022-02-01,FAC-008,Shanghai Manufacturing,China,Asia Pacific,Information Security,47.52,83.88,0,0,0,43.8,3.54,0,0.0,75.64,Below Target,Non-Compliant,Slightly Delayed,False
GOV-0000201,2022,2,February,Q1,2022-02-01,FAC-009,Bangalore Tech Centre,India,Asia Pacific,Anti-Corruption,43.27,85.65,0,0,0,53.1,3.84,0,0.0,76.02,Below Target,Near Compliant,Significantly Delayed,False
GOV-0000202,2022,2,February,Q1,2022-02-01,FAC-009,Bangalore Tech Centre,India,Asia Pacific,Data Privacy,47.95,79.98,5,4,1,51.8,3.52,0,0.0,76.67,Below Target,Non-Compliant,Significantly Delayed,False
GOV-0000203,2022,2,February,Q1,2022-02-01,FAC-009,Bangalore Tech Centre,India,Asia Pacific,Environmental,48.46,82.2,4,3,1,47.7,3.45,0,0.0,78.02,Below Target,Non-Compliant,Significantly Delayed,False
GOV-0000204,2022,2,February,Q1,2022-02-01,FAC-009,Bangalore Tech Centre,India,Asia Pacific,Health & Safety,45.78,82.84,0,0,0,44.3,3.49,0,0.0,75.18,Below Target,Non-Compliant,Slightly Delayed,False
GOV-0000205,2022,2,February,Q1,2022-02-01,FAC-009,Bangalore Tech Centre,India,Asia Pacific,Human Rights,47.29,81.29,3,2,1,50.0,3.63,0,0.0,76.25,Below Target,Non-Compliant,Significantly Delayed,False
GOV-0000206,2022,2,February,Q1,2022-02-01,FAC-009,Bangalore Tech Centre,India,Asia Pacific,Whistleblower,46.38,81.42,3,2,1,46.9,3.64,0,0.0,78.45,Below Target,Non-Compliant,Significantly Delayed,False
GOV-0000207,2022,2,February,Q1,2022-02-01,FAC-009,Bangalore Tech Centre,India,Asia Pacific,Code of Conduct,43.63,82.59,4,2,2,50.1,3.15,0,0.0,75.0,Below Target,Non-Compliant,Significantly Delayed,False
GOV-0000208,2022,2,February,Q1,2022-02-01,FAC-009,Bangalore Tech Centre,India,Asia Pacific,Conflict of Interest,42.67,82.82,1,0,1,46.4,3.46,0,0.0,78.55,Below Target,Non-Compliant,Significantly Delayed,False
GOV-0000209,2022,2,February,Q1,2022-02-01,FAC-009,Bangalore Tech Centre,India,Asia Pacific,Supplier Standards,45.96,83.77,3,2,1,43.6,3.42,0,0.0,75.63,Below Target,Non-Compliant,Slightly Delayed,False
GOV-0000210,2022,2,February,Q1,2022-02-01,FAC-009,Bangalore Tech Centre,India,Asia Pacific,Information Security,48.05,82.7,1,0,1,47.3,3.21,0,0.0,77.09,Below Target,Non-Compliant,Significantly Delayed,False
GOV-0000211,2022,2,February,Q1,2022-02-01,FAC-010,Singapore Distribution,Singapore,Asia Pacific,Anti-Corruption,46.37,83.51,0,0,0,47.2,3.96,0,114335.89,76.05,Below Target,Non-Compliant,Significantly Delayed,True
GOV-0000212,2022,2,February,Q1,2022-02-01,FAC-010,Singapore Distribution,Singapore,Asia Pacific,Data Privacy,44.37,83.2,4,3,1,50.9,4.0,0,0.0,75.64,Below Target,Non-Compliant,Significantly Delayed,False
GOV-0000213,2022,2,February,Q1,2022-02-01,FAC-010,Singapore Distribution,Singapore,Asia Pacific,Environmental,46.24,81.72,3,2,1,49.9,3.43,0,0.0,76.99,Below Target,Non-Compliant,Significantly Delayed,False
GOV-0000214,2022,2,February,Q1,2022-02-01,FAC-010,Singapore Distribution,Singapore,Asia Pacific,Health & Safety,46.55,80.06,2,1,1,52.5,3.62,0,0.0,75.47,Below Target,Non-Compliant,Significantly Delayed,False
GOV-0000215,2022,2,February,Q1,2022-02-01,FAC-010,Singapore Distribution,Singapore,Asia Pacific,Human Rights,47.14,81.19,5,4,1,44.3,3.18,0,0.0,76.32,Below Target,Non-Compliant,Slightly Delayed,False
GOV-0000216,2022,2,February,Q1,2022-02-01,FAC-010,Singapore Distribution,Singapore,Asia Pacific,Whistleblower,44.62,81.23,3,2,1,48.7,3.75,0,0.0,74.48,Below Target,Non-Compliant,Significantly Delayed,False
GOV-0000217,2022,2,February,Q1,2022-02-01,FAC-010,Singapore Distribution,Singapore,Asia Pacific,Code of Conduct,44.65,77.69,5,4,1,47.0,3.45,0,0.0,74.76,Below Target,Non-Compliant,Significantly Delayed,False
GOV-0000218,2022,2,February,Q1,2022-02-01,FAC-010,Singapore Distribution,Singapore,Asia Pacific,Conflict of Interest,46.01,82.36,5,4,1,43.9,3.44,0,0.0,74.55,Below Target,Non-Compliant,Slightly Delayed,False
GOV-0000219,2022,2,February,Q1,2022-02-01,FAC-010,Singapore Distribution,Singapore,Asia Pacific,Supplier Standards,44.08,80.24,5,3,2,52.0,3.35,0,0.0,77.74,Below Target,Non-Compliant,Significantly Delayed,False
GOV-0000220,2022,2,February,Q1,2022-02-01,FAC-010,Singapore Distribution,Singapore,Asia Pacific,Information Security,44.73,82.2,0,0,0,48.7,3.46,0,0.0,79.09,Below Target,Non-Compliant,Significantly Delayed,False
GOV-0000221,2022,2,February,Q1,2022-02-01,FAC-011,Monterrey Plant,Mexico,Latin America,Anti-Corruption,45.46,83.64,4,2,2,44.8,2.98,0,0.0,77.05,Below Target,Non-Compliant,Slightly Delayed,False
GOV-0000222,2022,2,February,Q1,2022-02-01,FAC-011,Monterrey Plant,Mexico,Latin America,Data Privacy,45.97,80.4,3,2,1,49.4,3.42,0,0.0,75.63,Below Target,Non-Compliant,Significantly Delayed,False
GOV-0000223,2022,2,February,Q1,2022-02-01,FAC-011,Monterrey Plant,Mexico,Latin America,Environmental,47.27,81.63,4,2,2,44.5,3.51,0,0.0,77.86,Below Target,Non-Compliant,Slightly Delayed,False
GOV-0000224,2022,2,February,Q1,2022-02-01,FAC-011,Monterrey Plant,Mexico,Latin America,Health & Safety,45.16,79.6,1,0,1,50.9,3.41,0,0.0,77.54,Below Target,Non-Compliant,Significantly Delayed,False
GOV-0000225,2022,2,February,Q1,2022-02-01,FAC-011,Monterrey Plant,Mexico,Latin America,Human Rights,45.94,83.68,3,2,1,52.5,3.45,0,63614.21,78.05,Below Target,Non-Compliant,Significantly Delayed,True
GOV-0000226,2022,2,February,Q1,2022-02-01,FAC-011,Monterrey Plant,Mexico,Latin America,Whistleblower,42.93,83.02,1,0,1,48.7,3.44,0,0.0,75.34,Below Target,Non-Compliant,Significantly Delayed,False
GOV-0000227,2022,2,February,Q1,2022-02-01,FAC-011,Monterrey Plant,Mexico,Latin America,Code of Conduct,45.41,81.6,5,4,1,45.6,3.8,0,0.0,77.4,Below Target,Non-Compliant,Significantly Delayed,False
GOV-0000228,2022,2,February,Q1,2022-02-01,FAC-011,Monterrey Plant,Mexico,Latin America,Conflict of Interest,44.47,82.68,4,3,1,49.0,3.61,0,0.0,76.84,Below Target,Non-Compliant,Significantly Delayed,False
GOV-0000229,2022,2,February,Q1,2022-02-01,FAC-011,Monterrey Plant,Mexico,Latin America,Supplier Standards,48.16,82.01,5,3,2,44.2,3.47,0,0.0,76.62,Below Target,Non-Compliant,Slightly Delayed,False
GOV-0000230,2022,2,February,Q1,2022-02-01,FAC-011,Monterrey Plant,Mexico,Latin America,Information Security,48.28,83.22,4,2,2,43.5,3.24,0,0.0,75.78,Below Target,Non-Compliant,Slightly Delayed,False
GOV-0000231,2022,2,February,Q1,2022-02-01,FAC-012,Sao Paulo Operations,Brazil,Latin America,Anti-Corruption,45.51,84.19,3,2,1,44.3,3.66,0,0.0,77.89,Below Target,Non-Compliant,Slightly Delayed,False
GOV-0000232,2022,2,February,Q1,2022-02-01,FAC-012,Sao Paulo Operations,Brazil,Latin America,Data Privacy,45.67,80.02,5,4,1,44.7,3.62,0,0.0,75.78,Below Target,Non-Compliant,Slightly Delayed,False
GOV-0000233,2022,2,February,Q1,2022-02-01,FAC-012,Sao Paulo Operations,Brazil,Latin America,Environmental,46.21,82.01,5,4,1,47.5,3.57,0,0.0,76.84,Below Target,Non-Compliant,Significantly Delayed,False
GOV-0000234,2022,2,February,Q1,2022-02-01,FAC-012,Sao Paulo Operations,Brazil,Latin America,Health & Safety,46.99,84.4,5,3,2,49.1,3.65,0,0.0,77.21,Below Target,Non-Compliant,Significantly Delayed,False
GOV-0000235,2022,2,February,Q1,2022-02-01,FAC-012,Sao Paulo Operations,Brazil,Latin America,Human Rights,43.13,82.51,1,0,1,52.9,3.48,0,0.0,76.48,Below Target,Non-Compliant,Significantly Delayed,False
GOV-0000236,2022,2,February,Q1,2022-02-01,FAC-012,Sao Paulo Operations,Brazil,Latin America,Whistleblower,42.91,81.08,0,0,0,52.3,3.43,0,0.0,73.41,Below Target,Non-Compliant,Significantly Delayed,False
GOV-0000237,2022,2,February,Q1,2022-02-01,FAC-012,Sao Paulo Operations,Brazil,Latin America,Code of Conduct,46.45,81.38,0,0,0,45.6,3.96,0,0.0,78.01,Below Target,Non-Compliant,Significantly Delayed,False
GOV-0000238,2022,2,February,Q1,2022-02-01,FAC-012,Sao Paulo Operations,Brazil,Latin America,Conflict of Interest,45.23,79.93,0,0,0,49.4,3.68,0,0.0,77.17,Below Target,Non-Compliant,Significantly Delayed,False
GOV-0000239,2022,2,February,Q1,2022-02-01,FAC-012,Sao Paulo Operations,Brazil,Latin America,Supplier Standards,47.55,84.1,1,0,1,52.8,3.47,0,0.0,75.74,Below Target,Non-Compliant,Significantly Delayed,False
GOV-0000240,2022,2,February,Q1,2022-02-01,FAC-012,Sao Paulo Operations,Brazil,Latin America,Information Security,46.69,80.02,0,0,0,49.2,3.15,0,0.0,77.7,Below Target,Non-Compliant,Significantly Delayed,False
GOV-0000241,2022,3,March,Q1,2022-03-01,FAC-001,Chicago Main Plant,USA,North America,Anti-Corruption,46.31,81.58,2,1,1,44.8,3.21,0,0.0,74.97,Below Target,Non-Compliant,Slightly Delayed,False
GOV-0000242,2022,3,March,Q1,2022-03-01,FAC-001,Chicago Main Plant,USA,North America,Data Privacy,44.44,80.69,3,2,1,45.4,3.45,0,0.0,77.27,Below Target,Non-Compliant,Significantly Delayed,False
GOV-0000243,2022,3,March,Q1,2022-03-01,FAC-001,Chicago Main Plant,USA,North America,Environmental,44.45,80.44,5,3,2,46.0,3.67,0,0.0,75.43,Below Target,Non-Compliant,Significantly Delayed,False
GOV-0000244,2022,3,March,Q1,2022-03-01,FAC-001,Chicago Main Plant,USA,North America,Health & Safety,48.23,82.59,5,3,2,46.7,3.47,0,0.0,77.67,Below Target,Non-Compliant,Significantly Delayed,False
GOV-0000245,2022,3,March,Q1,2022-03-01,FAC-001,Chicago Main Plant,USA,North America,Human Rights,44.96,83.36,3,2,1,47.0,3.41,0,0.0,75.51,Below Target,Non-Compliant,Significantly Delayed,False
GOV-0000246,2022,3,March,Q1,2022-03-01,FAC-001,Chicago Main Plant,USA,North America,Whistleblower,46.6,84.09,0,0,0,51.0,3.39,0,0.0,74.74,Below Target,Non-Compliant,Significantly Delayed,False
GOV-0000247,2022,3,March,Q1,2022-03-01,FAC-001,Chicago Main Plant,USA,North America,Code of Conduct,45.14,79.81,5,4,1,47.0,3.75,0,0.0,76.75,Below Target,Non-Compliant,Significantly Delayed,False
GOV-0000248,2022,3,March,Q1,2022-03-01,FAC-001,Chicago Main Plant,USA,North America,Conflict of Interest,47.92,81.94,2,1,1,50.5,3.47,0,0.0,75.74,Below Target,Non-Compliant,Significantly Delayed,False
GOV-0000249,2022,3,March,Q1,2022-03-01,FAC-001,Chicago Main Plant,USA,North America,Supplier Standards,47.45,79.92,5,3,2,52.2,3.39,0,0.0,77.45,Below Target,Non-Compliant,Significantly Delayed,False
GOV-0000250,2022,3,March,Q1,2022-03-01,FAC-001,Chicago Main Plant,USA,North America,Information Security,46.08,78.47,4,2,2,46.6,3.56,0,0.0,77.38,Below Target,Non-Compliant,Significantly Delayed,False
GOV-0000251,2022,3,March,Q1,2022-03-01,FAC-002,Detroit Assembly,USA,North America,Anti-Corruption,47.2,80.71,4,3,1,49.7,3.45,0,0.0,75.31,Below Target,Non-Compliant,Significantly Delayed,False
GOV-0000252,2022,3,March,Q1,2022-03-01,FAC-002,Detroit Assembly,USA,North America,Data Privacy,43.0,80.16,4,2,2,46.2,3.46,0,0.0,76.15,Below Target,Non-Compliant,Significantly Delayed,False
GOV-0000253,2022,3,March,Q1,2022-03-01,FAC-002,Detroit Assembly,USA,North America,Environmental,45.91,81.55,0,0,0,46.7,3.54,0,0.0,76.83,Below Target,Non-Compliant,Significantly Delayed,False
GOV-0000254,2022,3,March,Q1,2022-03-01,FAC-002,Detroit Assembly,USA,North America,Health & Safety,43.79,79.76,2,1,1,46.6,3.41,0,0.0,77.56,Below Target,Non-Compliant,Significantly Delayed,False
GOV-0000255,2022,3,March,Q1,2022-03-01,FAC-002,Detroit Assembly,USA,North America,Human Rights,44.91,82.3,0,0,0,46.8,3.4,0,0.0,75.1,Below Target,Non-Compliant,Significantly Delayed,False
GOV-0000256,2022,3,March,Q1,2022-03-01,FAC-002,Detroit Assembly,USA,North America,Whistleblower,45.35,82.5,1,0,1,45.2,3.37,0,0.0,74.23,Below Target,Non-Compliant,Significantly Delayed,False
GOV-0000257,2022,3,March,Q1,2022-03-01,FAC-002,Detroit Assembly,USA,North America,Code of Conduct,44.05,79.69,0,0,0,47.9,3.48,0,0.0,77.43,Below Target,Non-Compliant,Significantly Delayed,False
GOV-0000258,2022,3,March,Q1,2022-03-01,FAC-002,Detroit Assembly,USA,North America,Conflict of Interest,43.64,81.89,5,3,2,47.2,3.36,0,0.0,74.6,Below Target,Non-Compliant,Significantly Delayed,False
GOV-0000259,2022,3,March,Q1,2022-03-01,FAC-002,Detroit Assembly,USA,North America,Supplier Standards,46.89,81.05,2,1,1,48.1,3.02,0,0.0,77.78,Below Target,Non-Compliant,Significantly Delayed,False
GOV-0000260,2022,3,March,Q1,2022-03-01,FAC-002,Detroit Assembly,USA,North America,Information Security,45.14,80.14,2,1,1,53.7,3.55,0,0.0,76.09,Below Target,Non-Compliant,Significantly Delayed,False
GOV-0000261,2022,3,March,Q1,2022-03-01,FAC-003,Toronto Operations,Canada,North America,Anti-Corruption,47.8,81.32,2,1,1,50.6,3.45,0,0.0,74.59,Below Target,Non-Compliant,Significantly Delayed,False
GOV-0000262,2022,3,March,Q1,2022-03-01,FAC-003,Toronto Operations,Canada,North America,Data Privacy,44.05,80.12,1,0,1,51.3,3.53,0,123358.96,76.79,Below Target,Non-Compliant,Significantly Delayed,True
GOV-0000263,2022,3,March,Q1,2022-03-01,FAC-003,Toronto Operations,Canada,North America,Environmental,45.87,80.92,4,3,1,49.9,3.45,0,0.0,73.84,Below Target,Non-Compliant,Significantly Delayed,False
GOV-0000264,2022,3,March,Q1,2022-03-01,FAC-003,Toronto Operations,Canada,North America,Health & Safety,47.08,81.11,4,2,2,45.7,3.55,0,0.0,74.75,Below Target,Non-Compliant,Significantly Delayed,False
GOV-0000265,2022,3,March,Q1,2022-03-01,FAC-003,Toronto Operations,Canada,North America,Human Rights,47.47,79.49,4,2,2,50.0,3.7,0,0.0,76.45,Below Target,Non-Compliant,Significantly Delayed,False
GOV-0000266,2022,3,March,Q1,2022-03-01,FAC-003,Toronto Operations,Canada,North America,Whistleblower,42.57,80.46,5,4,1,46.0,3.52,0,0.0,76.93,Below Target,Non-Compliant,Significantly Delayed,False
GOV-0000267,2022,3,March,Q1,2022-03-01,FAC-003,Toronto Operations,Canada,North America,Code of Conduct,42.09,80.63,2,1,1,45.4,3.59,0,0.0,77.73,Below Target,Non-Compliant,Significantly Delayed,False
GOV-0000268,2022,3,March,Q1,2022-03-01,FAC-003,Toronto Operations,Canada,North America,Conflict of Interest,44.69,81.87,2,1,1,45.9,3.39,0,0.0,77.13,Below Target,Non-Compliant,Significantly Delayed,False
GOV-0000269,2022,3,March,Q1,2022-03-01,FAC-003,Toronto Operations,Canada,North America,Supplier Standards,49.01,81.25,1,0,1,44.8,3.25,0,0.0,74.34,Below Target,Non-Compliant,Slightly Delayed,False
GOV-0000270,2022,3,March,Q1,2022-03-01,FAC-003,Toronto Operations,Canada,North America,Information Security,45.47,80.7,2,1,1,48.3,3.39,0,0.0,75.89,Below Target,Non-Compliant,Significantly Delayed,False
GOV-0000271,2022,3,March,Q1,2022-03-01,FAC-004,Munich Precision Works,Germany,Europe,Anti-Corruption,47.21,80.27,5,3,2,48.9,3.36,0,0.0,76.26,Below Target,Non-Compliant,Significantly Delayed,False
GOV-0000272,2022,3,March,Q1,2022-03-01,FAC-004,Munich Precision Works,Germany,Europe,Data Privacy,45.84,81.6,2,1,1,49.5,3.68,0,0.0,79.57,Below Target,Non-Compliant,Significantly Delayed,False
GOV-0000273,2022,3,March,Q1,2022-03-01,FAC-004,Munich Precision Works,Germany,Europe,Environmental,45.23,82.98,1,0,1,50.4,3.37,0,0.0,76.21,Below Target,Non-Compliant,Significantly Delayed,False
GOV-0000274,2022,3,March,Q1,2022-03-01,FAC-004,Munich Precision Works,Germany,Europe,Health & Safety,47.02,80.19,5,4,1,51.0,3.38,0,0.0,76.81,Below Target,Non-Compliant,Significantly Delayed,False
GOV-0000275,2022,3,March,Q1,2022-03-01,FAC-004,Munich Precision Works,Germany,Europe,Human Rights,46.99,85.21,1,0,1,48.5,3.55,0,0.0,76.38,Below Target,Near Compliant,Significantly Delayed,False
GOV-0000276,2022,3,March,Q1,2022-03-01,FAC-004,Munich Precision Works,Germany,Europe,Whistleblower,42.95,81.83,0,0,0,54.2,3.58,0,0.0,75.68,Below Target,Non-Compliant,Significantly Delayed,False
GOV-0000277,2022,3,March,Q1,2022-03-01,FAC-004,Munich Precision Works,Germany,Europe,Code of Conduct,47.15,83.65,2,1,1,51.2,3.32,0,0.0,78.02,Below Target,Non-Compliant,Significantly Delayed,False
GOV-0000278,2022,3,March,Q1,2022-03-01,FAC-004,Munich Precision Works,Germany,Europe,Conflict of Interest,46.47,81.37,5,4,1,51.6,3.54,0,0.0,75.41,Below Target,Non-Compliant,Significantly Delayed,False
GOV-0000279,2022,3,March,Q1,2022-03-01,FAC-004,Munich Precision Works,Germany,Europe,Supplier Standards,46.57,78.89,4,3,1,53.8,3.42,0,0.0,76.75,Below Target,Non-Compliant,Significantly Delayed,False
GOV-0000280,2022,3,March,Q1,2022-03-01,FAC-004,Munich Precision Works,Germany,Europe,Information Security,45.0,81.4,3,2,1,45.4,3.4,0,31680.96,75.15,Below Target,Non-Compliant,Significantly Delayed,True
GOV-0000281,2022,3,March,Q1,2022-03-01,FAC-005,Stuttgart Engineering,Germany,Europe,Anti-Corruption,46.53,82.28,4,2,2,51.5,3.47,0,0.0,72.61,Below Target,Non-Compliant,Significantly Delayed,False
GOV-0000282,2022,3,March,Q1,2022-03-01,FAC-005,Stuttgart Engineering,Germany,Europe,Data Privacy,46.37,82.67,4,3,1,45.8,3.59,0,0.0,75.49,Below Target,Non-Compliant,Significantly Delayed,False
GOV-0000283,2022,3,March,Q1,2022-03-01,FAC-005,Stuttgart Engineering,Germany,Europe,Environmental,44.19,80.74,0,0,0,49.0,3.95,0,0.0,76.07,Below Target,Non-Compliant,Significantly Delayed,False
GOV-0000284,2022,3,March,Q1,2022-03-01,FAC-005,Stuttgart Engineering,Germany,Europe,Health & Safety,44.78,82.84,1,0,1,47.7,3.89,0,0.0,74.23,Below Target,Non-Compliant,Significantly Delayed,False
GOV-0000285,2022,3,March,Q1,2022-03-01,FAC-005,Stuttgart Engineering,Germany,Europe,Human Rights,45.36,81.97,5,3,2,47.2,3.36,0,0.0,75.44,Below Target,Non-Compliant,Significantly Delayed,False
GOV-0000286,2022,3,March,Q1,2022-03-01,FAC-005,Stuttgart Engineering,Germany,Europe,Whistleblower,46.54,82.74,3,2,1,48.7,3.43,0,0.0,77.24,Below Target,Non-Compliant,Significantly Delayed,False
GOV-0000287,2022,3,March,Q1,2022-03-01,FAC-005,Stuttgart Engineering,Germany,Europe,Code of Conduct,45.59,79.65,2,1,1,47.5,3.45,0,0.0,75.58,Below Target,Non-Compliant,Significantly Delayed,False
GOV-0000288,2022,3,March,Q1,2022-03-01,FAC-005,Stuttgart Engineering,Germany,Europe,Conflict of Interest,45.27,81.72,4,3,1,49.8,3.41,0,0.0,77.8,Below Target,Non-Compliant,Significantly Delayed,False
GOV-0000289,2022,3,March,Q1,2022-03-01,FAC-005,Stuttgart Engineering,Germany,Europe,Supplier Standards,46.26,83.42,5,3,2,48.1,3.2,0,0.0,75.66,Below Target,Non-Compliant,Significantly Delayed,False
GOV-0000290,2022,3,March,Q1,2022-03-01,FAC-005,Stuttgart Engineering,Germany,Europe,Information Security,44.34,82.93,2,1,1,49.8,3.22,0,0.0,77.03,Below Target,Non-Compliant,Significantly Delayed,False
GOV-0000291,2022,3,March,Q1,2022-03-01,FAC-006,Rotterdam Hub,Netherlands,Europe,Anti-Corruption,49.01,83.55,4,2,2,50.2,3.77,0,0.0,74.89,Below Target,Non-Compliant,Significantly Delayed,False
GOV-0000292,2022,3,March,Q1,2022-03-01,FAC-006,Rotterdam Hub,Netherlands,Europe,Data Privacy,46.56,84.01,5,3,2,45.6,3.25,0,0.0,77.59,Below Target,Non-Compliant,Significantly Delayed,False
GOV-0000293,2022,3,March,Q1,2022-03-01,FAC-006,Rotterdam Hub,Netherlands,Europe,Environmental,46.53,81.31,0,0,0,55.0,3.5,0,0.0,74.72,Below Target,Non-Compliant,Significantly Delayed,False
GOV-0000294,2022,3,March,Q1,2022-03-01,FAC-006,Rotterdam Hub,Netherlands,Europe,Health & Safety,45.1,82.71,0,0,0,49.1,3.83,0,0.0,75.01,Below Target,Non-Compliant,Significantly Delayed,False
GOV-0000295,2022,3,March,Q1,2022-03-01,FAC-006,Rotterdam Hub,Netherlands,Europe,Human Rights,46.02,79.84,4,3,1,47.6,3.45,0,0.0,77.0,Below Target,Non-Compliant,Significantly Delayed,False
GOV-0000296,2022,3,March,Q1,2022-03-01,FAC-006,Rotterdam Hub,Netherlands,Europe,Whistleblower,47.78,82.25,1,0,1,52.3,3.65,0,0.0,77.16,Below Target,Non-Compliant,Significantly Delayed,False
GOV-0000297,2022,3,March,Q1,2022-03-01,FAC-006,Rotterdam Hub,Netherlands,Europe,Code of Conduct,47.12,79.68,0,0,0,50.4,3.82,0,0.0,75.12,Below Target,Non-Compliant,Significantly Delayed,False
GOV-0000298,2022,3,March,Q1,2022-03-01,FAC-006,Rotterdam Hub,Netherlands,Europe,Conflict of Interest,46.02,80.93,1,0,1,46.9,3.3,0,0.0,73.98,Below Target,Non-Compliant,Significantly Delayed,False
GOV-0000299,2022,3,March,Q1,2022-03-01,FAC-006,Rotterdam Hub,Netherlands,Europe,Supplier Standards,43.37,81.12,0,0,0,43.7,3.36,0,0.0,76.12,Below Target,Non-Compliant,Slightly Delayed,False
GOV-0000300,2022,3,March,Q1,2022-03-01,FAC-006,Rotterdam Hub,Netherlands,Europe,Information Security,43.7,81.65,0,0,0,50.3,3.68,0,0.0,75.63,Below Target,Non-Compliant,Significantly Delayed,False
GOV-0000301,2022,3,March,Q1,2022-03-01,FAC-007,Lyon Components,France,Europe,Anti-Corruption,45.91,84.36,2,1,1,48.4,3.45,0,0.0,76.39,Below Target,Non-Compliant,Significantly Delayed,False
GOV-0000302,2022,3,March,Q1,2022-03-01,FAC-007,Lyon Components,France,Europe,Data Privacy,46.39,83.55,0,0,0,50.4,3.47,0,0.0,76.25,Below Target,Non-Compliant,Significantly Delayed,False
GOV-0000303,2022,3,March,Q1,2022-03-01,FAC-007,Lyon Components,France,Europe,Environmental,47.62,85.24,2,1,1,50.0,3.63,0,0.0,76.64,Below Target,Near Compliant,Significantly Delayed,False
GOV-0000304,2022,3,March,Q1,2022-03-01,FAC-007,Lyon Components,France,Europe,Health & Safety,46.1,78.21,5,4,1,45.1,3.52,0,0.0,76.43,Below Target,Non-Compliant,Significantly Delayed,False
GOV-0000305,2022,3,March,Q1,2022-03-01,FAC-007,Lyon Components,France,Europe,Human Rights,46.32,82.94,0,0,0,44.2,3.53,0,0.0,76.74,Below Target,Non-Compliant,Slightly Delayed,False
GOV-0000306,2022,3,March,Q1,2022-03-01,FAC-007,Lyon Components,France,Europe,Whistleblower,43.03,80.16,3,2,1,48.2,3.19,0,0.0,78.86,Below Target,Non-Compliant,Significantly Delayed,False
GOV-0000307,2022,3,March,Q1,2022-03-01,FAC-007,Lyon Components,France,Europe,Code of Conduct,43.21,81.8,3,2,1,44.7,3.45,0,0.0,78.47,Below Target,Non-Compliant,Slightly Delayed,False
GOV-0000308,2022,3,March,Q1,2022-03-01,FAC-007,Lyon Components,France,Europe,Conflict of Interest,44.85,81.91,4,3,1,49.6,3.34,0,0.0,76.12,Below Target,Non-Compliant,Significantly Delayed,False
GOV-0000309,2022,3,March,Q1,2022-03-01,FAC-007,Lyon Components,France,Europe,Supplier Standards,46.35,81.7,5,4,1,47.5,3.64,0,0.0,72.92,Below Target,Non-Compliant,Significantly Delayed,False
GOV-0000310,2022,3,March,Q1,2022-03-01,FAC-007,Lyon Components,France,Europe,Information Security,45.06,81.25,0,0,0,50.0,3.8,1,0.0,77.05,Below Target,Non-Compliant,Significantly Delayed,False
GOV-0000311,2022,3,March,Q1,2022-03-01,FAC-008,Shanghai Manufacturing,China,Asia Pacific,Anti-Corruption,45.44,80.78,4,3,1,46.2,3.33,0,0.0,75.2,Below Target,Non-Compliant,Significantly Delayed,False
GOV-0000312,2022,3,March,Q1,2022-03-01,FAC-008,Shanghai Manufacturing,China,Asia Pacific,Data Privacy,46.69,80.49,5,3,2,47.4,3.61,0,0.0,76.3,Below Target,Non-Compliant,Significantly Delayed,False
GOV-0000313,2022,3,March,Q1,2022-03-01,FAC-008,Shanghai Manufacturing,China,Asia Pacific,Environmental,45.29,79.1,0,0,0,48.8,3.53,0,0.0,74.83,Below Target,Non-Compliant,Significantly Delayed,False
GOV-0000314,2022,3,March,Q1,2022-03-01,FAC-008,Shanghai Manufacturing,China,Asia Pacific,Health & Safety,47.57,80.66,4,2,2,47.1,2.85,0,0.0,76.95,Below Target,Non-Compliant,Significantly Delayed,False
GOV-0000315,2022,3,March,Q1,2022-03-01,FAC-008,Shanghai Manufacturing,China,Asia Pacific,Human Rights,45.42,83.68,3,2,1,42.0,3.33,0,0.0,74.96,Below Target,Non-Compliant,Slightly Delayed,False
GOV-0000316,2022,3,March,Q1,2022-03-01,FAC-008,Shanghai Manufacturing,China,Asia Pacific,Whistleblower,45.33,81.6,3,2,1,48.4,3.18,0,0.0,74.21,Below Target,Non-Compliant,Significantly Delayed,False
GOV-0000317,2022,3,March,Q1,2022-03-01,FAC-008,Shanghai Manufacturing,China,Asia Pacific,Code of Conduct,45.14,81.69,4,3,1,47.9,3.23,1,0.0,74.65,Below Target,Non-Compliant,Significantly Delayed,False
GOV-0000318,2022,3,March,Q1,2022-03-01,FAC-008,Shanghai Manufacturing,China,Asia Pacific,Conflict of Interest,45.65,82.05,0,0,0,42.7,3.09,0,0.0,74.35,Below Target,Non-Compliant,Slightly Delayed,False
GOV-0000319,2022,3,March,Q1,2022-03-01,FAC-008,Shanghai Manufacturing,China,Asia Pacific,Supplier Standards,48.37,83.54,4,3,1,44.8,3.48,0,0.0,78.31,Below Target,Non-Compliant,Slightly Delayed,False
GOV-0000320,2022,3,March,Q1,2022-03-01,FAC-008,Shanghai Manufacturing,China,Asia Pacific,Information Security,45.76,78.54,4,3,1,52.4,3.46,0,0.0,74.73,Below Target,Non-Compliant,Significantly Delayed,False
GOV-0000321,2022,3,March,Q1,2022-03-01,FAC-009,Bangalore Tech Centre,India,Asia Pacific,Anti-Corruption,44.52,81.68,5,3,2,49.0,3.32,0,0.0,76.49,Below Target,Non-Compliant,Significantly Delayed,False
GOV-0000322,2022,3,March,Q1,2022-03-01,FAC-009,Bangalore Tech Centre,India,Asia Pacific,Data Privacy,46.93,81.94,3,2,1,40.8,3.64,0,0.0,73.88,Below Target,Non-Compliant,Slightly Delayed,False
GOV-0000323,2022,3,March,Q1,2022-03-01,FAC-009,Bangalore Tech Centre,India,Asia Pacific,Environmental,48.13,80.41,2,1,1,44.5,3.35,0,0.0,76.59,Below Target,Non-Compliant,Slightly Delayed,False
GOV-0000324,2022,3,March,Q1,2022-03-01,FAC-009,Bangalore Tech Centre,India,Asia Pacific,Health & Safety,45.85,83.64,4,3,1,50.0,3.68,0,0.0,73.38,Below Target,Non-Compliant,Significantly Delayed,False
GOV-0000325,2022,3,March,Q1,2022-03-01,FAC-009,Bangalore Tech Centre,India,Asia Pacific,Human Rights,45.54,82.75,5,3,2,47.1,3.53,0,0.0,77.8,Below Target,Non-Compliant,Significantly Delayed,False
GOV-0000326,2022,3,March,Q1,2022-03-01,FAC-009,Bangalore Tech Centre,India,Asia Pacific,Whistleblower,46.34,83.46,0,0,0,47.0,3.31,0,17032.47,75.46,Below Target,Non-Compliant,Significantly Delayed,True
GOV-0000327,2022,3,March,Q1,2022-03-01,FAC-009,Bangalore Tech Centre,India,Asia Pacific,Code of Conduct,46.53,82.42,5,3,2,48.5,3.54,0,0.0,75.21,Below Target,Non-Compliant,Significantly Delayed,False
GOV-0000328,2022,3,March,Q1,2022-03-01,FAC-009,Bangalore Tech Centre,India,Asia Pacific,Conflict of Interest,46.42,81.02,2,1,1,47.0,3.54,0,0.0,76.65,Below Target,Non-Compliant,Significantly Delayed,False
GOV-0000329,2022,3,March,Q1,2022-03-01,FAC-009,Bangalore Tech Centre,India,Asia Pacific,Supplier Standards,44.84,82.04,0,0,0,47.9,3.53,0,0.0,77.71,Below Target,Non-Compliant,Significantly Delayed,False
GOV-0000330,2022,3,March,Q1,2022-03-01,FAC-009,Bangalore Tech Centre,India,Asia Pacific,Information Security,47.46,80.25,3,2,1,48.9,3.31,0,0.0,76.27,Below Target,Non-Compliant,Significantly Delayed,False
GOV-0000331,2022,3,March,Q1,2022-03-01,FAC-010,Singapore Distribution,Singapore,Asia Pacific,Anti-Corruption,45.94,81.53,3,2,1,44.9,3.56,0,0.0,77.03,Below Target,Non-Compliant,Slightly Delayed,False
GOV-0000332,2022,3,March,Q1,2022-03-01,FAC-010,Singapore Distribution,Singapore,Asia Pacific,Data Privacy,47.8,82.19,0,0,0,44.2,3.3,0,0.0,74.25,Below Target,Non-Compliant,Slightly Delayed,False
GOV-0000333,2022,3,March,Q1,2022-03-01,FAC-010,Singapore Distribution,Singapore,Asia Pacific,Environmental,44.48,82.72,2,1,1,50.4,3.26,0,0.0,77.67,Below Target,Non-Compliant,Significantly Delayed,False
GOV-0000334,2022,3,March,Q1,2022-03-01,FAC-010,Singapore Distribution,Singapore,Asia Pacific,Health & Safety,46.45,78.01,0,0,0,42.7,3.31,0,0.0,75.57,Below Target,Non-Compliant,Slightly Delayed,False
GOV-0000335,2022,3,March,Q1,2022-03-01,FAC-010,Singapore Distribution,Singapore,Asia Pacific,Human Rights,44.99,79.46,4,3,1,48.5,3.55,0,0.0,77.78,Below Target,Non-Compliant,Significantly Delayed,False
GOV-0000336,2022,3,March,Q1,2022-03-01,FAC-010,Singapore Distribution,Singapore,Asia Pacific,Whistleblower,46.2,84.52,1,0,1,50.8,3.53,0,0.0,73.92,Below Target,Non-Compliant,Significantly Delayed,False
GOV-0000337,2022,3,March,Q1,2022-03-01,FAC-010,Singapore Distribution,Singapore,Asia Pacific,Code of Conduct,46.92,82.31,1,0,1,46.4,3.45,0,0.0,77.62,Below Target,Non-Compliant,Significantly Delayed,False
GOV-0000338,2022,3,March,Q1,2022-03-01,FAC-010,Singapore Distribution,Singapore,Asia Pacific,Conflict of Interest,47.49,79.21,3,2,1,49.9,3.48,0,0.0,75.76,Below Target,Non-Compliant,Significantly Delayed,False
GOV-0000339,2022,3,March,Q1,2022-03-01,FAC-010,Singapore Distribution,Singapore,Asia Pacific,Supplier Standards,47.91,81.82,5,4,1,49.6,3.42,0,0.0,77.16,Below Target,Non-Compliant,Significantly Delayed,False
GOV-0000340,2022,3,March,Q1,2022-03-01,FAC-010,Singapore Distribution,Singapore,Asia Pacific,Information Security,45.46,81.16,1,0,1,48.2,3.58,0,0.0,75.94,Below Target,Non-Compliant,Significantly Delayed,False
GOV-0000341,2022,3,March,Q1,2022-03-01,FAC-011,Monterrey Plant,Mexico,Latin America,Anti-Corruption,47.01,80.47,4,3,1,45.6,3.35,0,0.0,74.38,Below Target,Non-Compliant,Significantly Delayed,False
GOV-0000342,2022,3,March,Q1,2022-03-01,FAC-011,Monterrey Plant,Mexico,Latin America,Data Privacy,44.62,82.89,1,0,1,50.3,3.33,0,0.0,76.34,Below Target,Non-Compliant,Significantly Delayed,False
GOV-0000343,2022,3,March,Q1,2022-03-01,FAC-011,Monterrey Plant,Mexico,Latin America,Environmental,45.43,83.19,0,0,0,46.5,3.33,1,0.0,78.13,Below Target,Non-Compliant,Significantly Delayed,False
GOV-0000344,2022,3,March,Q1,2022-03-01,FAC-011,Monterrey Plant,Mexico,Latin America,Health & Safety,45.55,81.92,2,1,1,48.4,3.44,0,0.0,77.09,Below Target,Non-Compliant,Significantly Delayed,False
GOV-0000345,2022,3,March,Q1,2022-03-01,FAC-011,Monterrey Plant,Mexico,Latin America,Human Rights,47.23,81.97,4,3,1,50.4,3.4,0,0.0,74.72,Below Target,Non-Compliant,Significantly Delayed,False
GOV-0000346,2022,3,March,Q1,2022-03-01,FAC-011,Monterrey Plant,Mexico,Latin America,Whistleblower,48.22,80.84,2,1,1,39.6,3.49,0,0.0,78.01,Below Target,Non-Compliant,Slightly Delayed,False
GOV-0000347,2022,3,March,Q1,2022-03-01,FAC-011,Monterrey Plant,Mexico,Latin America,Code of Conduct,45.49,84.27,0,0,0,50.0,3.54,0,0.0,75.87,Below Target,Non-Compliant,Significantly Delayed,False
GOV-0000348,2022,3,March,Q1,2022-03-01,FAC-011,Monterrey Plant,Mexico,Latin America,Conflict of Interest,47.33,83.08,5,3,2,52.5,3.77,0,0.0,75.25,Below Target,Non-Compliant,Significantly Delayed,False
GOV-0000349,2022,3,March,Q1,2022-03-01,FAC-011,Monterrey Plant,Mexico,Latin America,Supplier Standards,48.08,82.04,0,0,0,48.1,3.5,0,9981.35,75.98,Below Target,Non-Compliant,Significantly Delayed,True
GOV-0000350,2022,3,March,Q1,2022-03-01,FAC-011,Monterrey Plant,Mexico,Latin America,Information Security,46.46,81.12,5,4,1,48.7,3.58,0,0.0,77.04,Below Target,Non-Compliant,Significantly Delayed,False
GOV-0000351,2022,3,March,Q1,2022-03-01,FAC-012,Sao Paulo Operations,Brazil,Latin America,Anti-Corruption,44.05,81.47,2,1,1,51.2,3.86,0,0.0,72.62,Below Target,Non-Compliant,Significantly Delayed,False
GOV-0000352,2022,3,March,Q1,2022-03-01,FAC-012,Sao Paulo Operations,Brazil,Latin America,Data Privacy,44.45,79.19,1,0,1,49.3,3.49,0,0.0,76.19,Below Target,Non-Compliant,Significantly Delayed,False
GOV-0000353,2022,3,March,Q1,2022-03-01,FAC-012,Sao Paulo Operations,Brazil,Latin America,Environmental,44.11,84.67,5,4,1,51.2,2.99,0,0.0,76.45,Below Target,Non-Compliant,Significantly Delayed,False
GOV-0000354,2022,3,March,Q1,2022-03-01,FAC-012,Sao Paulo Operations,Brazil,Latin America,Health & Safety,45.58,82.92,1,0,1,48.1,3.43,0,0.0,74.34,Below Target,Non-Compliant,Significantly Delayed,False
GOV-0000355,2022,3,March,Q1,2022-03-01,FAC-012,Sao Paulo Operations,Brazil,Latin America,Human Rights,44.9,79.42,4,3,1,45.0,4.17,0,0.0,76.27,Below Target,Non-Compliant,Slightly Delayed,False
GOV-0000356,2022,3,March,Q1,2022-03-01,FAC-012,Sao Paulo Operations,Brazil,Latin America,Whistleblower,47.21,81.52,0,0,0,48.6,3.51,0,0.0,76.17,Below Target,Non-Compliant,Significantly Delayed,False
GOV-0000357,2022,3,March,Q1,2022-03-01,FAC-012,Sao Paulo Operations,Brazil,Latin America,Code of Conduct,45.32,83.75,5,3,2,55.0,3.14,0,0.0,74.46,Below Target,Non-Compliant,Significantly Delayed,False
GOV-0000358,2022,3,March,Q1,2022-03-01,FAC-012,Sao Paulo Operations,Brazil,Latin America,Conflict of Interest,45.42,80.85,5,3,2,47.9,3.85,0,0.0,75.61,Below Target,Non-Compliant,Significantly Delayed,False
GOV-0000359,2022,3,March,Q1,2022-03-01,FAC-012,Sao Paulo Operations,Brazil,Latin America,Supplier Standards,44.76,82.43,1,0,1,43.4,2.99,0,0.0,77.32,Below Target,Non-Compliant,Slightly Delayed,False
GOV-0000360,2022,3,March,Q1,2022-03-01,FAC-012,Sao Paulo Operations,Brazil,Latin America,Information Security,46.94,84.42,4,3,1,45.9,3.84,0,0.0,77.97,Below Target,Non-Compliant,Significantly Delayed,False
GOV-0000361,2022,4,April,Q2,2022-04-01,FAC-001,Chicago Main Plant,USA,North America,Anti-Corruption,45.48,82.44,5,4,1,49.5,3.24,0,0.0,78.29,Below Target,Non-Compliant,Significantly Delayed,False
GOV-0000362,2022,4,April,Q2,2022-04-01,FAC-001,Chicago Main Plant,USA,North America,Data Privacy,41.82,82.89,1,0,1,48.6,3.17,0,0.0,76.78,Below Target,Non-Compliant,Significantly Delayed,False
GOV-0000363,2022,4,April,Q2,2022-04-01,FAC-001,Chicago Main Plant,USA,North America,Environmental,45.53,79.88,2,1,1,47.9,3.27,0,0.0,75.24,Below Target,Non-Compliant,Significantly Delayed,False
GOV-0000364,2022,4,April,Q2,2022-04-01,FAC-001,Chicago Main Plant,USA,North America,Health & Safety,45.76,84.94,5,3,2,48.3,3.77,0,43313.27,74.88,Below Target,Non-Compliant,Significantly Delayed,True
GOV-0000365,2022,4,April,Q2,2022-04-01,FAC-001,Chicago Main Plant,USA,North America,Human Rights,47.99,81.0,2,1,1,42.4,3.55,0,0.0,73.02,Below Target,Non-Compliant,Slightly Delayed,False
GOV-0000366,2022,4,April,Q2,2022-04-01,FAC-001,Chicago Main Plant,USA,North America,Whistleblower,48.21,79.71,5,4,1,49.0,3.33,0,0.0,74.43,Below Target,Non-Compliant,Significantly Delayed,False
GOV-0000367,2022,4,April,Q2,2022-04-01,FAC-001,Chicago Main Plant,USA,North America,Code of Conduct,46.77,78.84,3,2,1,44.6,3.42,0,0.0,77.29,Below Target,Non-Compliant,Slightly Delayed,False
GOV-0000368,2022,4,April,Q2,2022-04-01,FAC-001,Chicago Main Plant,USA,North America,Conflict of Interest,44.02,80.3,2,1,1,51.1,3.68,0,0.0,75.33,Below Target,Non-Compliant,Significantly Delayed,False
GOV-0000369,2022,4,April,Q2,2022-04-01,FAC-001,Chicago Main Plant,USA,North America,Supplier Standards,43.32,82.42,0,0,0,49.9,3.31,0,0.0,76.53,Below Target,Non-Compliant,Significantly Delayed,False
GOV-0000370,2022,4,April,Q2,2022-04-01,FAC-001,Chicago Main Plant,USA,North America,Information Security,45.79,81.0,1,0,1,47.1,3.14,0,0.0,74.11,Below Target,Non-Compliant,Significantly Delayed,False
GOV-0000371,2022,4,April,Q2,2022-04-01,FAC-002,Detroit Assembly,USA,North America,Anti-Corruption,49.11,82.04,4,2,2,48.6,3.36,0,0.0,76.03,Below Target,Non-Compliant,Significantly Delayed,False
GOV-0000372,2022,4,April,Q2,2022-04-01,FAC-002,Detroit Assembly,USA,North America,Data Privacy,49.23,80.9,1,0,1,48.2,3.68,0,0.0,76.29,Below Target,Non-Compliant,Significantly Delayed,False
GOV-0000373,2022,4,April,Q2,2022-04-01,FAC-002,Detroit Assembly,USA,North America,Environmental,47.37,80.74,3,2,1,44.6,3.57,0,0.0,73.41,Below Target,Non-Compliant,Slightly Delayed,False
GOV-0000374,2022,4,April,Q2,2022-04-01,FAC-002,Detroit Assembly,USA,North America,Health & Safety,47.68,83.22,1,0,1,44.1,3.19,0,0.0,75.33,Below Target,Non-Compliant,Slightly Delayed,False
GOV-0000375,2022,4,April,Q2,2022-04-01,FAC-002,Detroit Assembly,USA,North America,Human Rights,45.83,83.08,3,2,1,46.0,3.48,0,0.0,75.25,Below Target,Non-Compliant,Significantly Delayed,False
GOV-0000376,2022,4,April,Q2,2022-04-01,FAC-002,Detroit Assembly,USA,North America,Whistleblower,42.28,84.0,0,0,0,50.8,3.75,0,68396.16,75.13,Below Target,Non-Compliant,Significantly Delayed,True
GOV-0000377,2022,4,April,Q2,2022-04-01,FAC-002,Detroit Assembly,USA,North America,Code of Conduct,44.87,84.93,3,1,2,45.4,3.44,0,0.0,77.33,Below Target,Non-Compliant,Significantly Delayed,False
GOV-0000378,2022,4,April,Q2,2022-04-01,FAC-002,Detroit Assembly,USA,North America,Conflict of Interest,46.66,81.44,4,3,1,48.5,3.39,0,0.0,78.98,Below Target,Non-Compliant,Significantly Delayed,False
GOV-0000379,2022,4,April,Q2,2022-04-01,FAC-002,Detroit Assembly,USA,North America,Supplier Standards,45.93,81.56,2,1,1,45.5,3.75,0,0.0,75.57,Below Target,Non-Compliant,Significantly Delayed,False
GOV-0000380,2022,4,April,Q2,2022-04-01,FAC-002,Detroit Assembly,USA,North America,Information Security,47.18,82.55,5,3,2,46.9,2.88,0,0.0,76.65,Below Target,Non-Compliant,Significantly Delayed,False
GOV-0000381,2022,4,April,Q2,2022-04-01,FAC-003,Toronto Operations,Canada,North America,Anti-Corruption,46.28,81.78,2,1,1,52.6,3.4,0,0.0,77.04,Below Target,Non-Compliant,Significantly Delayed,False
GOV-0000382,2022,4,April,Q2,2022-04-01,FAC-003,Toronto Operations,Canada,North America,Data Privacy,47.59,82.13,5,3,2,47.7,3.61,0,0.0,76.06,Below Target,Non-Compliant,Significantly Delayed,False
GOV-0000383,2022,4,April,Q2,2022-04-01,FAC-003,Toronto Operations,Canada,North America,Environmental,46.2,84.73,2,1,1,44.6,3.7,0,0.0,72.05,Below Target,Non-Compliant,Slightly Delayed,False
GOV-0000384,2022,4,April,Q2,2022-04-01,FAC-003,Toronto Operations,Canada,North America,Health & Safety,48.18,78.25,0,0,0,44.4,3.74,0,0.0,77.56,Below Target,Non-Compliant,Slightly Delayed,False
GOV-0000385,2022,4,April,Q2,2022-04-01,FAC-003,Toronto Operations,Canada,North America,Human Rights,47.81,83.18,1,0,1,48.8,3.46,0,0.0,75.05,Below Target,Non-Compliant,Significantly Delayed,False
GOV-0000386,2022,4,April,Q2,2022-04-01,FAC-003,Toronto Operations,Canada,North America,Whistleblower,46.89,84.8,2,1,1,47.6,3.8,0,0.0,75.49,Below Target,Non-Compliant,Significantly Delayed,False
GOV-0000387,2022,4,April,Q2,2022-04-01,FAC-003,Toronto Operations,Canada,North America,Code of Conduct,46.28,83.1,3,1,2,46.6,3.82,0,0.0,76.41,Below Target,Non-Compliant,Significantly Delayed,False
GOV-0000388,2022,4,April,Q2,2022-04-01,FAC-003,Toronto Operations,Canada,North America,Conflict of Interest,47.93,82.4,0,0,0,46.4,3.83,0,0.0,76.61,Below Target,Non-Compliant,Significantly Delayed,False
GOV-0000389,2022,4,April,Q2,2022-04-01,FAC-003,Toronto Operations,Canada,North America,Supplier Standards,44.94,81.21,0,0,0,44.8,3.31,0,0.0,77.05,Below Target,Non-Compliant,Slightly Delayed,False
GOV-0000390,2022,4,April,Q2,2022-04-01,FAC-003,Toronto Operations,Canada,North America,Information Security,45.44,78.99,2,1,1,48.0,3.74,0,0.0,76.75,Below Target,Non-Compliant,Significantly Delayed,False
GOV-0000391,2022,4,April,Q2,2022-04-01,FAC-004,Munich Precision Works,Germany,Europe,Anti-Corruption,47.25,80.72,1,0,1,47.4,3.5,0,0.0,72.39,Below Target,Non-Compliant,Significantly Delayed,False
GOV-0000392,2022,4,April,Q2,2022-04-01,FAC-004,Munich Precision Works,Germany,Europe,Data Privacy,45.69,81.83,0,0,0,42.4,3.78,0,0.0,76.32,Below Target,Non-Compliant,Slightly Delayed,False
GOV-0000393,2022,4,April,Q2,2022-04-01,FAC-004,Munich Precision Works,Germany,Europe,Environmental,45.86,82.1,0,0,0,45.3,3.39,0,0.0,77.13,Below Target,Non-Compliant,Significantly Delayed,False
GOV-0000394,2022,4,April,Q2,2022-04-01,FAC-004,Munich Precision Works,Germany,Europe,Health & Safety,45.83,81.58,3,1,2,49.1,3.52,0,0.0,75.47,Below Target,Non-Compliant,Significantly Delayed,False
GOV-0000395,2022,4,April,Q2,2022-04-01,FAC-004,Munich Precision Works,Germany,Europe,Human Rights,45.1,81.42,0,0,0,47.9,3.78,0,0.0,73.39,Below Target,Non-Compliant,Significantly Delayed,False
GOV-0000396,2022,4,April,Q2,2022-04-01,FAC-004,Munich Precision Works,Germany,Europe,Whistleblower,45.37,83.25,2,1,1,53.0,3.46,0,0.0,74.64,Below Target,Non-Compliant,Significantly Delayed,False
GOV-0000397,2022,4,April,Q2,2022-04-01,FAC-004,Munich Precision Works,Germany,Europe,Code of Conduct,44.38,83.65,4,3,1,50.4,3.22,0,0.0,75.59,Below Target,Non-Compliant,Significantly Delayed,False
GOV-0000398,2022,4,April,Q2,2022-04-01,FAC-004,Munich Precision Works,Germany,Europe,Conflict of Interest,45.97,83.03,3,2,1,49.8,3.57,0,0.0,76.03,Below Target,Non-Compliant,Significantly Delayed,False
GOV-0000399,2022,4,April,Q2,2022-04-01,FAC-004,Munich Precision Works,Germany,Europe,Supplier Standards,44.73,81.18,1,0,1,48.4,3.72,0,0.0,75.26,Below Target,Non-Compliant,Significantly Delayed,False
GOV-0000400,2022,4,April,Q2,2022-04-01,FAC-004,Munich Precision Works,Germany,Europe,Information Security,45.27,81.32,5,4,1,42.5,3.52,0,0.0,73.58,Below Target,Non-Compliant,Slightly Delayed,False
GOV-0000401,2022,4,April,Q2,2022-04-01,FAC-005,Stuttgart Engineering,Germany,Europe,Anti-Corruption,46.12,83.69,1,0,1,44.8,3.68,0,0.0,73.31,Below Target,Non-Compliant,Slightly Delayed,False
GOV-0000402,2022,4,April,Q2,2022-04-01,FAC-005,Stuttgart Engineering,Germany,Europe,Data Privacy,46.88,80.24,5,4,1,48.7,2.99,0,0.0,76.27,Below Target,Non-Compliant,Significantly Delayed,False
GOV-0000403,2022,4,April,Q2,2022-04-01,FAC-005,Stuttgart Engineering,Germany,Europe,Environmental,45.91,80.87,2,1,1,48.3,3.67,0,0.0,74.96,Below Target,Non-Compliant,Significantly Delayed,False
GOV-0000404,2022,4,April,Q2,2022-04-01,FAC-005,Stuttgart Engineering,Germany,Europe,Health & Safety,45.38,84.61,3,1,2,50.3,3.34,0,0.0,77.13,Below Target,Non-Compliant,Significantly Delayed,False
GOV-0000405,2022,4,April,Q2,2022-04-01,FAC-005,Stuttgart Engineering,Germany,Europe,Human Rights,46.47,82.06,2,1,1,50.7,3.02,0,0.0,75.42,Below Target,Non-Compliant,Significantly Delayed,False
GOV-0000406,2022,4,April,Q2,2022-04-01,FAC-005,Stuttgart Engineering,Germany,Europe,Whistleblower,47.45,82.08,1,0,1,42.6,3.42,0,0.0,73.99,Below Target,Non-Compliant,Slightly Delayed,False
GOV-0000407,2022,4,April,Q2,2022-04-01,FAC-005,Stuttgart Engineering,Germany,Europe,Code of Conduct,46.48,81.04,1,0,1,46.7,3.69,0,0.0,73.56,Below Target,Non-Compliant,Significantly Delayed,False
GOV-0000408,2022,4,April,Q2,2022-04-01,FAC-005,Stuttgart Engineering,Germany,Europe,Conflict of Interest,46.38,82.78,2,1,1,44.5,3.19,1,0.0,77.43,Below Target,Non-Compliant,Slightly Delayed,False
GOV-0000409,2022,4,April,Q2,2022-04-01,FAC-005,Stuttgart Engineering,Germany,Europe,Supplier Standards,47.0,83.03,0,0,0,49.8,3.43,0,0.0,76.34,Below Target,Non-Compliant,Significantly Delayed,False
GOV-0000410,2022,4,April,Q2,2022-04-01,FAC-005,Stuttgart Engineering,Germany,Europe,Information Security,48.73,81.57,5,3,2,53.7,3.35,0,0.0,79.4,Below Target,Non-Compliant,Significantly Delayed,False
GOV-0000411,2022,4,April,Q2,2022-04-01,FAC-006,Rotterdam Hub,Netherlands,Europe,Anti-Corruption,43.99,83.6,1,0,1,53.7,3.26,0,0.0,77.95,Below Target,Non-Compliant,Significantly Delayed,False
GOV-0000412,2022,4,April,Q2,2022-04-01,FAC-006,Rotterdam Hub,Netherlands,Europe,Data Privacy,47.13,79.51,5,4,1,47.2,3.67,0,0.0,76.89,Below Target,Non-Compliant,Significantly Delayed,False
GOV-0000413,2022,4,April,Q2,2022-04-01,FAC-006,Rotterdam Hub,Netherlands,Europe,Environmental,45.14,83.37,2,1,1,43.9,3.69,0,0.0,76.11,Below Target,Non-Compliant,Slightly Delayed,False
GOV-0000414,2022,4,April,Q2,2022-04-01,FAC-006,Rotterdam Hub,Netherlands,Europe,Health & Safety,45.15,80.66,3,2,1,50.7,3.47,0,0.0,75.98,Below Target,Non-Compliant,Significantly Delayed,False
GOV-0000415,2022,4,April,Q2,2022-04-01,FAC-006,Rotterdam Hub,Netherlands,Europe,Human Rights,46.64,81.9,1,0,1,50.0,3.25,0,0.0,75.59,Below Target,Non-Compliant,Significantly Delayed,False
GOV-0000416,2022,4,April,Q2,2022-04-01,FAC-006,Rotterdam Hub,Netherlands,Europe,Whistleblower,46.89,81.44,4,3,1,43.1,3.92,0,0.0,78.2,Below Target,Non-Compliant,Slightly Delayed,False
GOV-0000417,2022,4,April,Q2,2022-04-01,FAC-006,Rotterdam Hub,Netherlands,Europe,Code of Conduct,45.7,83.17,4,3,1,42.6,3.77,0,0.0,78.09,Below Target,Non-Compliant,Slightly Delayed,False
GOV-0000418,2022,4,April,Q2,2022-04-01,FAC-006,Rotterdam Hub,Netherlands,Europe,Conflict of Interest,45.54,82.55,0,0,0,46.7,3.54,0,0.0,72.55,Below Target,Non-Compliant,Significantly Delayed,False
GOV-0000419,2022,4,April,Q2,2022-04-01,FAC-006,Rotterdam Hub,Netherlands,Europe,Supplier Standards,42.88,80.78,0,0,0,41.6,3.14,0,86450.34,76.29,Below Target,Non-Compliant,Slightly Delayed,True
GOV-0000420,2022,4,April,Q2,2022-04-01,FAC-006,Rotterdam Hub,Netherlands,Europe,Information Security,46.14,80.6,4,3,1,47.8,3.22,0,0.0,73.8,Below Target,Non-Compliant,Significantly Delayed,False
GOV-0000421,2022,4,April,Q2,2022-04-01,FAC-007,Lyon Components,France,Europe,Anti-Corruption,47.74,80.33,3,1,2,47.9,2.92,0,0.0,77.78,Below Target,Non-Compliant,Significantly Delayed,False
GOV-0000422,2022,4,April,Q2,2022-04-01,FAC-007,Lyon Components,France,Europe,Data Privacy,45.68,83.35,3,2,1,44.6,3.51,0,0.0,75.9,Below Target,Non-Compliant,Slightly Delayed,False
GOV-0000423,2022,4,April,Q2,2022-04-01,FAC-007,Lyon Components,France,Europe,Environmental,44.44,81.61,4,3,1,50.5,3.63,0,0.0,75.86,Below Target,Non-Compliant,Significantly Delayed,False
GOV-0000424,2022,4,April,Q2,2022-04-01,FAC-007,Lyon Components,France,Europe,Health & Safety,41.89,80.51,3,2,1,46.2,3.74,0,0.0,74.97,Below Target,Non-Compliant,Significantly Delayed,False
GOV-0000425,2022,4,April,Q2,2022-04-01,FAC-007,Lyon Components,France,Europe,Human Rights,47.77,80.94,1,0,1,44.6,3.35,0,0.0,76.13,Below Target,Non-Compliant,Slightly Delayed,False
GOV-0000426,2022,4,April,Q2,2022-04-01,FAC-007,Lyon Components,France,Europe,Whistleblower,44.67,78.83,3,1,2,54.2,3.12,0,0.0,76.66,Below Target,Non-Compliant,Significantly Delayed,False
GOV-0000427,2022,4,April,Q2,2022-04-01,FAC-007,Lyon Components,France,Europe,Code of Conduct,48.06,81.34,2,1,1,48.7,3.3,0,0.0,75.25,Below Target,Non-Compliant,Significantly Delayed,False
GOV-0000428,2022,4,April,Q2,2022-04-01,FAC-007,Lyon Components,France,Europe,Conflict of Interest,46.53,81.44,0,0,0,44.4,3.24,0,0.0,76.69,Below Target,Non-Compliant,Slightly Delayed,False
GOV-0000429,2022,4,April,Q2,2022-04-01,FAC-007,Lyon Components,France,Europe,Supplier Standards,44.65,82.38,2,1,1,46.0,3.32,0,0.0,77.06,Below Target,Non-Compliant,Significantly Delayed,False
GOV-0000430,2022,4,April,Q2,2022-04-01,FAC-007,Lyon Components,France,Europe,Information Security,44.48,84.08,2,1,1,46.1,3.43,0,0.0,75.45,Below Target,Non-Compliant,Significantly Delayed,False
GOV-0000431,2022,4,April,Q2,2022-04-01,FAC-008,Shanghai Manufacturing,China,Asia Pacific,Anti-Corruption,46.18,81.7,0,0,0,47.1,3.62,0,0.0,76.15,Below Target,Non-Compliant,Significantly Delayed,False
GOV-0000432,2022,4,April,Q2,2022-04-01,FAC-008,Shanghai Manufacturing,China,Asia Pacific,Data Privacy,45.04,83.48,1,0,1,51.3,3.43,0,0.0,76.26,Below Target,Non-Compliant,Significantly Delayed,False
GOV-0000433,2022,4,April,Q2,2022-04-01,FAC-008,Shanghai Manufacturing,China,Asia Pacific,Environmental,48.79,83.71,0,0,0,46.8,3.35,0,0.0,74.74,Below Target,Non-Compliant,Significantly Delayed,False
GOV-0000434,2022,4,April,Q2,2022-04-01,FAC-008,Shanghai Manufacturing,China,Asia Pacific,Health & Safety,44.93,79.65,0,0,0,48.6,3.47,0,0.0,75.33,Below Target,Non-Compliant,Significantly Delayed,False
GOV-0000435,2022,4,April,Q2,2022-04-01,FAC-008,Shanghai Manufacturing,China,Asia Pacific,Human Rights,45.82,81.98,4,2,2,49.8,3.44,0,0.0,74.73,Below Target,Non-Compliant,Significantly Delayed,False
GOV-0000436,2022,4,April,Q2,2022-04-01,FAC-008,Shanghai Manufacturing,China,Asia Pacific,Whistleblower,43.6,84.59,1,0,1,49.3,3.31,0,0.0,77.49,Below Target,Non-Compliant,Significantly Delayed,False
GOV-0000437,2022,4,April,Q2,2022-04-01,FAC-008,Shanghai Manufacturing,China,Asia Pacific,Code of Conduct,45.95,81.0,2,1,1,47.6,3.38,0,102554.56,76.71,Below Target,Non-Compliant,Significantly Delayed,True
GOV-0000438,2022,4,April,Q2,2022-04-01,FAC-008,Shanghai Manufacturing,China,Asia Pacific,Conflict of Interest,44.7,81.54,4,3,1,48.2,3.06,0,136296.94,74.63,Below Target,Non-Compliant,Significantly Delayed,True
GOV-0000439,2022,4,April,Q2,2022-04-01,FAC-008,Shanghai Manufacturing,China,Asia Pacific,Supplier Standards,46.95,80.89,5,3,2,48.0,3.6,0,0.0,76.81,Below Target,Non-Compliant,Significantly Delayed,False
GOV-0000440,2022,4,April,Q2,2022-04-01,FAC-008,Shanghai Manufacturing,China,Asia Pacific,Information Security,46.02,80.48,3,2,1,46.3,3.88,0,0.0,80.52,Below Target,Non-Compliant,Significantly Delayed,False
GOV-0000441,2022,4,April,Q2,2022-04-01,FAC-009,Bangalore Tech Centre,India,Asia Pacific,Anti-Corruption,44.22,81.07,5,4,1,44.6,3.31,0,0.0,77.79,Below Target,Non-Compliant,Slightly Delayed,False
GOV-0000442,2022,4,April,Q2,2022-04-01,FAC-009,Bangalore Tech Centre,India,Asia Pacific,Data Privacy,43.42,83.1,5,4,1,41.8,3.69,0,0.0,79.11,Below Target,Non-Compliant,Slightly Delayed,False
GOV-0000443,2022,4,April,Q2,2022-04-01,FAC-009,Bangalore Tech Centre,India,Asia Pacific,Environmental,44.83,83.53,1,0,1,45.4,3.56,0,0.0,77.19,Below Target,Non-Compliant,Significantly Delayed,False
GOV-0000444,2022,4,April,Q2,2022-04-01,FAC-009,Bangalore Tech Centre,India,Asia Pacific,Health & Safety,46.33,82.75,1,0,1,42.4,3.58,0,0.0,76.99,Below Target,Non-Compliant,Slightly Delayed,False
GOV-0000445,2022,4,April,Q2,2022-04-01,FAC-009,Bangalore Tech Centre,India,Asia Pacific,Human Rights,46.5,81.75,4,3,1,54.2,3.27,0,0.0,75.86,Below Target,Non-Compliant,Significantly Delayed,False
GOV-0000446,2022,4,April,Q2,2022-04-01,FAC-009,Bangalore Tech Centre,India,Asia Pacific,Whistleblower,43.89,81.61,4,3,1,42.9,3.78,1,0.0,75.36,Below Target,Non-Compliant,Slightly Delayed,False
GOV-0000447,2022,4,April,Q2,2022-04-01,FAC-009,Bangalore Tech Centre,India,Asia Pacific,Code of Conduct,47.49,84.98,2,1,1,47.2,3.72,0,108733.7,76.89,Below Target,Non-Compliant,Significantly Delayed,True
GOV-0000448,2022,4,April,Q2,2022-04-01,FAC-009,Bangalore Tech Centre,India,Asia Pacific,Conflict of Interest,44.72,81.33,3,2,1,52.2,3.57,0,0.0,78.39,Below Target,Non-Compliant,Significantly Delayed,False
GOV-0000449,2022,4,April,Q2,2022-04-01,FAC-009,Bangalore Tech Centre,India,Asia Pacific,Supplier Standards,45.21,83.33,4,2,2,47.2,3.74,0,0.0,78.5,Below Target,Non-Compliant,Significantly Delayed,False
GOV-0000450,2022,4,April,Q2,2022-04-01,FAC-009,Bangalore Tech Centre,India,Asia Pacific,Information Security,47.18,80.79,4,3,1,49.1,3.51,0,0.0,76.27,Below Target,Non-Compliant,Significantly Delayed,False
GOV-0000451,2022,4,April,Q2,2022-04-01,FAC-010,Singapore Distribution,Singapore,Asia Pacific,Anti-Corruption,46.68,83.38,3,2,1,46.1,3.45,0,0.0,76.2,Below Target,Non-Compliant,Significantly Delayed,False
GOV-0000452,2022,4,April,Q2,2022-04-01,FAC-010,Singapore Distribution,Singapore,Asia Pacific,Data Privacy,45.31,84.17,2,1,1,51.4,3.53,0,0.0,78.13,Below Target,Non-Compliant,Significantly Delayed,False
GOV-0000453,2022,4,April,Q2,2022-04-01,FAC-010,Singapore Distribution,Singapore,Asia Pacific,Environmental,48.0,80.99,3,2,1,46.9,3.5,0,0.0,74.12,Below Target,Non-Compliant,Significantly Delayed,False
GOV-0000454,2022,4,April,Q2,2022-04-01,FAC-010,Singapore Distribution,Singapore,Asia Pacific,Health & Safety,47.43,82.95,1,0,1,48.7,3.61,0,0.0,77.11,Below Target,Non-Compliant,Significantly Delayed,False
GOV-0000455,2022,4,April,Q2,2022-04-01,FAC-010,Singapore Distribution,Singapore,Asia Pacific,Human Rights,49.26,81.22,0,0,0,50.9,3.33,0,0.0,75.01,Below Target,Non-Compliant,Significantly Delayed,False
GOV-0000456,2022,4,April,Q2,2022-04-01,FAC-010,Singapore Distribution,Singapore,Asia Pacific,Whistleblower,44.83,83.46,3,1,2,48.3,3.31,0,0.0,80.43,Below Target,Non-Compliant,Significantly Delayed,False
GOV-0000457,2022,4,April,Q2,2022-04-01,FAC-010,Singapore Distribution,Singapore,Asia Pacific,Code of Conduct,46.88,79.75,0,0,0,44.9,3.31,0,0.0,76.26,Below Target,Non-Compliant,Slightly Delayed,False
GOV-0000458,2022,4,April,Q2,2022-04-01,FAC-010,Singapore Distribution,Singapore,Asia Pacific,Conflict of Interest,45.59,80.07,2,1,1,47.4,3.36,0,0.0,76.35,Below Target,Non-Compliant,Significantly Delayed,False
GOV-0000459,2022,4,April,Q2,2022-04-01,FAC-010,Singapore Distribution,Singapore,Asia Pacific,Supplier Standards,44.63,81.11,3,2,1,49.9,3.6,0,0.0,77.04,Below Target,Non-Compliant,Significantly Delayed,False
GOV-0000460,2022,4,April,Q2,2022-04-01,FAC-010,Singapore Distribution,Singapore,Asia Pacific,Information Security,43.75,83.03,0,0,0,51.8,3.25,0,0.0,73.67,Below Target,Non-Compliant,Significantly Delayed,False
GOV-0000461,2022,4,April,Q2,2022-04-01,FAC-011,Monterrey Plant,Mexico,Latin America,Anti-Corruption,45.35,82.64,0,0,0,45.1,3.64,0,0.0,77.28,Below Target,Non-Compliant,Significantly Delayed,False
GOV-0000462,2022,4,April,Q2,2022-04-01,FAC-011,Monterrey Plant,Mexico,Latin America,Data Privacy,45.21,78.52,5,4,1,48.2,3.55,0,0.0,76.13,Below Target,Non-Compliant,Significantly Delayed,False
GOV-0000463,2022,4,April,Q2,2022-04-01,FAC-011,Monterrey Plant,Mexico,Latin America,Environmental,46.54,81.71,5,3,2,53.0,3.39,0,0.0,75.52,Below Target,Non-Compliant,Significantly Delayed,False
GOV-0000464,2022,4,April,Q2,2022-04-01,FAC-011,Monterrey Plant,Mexico,Latin America,Health & Safety,45.27,79.26,5,3,2,42.8,3.57,0,0.0,77.7,Below Target,Non-Compliant,Slightly Delayed,False
GOV-0000465,2022,4,April,Q2,2022-04-01,FAC-011,Monterrey Plant,Mexico,Latin America,Human Rights,48.54,80.43,2,1,1,49.6,3.76,0,0.0,77.02,Below Target,Non-Compliant,Significantly Delayed,False
GOV-0000466,2022,4,April,Q2,2022-04-01,FAC-011,Monterrey Plant,Mexico,Latin America,Whistleblower,47.26,79.92,0,0,0,46.2,3.62,0,0.0,76.89,Below Target,Non-Compliant,Significantly Delayed,False
GOV-0000467,2022,4,April,Q2,2022-04-01,FAC-011,Monterrey Plant,Mexico,Latin America,Code of Conduct,45.28,83.29,5,4,1,46.9,4.32,0,0.0,76.37,Below Target,Non-Compliant,Significantly Delayed,False
GOV-0000468,2022,4,April,Q2,2022-04-01,FAC-011,Monterrey Plant,Mexico,Latin America,Conflict of Interest,46.42,83.96,2,1,1,47.9,3.43,0,0.0,76.18,Below Target,Non-Compliant,Significantly Delayed,False
GOV-0000469,2022,4,April,Q2,2022-04-01,FAC-011,Monterrey Plant,Mexico,Latin America,Supplier Standards,51.02,79.9,4,2,2,50.7,3.54,0,0.0,73.24,Below Target,Non-Compliant,Significantly Delayed,False
GOV-0000470,2022,4,April,Q2,2022-04-01,FAC-011,Monterrey Plant,Mexico,Latin America,Information Security,44.03,80.79,5,4,1,52.7,3.58,0,0.0,77.8,Below Target,Non-Compliant,Significantly Delayed,False
GOV-0000471,2022,4,April,Q2,2022-04-01,FAC-012,Sao Paulo Operations,Brazil,Latin America,Anti-Corruption,45.2,82.76,3,2,1,42.5,3.7,0,0.0,74.57,Below Target,Non-Compliant,Slightly Delayed,False
GOV-0000472,2022,4,April,Q2,2022-04-01,FAC-012,Sao Paulo Operations,Brazil,Latin America,Data Privacy,47.06,82.61,2,1,1,45.2,3.53,0,0.0,76.54,Below Target,Non-Compliant,Significantly Delayed,False
GOV-0000473,2022,4,April,Q2,2022-04-01,FAC-012,Sao Paulo Operations,Brazil,Latin America,Environmental,42.56,80.95,5,4,1,45.2,3.36,0,0.0,75.36,Below Target,Non-Compliant,Significantly Delayed,False
GOV-0000474,2022,4,April,Q2,2022-04-01,FAC-012,Sao Paulo Operations,Brazil,Latin America,Health & Safety,48.47,82.71,4,2,2,42.4,3.35,0,0.0,75.34,Below Target,Non-Compliant,Slightly Delayed,False
GOV-0000475,2022,4,April,Q2,2022-04-01,FAC-012,Sao Paulo Operations,Brazil,Latin America,Human Rights,46.84,82.77,2,1,1,47.0,3.35,0,0.0,74.94,Below Target,Non-Compliant,Significantly Delayed,False
GOV-0000476,2022,4,April,Q2,2022-04-01,FAC-012,Sao Paulo Operations,Brazil,Latin America,Whistleblower,46.36,81.51,5,3,2,46.2,3.74,0,0.0,72.48,Below Target,Non-Compliant,Significantly Delayed,False
GOV-0000477,2022,4,April,Q2,2022-04-01,FAC-012,Sao Paulo Operations,Brazil,Latin America,Code of Conduct,48.16,83.67,3,2,1,48.9,3.56,0,0.0,76.92,Below Target,Non-Compliant,Significantly Delayed,False
GOV-0000478,2022,4,April,Q2,2022-04-01,FAC-012,Sao Paulo Operations,Brazil,Latin America,Conflict of Interest,44.28,80.18,1,0,1,51.8,3.46,0,0.0,78.91,Below Target,Non-Compliant,Significantly Delayed,False
GOV-0000479,2022,4,April,Q2,2022-04-01,FAC-012,Sao Paulo Operations,Brazil,Latin America,Supplier Standards,45.74,82.97,2,1,1,46.2,3.62,0,80751.73,77.68,Below Target,Non-Compliant,Significantly Delayed,True
GOV-0000480,2022,4,April,Q2,2022-04-01,FAC-012,Sao Paulo Operations,Brazil,Latin America,Information Security,45.79,80.35,1,0,1,50.4,3.28,0,0.0,77.15,Below Target,Non-Compliant,Significantly Delayed,False
GOV-0000481,2022,5,May,Q2,2022-05-01,FAC-001,Chicago Main Plant,USA,North America,Anti-Corruption,46.14,80.95,0,0,0,44.7,3.54,0,0.0,75.76,Below Target,Non-Compliant,Slightly Delayed,False
GOV-0000482,2022,5,May,Q2,2022-05-01,FAC-001,Chicago Main Plant,USA,North America,Data Privacy,47.28,80.1,0,0,0,53.0,3.62,0,33638.86,74.58,Below Target,Non-Compliant,Significantly Delayed,True
GOV-0000483,2022,5,May,Q2,2022-05-01,FAC-001,Chicago Main Plant,USA,North America,Environmental,45.46,81.25,4,3,1,43.7,3.24,0,0.0,74.97,Below Target,Non-Compliant,Slightly Delayed,False
GOV-0000484,2022,5,May,Q2,2022-05-01,FAC-001,Chicago Main Plant,USA,North America,Health & Safety,45.98,85.62,3,2,1,55.9,3.41,0,0.0,77.39,Below Target,Near Compliant,Significantly Delayed,False
GOV-0000485,2022,5,May,Q2,2022-05-01,FAC-001,Chicago Main Plant,USA,North America,Human Rights,46.44,81.62,0,0,0,51.7,3.78,0,0.0,78.08,Below Target,Non-Compliant,Significantly Delayed,False
GOV-0000486,2022,5,May,Q2,2022-05-01,FAC-001,Chicago Main Plant,USA,North America,Whistleblower,46.51,81.01,5,4,1,47.1,3.85,0,0.0,78.6,Below Target,Non-Compliant,Significantly Delayed,False
GOV-0000487,2022,5,May,Q2,2022-05-01,FAC-001,Chicago Main Plant,USA,North America,Code of Conduct,46.98,82.02,0,0,0,47.5,3.56,0,138463.37,76.77,Below Target,Non-Compliant,Significantly Delayed,True
GOV-0000488,2022,5,May,Q2,2022-05-01,FAC-001,Chicago Main Plant,USA,North America,Conflict of Interest,46.32,82.24,1,0,1,41.0,3.5,0,0.0,75.95,Below Target,Non-Compliant,Slightly Delayed,False
GOV-0000489,2022,5,May,Q2,2022-05-01,FAC-001,Chicago Main Plant,USA,North America,Supplier Standards,46.93,82.73,3,2,1,44.0,3.38,0,0.0,73.54,Below Target,Non-Compliant,Slightly Delayed,False
GOV-0000490,2022,5,May,Q2,2022-05-01,FAC-001,Chicago Main Plant,USA,North America,Information Security,43.4,83.05,1,0,1,49.6,3.21,0,0.0,74.14,Below Target,Non-Compliant,Significantly Delayed,False
GOV-0000491,2022,5,May,Q2,2022-05-01,FAC-002,Detroit Assembly,USA,North America,Anti-Corruption,46.94,79.62,5,4,1,46.2,3.63,0,0.0,75.25,Below Target,Non-Compliant,Significantly Delayed,False
GOV-0000492,2022,5,May,Q2,2022-05-01,FAC-002,Detroit Assembly,USA,North America,Data Privacy,46.85,79.42,2,1,1,48.8,3.37,0,0.0,74.43,Below Target,Non-Compliant,Significantly Delayed,False
GOV-0000493,2022,5,May,Q2,2022-05-01,FAC-002,Detroit Assembly,USA,North America,Environmental,42.87,82.02,4,2,2,45.2,3.24,0,0.0,74.78,Below Target,Non-Compliant,Significantly Delayed,False
GOV-0000494,2022,5,May,Q2,2022-05-01,FAC-002,Detroit Assembly,USA,North America,Health & Safety,45.02,83.78,0,0,0,45.5,3.54,0,0.0,76.32,Below Target,Non-Compliant,Significantly Delayed,False
GOV-0000495,2022,5,May,Q2,2022-05-01,FAC-002,Detroit Assembly,USA,North America,Human Rights,48.09,79.89,2,1,1,47.1,3.57,0,0.0,76.96,Below Target,Non-Compliant,Significantly Delayed,False
GOV-0000496,2022,5,May,Q2,2022-05-01,FAC-002,Detroit Assembly,USA,North America,Whistleblower,47.64,82.9,4,2,2,45.0,3.35,0,0.0,75.19,Below Target,Non-Compliant,Slightly Delayed,False
GOV-0000497,2022,5,May,Q2,2022-05-01,FAC-002,Detroit Assembly,USA,North America,Code of Conduct,48.31,81.39,0,0,0,51.9,3.2,0,0.0,76.65,Below Target,Non-Compliant,Significantly Delayed,False
GOV-0000498,2022,5,May,Q2,2022-05-01,FAC-002,Detroit Assembly,USA,North America,Conflict of Interest,44.69,78.4,1,0,1,50.5,3.59,0,0.0,76.95,Below Target,Non-Compliant,Significantly Delayed,False
GOV-0000499,2022,5,May,Q2,2022-05-01,FAC-002,Detroit Assembly,USA,North America,Supplier Standards,44.91,80.14,5,3,2,50.8,3.1,0,0.0,76.32,Below Target,Non-Compliant,Significantly Delayed,False
GOV-0000500,2022,5,May,Q2,2022-05-01,FAC-002,Detroit Assembly,USA,North America,Information Security,44.01,82.51,0,0,0,50.9,3.05,0,0.0,75.21,Below Target,Non-Compliant,Significantly Delayed,False
GOV-0000501,2022,5,May,Q2,2022-05-01,FAC-003,Toronto Operations,Canada,North America,Anti-Corruption,44.66,81.53,5,4,1,44.8,3.42,0,0.0,72.91,Below Target,Non-Compliant,Slightly Delayed,False
GOV-0000502,2022,5,May,Q2,2022-05-01,FAC-003,Toronto Operations,Canada,North America,Data Privacy,47.8,80.8,5,4,1,49.7,3.22,0,0.0,75.92,Below Target,Non-Compliant,Significantly Delayed,False
GOV-0000503,2022,5,May,Q2,2022-05-01,FAC-003,Toronto Operations,Canada,North America,Environmental,46.55,84.44,5,3,2,50.1,3.25,0,0.0,78.08,Below Target,Non-Compliant,Significantly Delayed,False
GOV-0000504,2022,5,May,Q2,2022-05-01,FAC-003,Toronto Operations,Canada,North America,Health & Safety,46.9,81.07,2,1,1,46.0,3.44,0,0.0,76.56,Below Target,Non-Compliant,Significantly Delayed,False
GOV-0000505,2022,5,May,Q2,2022-05-01,FAC-003,Toronto Operations,Canada,North America,Human Rights,45.25,83.14,4,2,2,49.9,3.86,0,0.0,81.39,Below Target,Non-Compliant,Significantly Delayed,False
GOV-0000506,2022,5,May,Q2,2022-05-01,FAC-003,Toronto Operations,Canada,North America,Whistleblower,46.78,82.2,3,2,1,51.8,3.46,0,0.0,76.32,Below Target,Non-Compliant,Significantly Delayed,False
GOV-0000507,2022,5,May,Q2,2022-05-01,FAC-003,Toronto Operations,Canada,North America,Code of Conduct,44.93,81.13,3,2,1,45.8,3.56,0,0.0,77.19,Below Target,Non-Compliant,Significantly Delayed,False
GOV-0000508,2022,5,May,Q2,2022-05-01,FAC-003,Toronto Operations,Canada,North America,Conflict of Interest,47.13,82.15,3,2,1,47.8,3.26,0,0.0,74.63,Below Target,Non-Compliant,Significantly Delayed,False
GOV-0000509,2022,5,May,Q2,2022-05-01,FAC-003,Toronto Operations,Canada,North America,Supplier Standards,47.74,81.84,1,0,1,45.6,3.26,0,0.0,75.11,Below Target,Non-Compliant,Significantly Delayed,False
GOV-0000510,2022,5,May,Q2,2022-05-01,FAC-003,Toronto Operations,Canada,North America,Information Security,45.32,81.32,5,4,1,49.2,3.23,0,0.0,76.93,Below Target,Non-Compliant,Significantly Delayed,False
GOV-0000511,2022,5,May,Q2,2022-05-01,FAC-004,Munich Precision Works,Germany,Europe,Anti-Corruption,46.72,82.04,2,1,1,46.5,3.77,0,0.0,76.6,Below Target,Non-Compliant,Significantly Delayed,False
GOV-0000512,2022,5,May,Q2,2022-05-01,FAC-004,Munich Precision Works,Germany,Europe,Data Privacy,43.79,81.57,4,3,1,49.3,3.5,0,0.0,76.03,Below Target,Non-Compliant,Significantly Delayed,False
GOV-0000513,2022,5,May,Q2,2022-05-01,FAC-004,Munich Precision Works,Germany,Europe,Environmental,45.28,81.05,1,0,1,53.0,3.61,0,0.0,75.85,Below Target,Non-Compliant,Significantly Delayed,False
GOV-0000514,2022,5,May,Q2,2022-05-01,FAC-004,Munich Precision Works,Germany,Europe,Health & Safety,45.16,80.15,1,0,1,44.1,3.56,0,0.0,73.32,Below Target,Non-Compliant,Slightly Delayed,False
GOV-0000515,2022,5,May,Q2,2022-05-01,FAC-004,Munich Precision Works,Germany,Europe,Human Rights,45.79,80.05,3,2,1,46.2,3.51,0,0.0,75.59,Below Target,Non-Compliant,Significantly Delayed,False
GOV-0000516,2022,5,May,Q2,2022-05-01,FAC-004,Munich Precision Works,Germany,Europe,Whistleblower,46.46,81.17,4,3,1,44.4,3.54,0,0.0,78.02,Below Target,Non-Compliant,Slightly Delayed,False
GOV-0000517,2022,5,May,Q2,2022-05-01,FAC-004,Munich Precision Works,Germany,Europe,Code of Conduct,44.35,82.14,4,3,1,47.5,3.48,0,0.0,74.99,Below Target,Non-Compliant,Significantly Delayed,False
GOV-0000518,2022,5,May,Q2,2022-05-01,FAC-004,Munich Precision Works,Germany,Europe,Conflict of Interest,46.58,81.49,2,1,1,48.6,3.43,0,0.0,76.76,Below Target,Non-Compliant,Significantly Delayed,False
GOV-0000519,2022,5,May,Q2,2022-05-01,FAC-004,Munich Precision Works,Germany,Europe,Supplier Standards,44.39,80.42,4,3,1,54.9,3.33,0,0.0,71.43,Below Target,Non-Compliant,Significantly Delayed,False
GOV-0000520,2022,5,May,Q2,2022-05-01,FAC-004,Munich Precision Works,Germany,Europe,Information Security,45.67,79.46,1,0,1,47.1,3.48,0,0.0,76.64,Below Target,Non-Compliant,Significantly Delayed,False
GOV-0000521,2022,5,May,Q2,2022-05-01,FAC-005,Stuttgart Engineering,Germany,Europe,Anti-Corruption,45.25,82.95,2,1,1,48.7,3.28,0,0.0,75.79,Below Target,Non-Compliant,Significantly Delayed,False
GOV-0000522,2022,5,May,Q2,2022-05-01,FAC-005,Stuttgart Engineering,Germany,Europe,Data Privacy,46.13,80.72,3,1,2,52.0,3.4,0,0.0,74.13,Below Target,Non-Compliant,Significantly Delayed,False
GOV-0000523,2022,5,May,Q2,2022-05-01,FAC-005,Stuttgart Engineering,Germany,Europe,Environmental,46.44,82.68,1,0,1,48.7,3.41,0,0.0,73.4,Below Target,Non-Compliant,Significantly Delayed,False
GOV-0000524,2022,5,May,Q2,2022-05-01,FAC-005,Stuttgart Engineering,Germany,Europe,Health & Safety,45.01,82.84,4,3,1,49.4,3.67,0,0.0,76.97,Below Target,Non-Compliant,Significantly Delayed,False
GOV-0000525,2022,5,May,Q2,2022-05-01,FAC-005,Stuttgart Engineering,Germany,Europe,Human Rights,46.05,83.94,0,0,0,49.6,3.7,0,0.0,76.4,Below Target,Non-Compliant,Significantly Delayed,False
GOV-0000526,2022,5,May,Q2,2022-05-01,FAC-005,Stuttgart Engineering,Germany,Europe,Whistleblower,46.86,83.04,1,0,1,43.6,3.48,0,0.0,77.08,Below Target,Non-Compliant,Slightly Delayed,False
GOV-0000527,2022,5,May,Q2,2022-05-01,FAC-005,Stuttgart Engineering,Germany,Europe,Code of Conduct,45.82,82.21,1,0,1,48.5,3.21,0,0.0,76.29,Below Target,Non-Compliant,Significantly Delayed,False
GOV-0000528,2022,5,May,Q2,2022-05-01,FAC-005,Stuttgart Engineering,Germany,Europe,Conflict of Interest,46.94,82.57,0,0,0,47.7,3.44,0,0.0,74.65,Below Target,Non-Compliant,Significantly Delayed,False
GOV-0000529,2022,5,May,Q2,2022-05-01,FAC-005,Stuttgart Engineering,Germany,Europe,Supplier Standards,45.09,81.61,2,1,1,50.8,3.63,0,0.0,76.31,Below Target,Non-Compliant,Significantly Delayed,False
GOV-0000530,2022,5,May,Q2,2022-05-01,FAC-005,Stuttgart Engineering,Germany,Europe,Information Security,45.59,81.64,5,3,2,50.5,3.56,0,0.0,77.88,Below Target,Non-Compliant,Significantly Delayed,False
GOV-0000531,2022,5,May,Q2,2022-05-01,FAC-006,Rotterdam Hub,Netherlands,Europe,Anti-Corruption,47.07,84.54,0,0,0,45.9,3.77,0,0.0,78.37,Below Target,Non-Compliant,Significantly Delayed,False
GOV-0000532,2022,5,May,Q2,2022-05-01,FAC-006,Rotterdam Hub,Netherlands,Europe,Data Privacy,46.75,81.63,0,0,0,46.2,3.6,0,0.0,74.37,Below Target,Non-Compliant,Significantly Delayed,False
GOV-0000533,2022,5,May,Q2,2022-05-01,FAC-006,Rotterdam Hub,Netherlands,Europe,Environmental,46.54,82.93,5,4,1,50.5,3.54,0,0.0,74.99,Below Target,Non-Compliant,Significantly Delayed,False
GOV-0000534,2022,5,May,Q2,2022-05-01,FAC-006,Rotterdam Hub,Netherlands,Europe,Health & Safety,46.19,80.06,4,3,1,48.5,3.18,0,0.0,76.62,Below Target,Non-Compliant,Significantly Delayed,False
GOV-0000535,2022,5,May,Q2,2022-05-01,FAC-006,Rotterdam Hub,Netherlands,Europe,Human Rights,47.23,83.27,3,2,1,49.0,3.51,0,0.0,75.61,Below Target,Non-Compliant,Significantly Delayed,False
GOV-0000536,2022,5,May,Q2,2022-05-01,FAC-006,Rotterdam Hub,Netherlands,Europe,Whistleblower,44.59,83.75,2,1,1,49.7,3.29,0,0.0,77.88,Below Target,Non-Compliant,Significantly Delayed,False
GOV-0000537,2022,5,May,Q2,2022-05-01,FAC-006,Rotterdam Hub,Netherlands,Europe,Code of Conduct,45.66,80.99,3,2,1,46.8,3.86,0,0.0,73.09,Below Target,Non-Compliant,Significantly Delayed,False
GOV-0000538,2022,5,May,Q2,2022-05-01,FAC-006,Rotterdam Hub,Netherlands,Europe,Conflict of Interest,47.22,82.51,2,1,1,52.6,3.57,0,0.0,74.72,Below Target,Non-Compliant,Significantly Delayed,False
GOV-0000539,2022,5,May,Q2,2022-05-01,FAC-006,Rotterdam Hub,Netherlands,Europe,Supplier Standards,45.74,81.58,0,0,0,48.4,3.66,0,0.0,78.87,Below Target,Non-Compliant,Significantly Delayed,False
GOV-0000540,2022,5,May,Q2,2022-05-01,FAC-006,Rotterdam Hub,Netherlands,Europe,Information Security,45.94,82.28,1,0,1,49.9,3.38,0,0.0,76.81,Below Target,Non-Compliant,Significantly Delayed,False
GOV-0000541,2022,5,May,Q2,2022-05-01,FAC-007,Lyon Components,France,Europe,Anti-Corruption,44.34,80.09,5,4,1,49.5,3.67,0,0.0,74.24,Below Target,Non-Compliant,Significantly Delayed,False
GOV-0000542,2022,5,May,Q2,2022-05-01,FAC-007,Lyon Components,France,Europe,Data Privacy,45.4,83.01,3,2,1,52.9,3.39,0,0.0,75.83,Below Target,Non-Compliant,Significantly Delayed,False
GOV-0000543,2022,5,May,Q2,2022-05-01,FAC-007,Lyon Components,France,Europe,Environmental,45.39,82.86,0,0,0,43.1,3.76,0,0.0,76.14,Below Target,Non-Compliant,Slightly Delayed,False
GOV-0000544,2022,5,May,Q2,2022-05-01,FAC-007,Lyon Components,France,Europe,Health & Safety,47.24,81.12,3,1,2,46.8,3.71,1,0.0,76.79,Below Target,Non-Compliant,Significantly Delayed,False
GOV-0000545,2022,5,May,Q2,2022-05-01,FAC-007,Lyon Components,France,Europe,Human Rights,45.59,83.03,0,0,0,44.5,3.63,0,0.0,76.55,Below Target,Non-Compliant,Slightly Delayed,False
GOV-0000546,2022,5,May,Q2,2022-05-01,FAC-007,Lyon Components,France,Europe,Whistleblower,46.35,82.1,4,3,1,44.4,3.09,0,0.0,75.88,Below Target,Non-Compliant,Slightly Delayed,False
GOV-0000547,2022,5,May,Q2,2022-05-01,FAC-007,Lyon Components,France,Europe,Code of Conduct,45.92,81.61,1,0,1,44.4,3.26,0,0.0,75.48,Below Target,Non-Compliant,Slightly Delayed,False
GOV-0000548,2022,5,May,Q2,2022-05-01,FAC-007,Lyon Components,France,Europe,Conflict of Interest,42.46,79.58,0,0,0,52.5,3.59,0,0.0,73.2,Below Target,Non-Compliant,Significantly Delayed,False
GOV-0000549,2022,5,May,Q2,2022-05-01,FAC-007,Lyon Components,France,Europe,Supplier Standards,46.06,81.91,4,3,1,49.7,3.47,0,0.0,74.44,Below Target,Non-Compliant,Significantly Delayed,False
GOV-0000550,2022,5,May,Q2,2022-05-01,FAC-007,Lyon Components,France,Europe,Information Security,44.89,81.05,3,1,2,49.4,3.82,0,0.0,76.74,Below Target,Non-Compliant,Significantly Delayed,False
GOV-0000551,2022,5,May,Q2,2022-05-01,FAC-008,Shanghai Manufacturing,China,Asia Pacific,Anti-Corruption,41.87,85.47,5,4,1,44.5,3.46,0,0.0,74.3,Below Target,Near Compliant,Slightly Delayed,False
GOV-0000552,2022,5,May,Q2,2022-05-01,FAC-008,Shanghai Manufacturing,China,Asia Pacific,Data Privacy,47.66,82.62,0,0,0,48.8,3.59,0,0.0,73.74,Below Target,Non-Compliant,Significantly Delayed,False
GOV-0000553,2022,5,May,Q2,2022-05-01,FAC-008,Shanghai Manufacturing,China,Asia Pacific,Environmental,47.58,82.06,1,0,1,50.9,3.5,0,0.0,75.65,Below Target,Non-Compliant,Significantly Delayed,False
GOV-0000554,2022,5,May,Q2,2022-05-01,FAC-008,Shanghai Manufacturing,China,Asia Pacific,Health & Safety,47.34,84.62,0,0,0,47.0,3.76,0,0.0,77.91,Below Target,Non-Compliant,Significantly Delayed,False
GOV-0000555,2022,5,May,Q2,2022-05-01,FAC-008,Shanghai Manufacturing,China,Asia Pacific,Human Rights,45.83,83.56,2,1,1,50.1,3.65,0,0.0,75.61,Below Target,Non-Compliant,Significantly Delayed,False
GOV-0000556,2022,5,May,Q2,2022-05-01,FAC-008,Shanghai Manufacturing,China,Asia Pacific,Whistleblower,45.96,83.56,4,3,1,44.2,3.36,0,0.0,73.39,Below Target,Non-Compliant,Slightly Delayed,False
GOV-0000557,2022,5,May,Q2,2022-05-01,FAC-008,Shanghai Manufacturing,China,Asia Pacific,Code of Conduct,45.19,80.79,3,2,1,42.4,3.54,0,0.0,77.57,Below Target,Non-Compliant,Slightly Delayed,False
GOV-0000558,2022,5,May,Q2,2022-05-01,FAC-008,Shanghai Manufacturing,China,Asia Pacific,Conflict of Interest,45.62,81.32,4,2,2,42.3,3.71,0,0.0,73.22,Below Target,Non-Compliant,Slightly Delayed,False
GOV-0000559,2022,5,May,Q2,2022-05-01,FAC-008,Shanghai Manufacturing,China,Asia Pacific,Supplier Standards,43.46,80.75,4,3,1,47.4,3.35,0,0.0,78.05,Below Target,Non-Compliant,Significantly Delayed,False
GOV-0000560,2022,5,May,Q2,2022-05-01,FAC-008,Shanghai Manufacturing,China,Asia Pacific,Information Security,47.17,83.02,0,0,0,44.5,3.55,0,0.0,78.64,Below Target,Non-Compliant,Slightly Delayed,False
GOV-0000561,2022,5,May,Q2,2022-05-01,FAC-009,Bangalore Tech Centre,India,Asia Pacific,Anti-Corruption,44.1,82.13,5,4,1,45.3,3.57,0,0.0,75.86,Below Target,Non-Compliant,Significantly Delayed,False
GOV-0000562,2022,5,May,Q2,2022-05-01,FAC-009,Bangalore Tech Centre,India,Asia Pacific,Data Privacy,47.0,82.66,2,1,1,45.8,3.74,0,0.0,76.31,Below Target,Non-Compliant,Significantly Delayed,False
GOV-0000563,2022,5,May,Q2,2022-05-01,FAC-009,Bangalore Tech Centre,India,Asia Pacific,Environmental,46.33,83.49,5,4,1,48.9,3.4,0,0.0,77.81,Below Target,Non-Compliant,Significantly Delayed,False
GOV-0000564,2022,5,May,Q2,2022-05-01,FAC-009,Bangalore Tech Centre,India,Asia Pacific,Health & Safety,44.55,81.11,0,0,0,48.7,3.67,0,0.0,75.71,Below Target,Non-Compliant,Significantly Delayed,False
GOV-0000565,2022,5,May,Q2,2022-05-01,FAC-009,Bangalore Tech Centre,India,Asia Pacific,Human Rights,44.57,82.77,1,0,1,44.2,3.35,0,0.0,76.38,Below Target,Non-Compliant,Slightly Delayed,False
GOV-0000566,2022,5,May,Q2,2022-05-01,FAC-009,Bangalore Tech Centre,India,Asia Pacific,Whistleblower,44.92,82.19,3,2,1,47.1,3.24,0,0.0,76.95,Below Target,Non-Compliant,Significantly Delayed,False
GOV-0000567,2022,5,May,Q2,2022-05-01,FAC-009,Bangalore Tech Centre,India,Asia Pacific,Code of Conduct,43.74,80.47,5,3,2,49.2,3.51,0,0.0,77.86,Below Target,Non-Compliant,Significantly Delayed,False
GOV-0000568,2022,5,May,Q2,2022-05-01,FAC-009,Bangalore Tech Centre,India,Asia Pacific,Conflict of Interest,47.54,82.63,5,4,1,48.3,3.37,0,0.0,74.95,Below Target,Non-Compliant,Significantly Delayed,False
GOV-0000569,2022,5,May,Q2,2022-05-01,FAC-009,Bangalore Tech Centre,India,Asia Pacific,Supplier Standards,44.91,82.51,3,2,1,46.8,3.23,0,0.0,74.41,Below Target,Non-Compliant,Significantly Delayed,False
GOV-0000570,2022,5,May,Q2,2022-05-01,FAC-009,Bangalore Tech Centre,India,Asia Pacific,Information Security,49.83,83.28,0,0,0,50.5,3.72,0,0.0,76.54,Below Target,Non-Compliant,Significantly Delayed,False
GOV-0000571,2022,5,May,Q2,2022-05-01,FAC-010,Singapore Distribution,Singapore,Asia Pacific,Anti-Corruption,46.81,83.39,1,0,1,44.8,3.47,0,0.0,79.39,Below Target,Non-Compliant,Slightly Delayed,False
GOV-0000572,2022,5,May,Q2,2022-05-01,FAC-010,Singapore Distribution,Singapore,Asia Pacific,Data Privacy,44.62,83.85,3,2,1,50.7,4.17,0,0.0,75.71,Below Target,Non-Compliant,Significantly Delayed,False
GOV-0000573,2022,5,May,Q2,2022-05-01,FAC-010,Singapore Distribution,Singapore,Asia Pacific,Environmental,43.8,81.08,5,3,2,50.8,3.32,0,0.0,74.85,Below Target,Non-Compliant,Significantly Delayed,False
GOV-0000574,2022,5,May,Q2,2022-05-01,FAC-010,Singapore Distribution,Singapore,Asia Pacific,Health & Safety,45.08,82.43,2,1,1,48.9,3.45,0,0.0,71.43,Below Target,Non-Compliant,Significantly Delayed,False
GOV-0000575,2022,5,May,Q2,2022-05-01,FAC-010,Singapore Distribution,Singapore,Asia Pacific,Human Rights,47.61,81.77,3,2,1,48.4,3.49,0,0.0,77.04,Below Target,Non-Compliant,Significantly Delayed,False
GOV-0000576,2022,5,May,Q2,2022-05-01,FAC-010,Singapore Distribution,Singapore,Asia Pacific,Whistleblower,46.13,81.62,1,0,1,54.2,3.51,0,0.0,74.63,Below Target,Non-Compliant,Significantly Delayed,False
GOV-0000577,2022,5,May,Q2,2022-05-01,FAC-010,Singapore Distribution,Singapore,Asia Pacific,Code of Conduct,47.78,83.4,2,1,1,49.3,3.41,0,0.0,76.29,Below Target,Non-Compliant,Significantly Delayed,False
GOV-0000578,2022,5,May,Q2,2022-05-01,FAC-010,Singapore Distribution,Singapore,Asia Pacific,Conflict of Interest,47.75,84.26,1,0,1,54.1,3.64,0,0.0,74.33,Below Target,Non-Compliant,Significantly Delayed,False
GOV-0000579,2022,5,May,Q2,2022-05-01,FAC-010,Singapore Distribution,Singapore,Asia Pacific,Supplier Standards,46.88,81.54,2,1,1,41.7,3.47,0,0.0,77.0,Below Target,Non-Compliant,Slightly Delayed,False
GOV-0000580,2022,5,May,Q2,2022-05-01,FAC-010,Singapore Distribution,Singapore,Asia Pacific,Information Security,45.3,81.64,4,2,2,45.6,3.81,0,0.0,77.98,Below Target,Non-Compliant,Significantly Delayed,False
GOV-0000581,2022,5,May,Q2,2022-05-01,FAC-011,Monterrey Plant,Mexico,Latin America,Anti-Corruption,47.61,81.96,2,1,1,52.7,3.41,0,0.0,75.02,Below Target,Non-Compliant,Significantly Delayed,False
GOV-0000582,2022,5,May,Q2,2022-05-01,FAC-011,Monterrey Plant,Mexico,Latin America,Data Privacy,47.18,80.62,2,1,1,47.4,3.4,0,37789.43,74.58,Below Target,Non-Compliant,Significantly Delayed,True
GOV-0000583,2022,5,May,Q2,2022-05-01,FAC-011,Monterrey Plant,Mexico,Latin America,Environmental,45.93,84.33,1,0,1,49.6,3.07,0,0.0,77.21,Below Target,Non-Compliant,Significantly Delayed,False
GOV-0000584,2022,5,May,Q2,2022-05-01,FAC-011,Monterrey Plant,Mexico,Latin America,Health & Safety,47.21,80.15,2,1,1,48.6,3.73,0,0.0,74.58,Below Target,Non-Compliant,Significantly Delayed,False
GOV-0000585,2022,5,May,Q2,2022-05-01,FAC-011,Monterrey Plant,Mexico,Latin America,Human Rights,46.63,83.61,2,1,1,48.4,3.27,0,0.0,73.62,Below Target,Non-Compliant,Significantly Delayed,False
GOV-0000586,2022,5,May,Q2,2022-05-01,FAC-011,Monterrey Plant,Mexico,Latin America,Whistleblower,43.11,84.87,3,1,2,53.0,3.67,0,0.0,75.32,Below Target,Non-Compliant,Significantly Delayed,False
GOV-0000587,2022,5,May,Q2,2022-05-01,FAC-011,Monterrey Plant,Mexico,Latin America,Code of Conduct,45.73,83.54,1,0,1,43.4,3.6,0,0.0,73.32,Below Target,Non-Compliant,Slightly Delayed,False
GOV-0000588,2022,5,May,Q2,2022-05-01,FAC-011,Monterrey Plant,Mexico,Latin America,Conflict of Interest,44.11,79.97,4,3,1,47.0,3.48,0,0.0,75.68,Below Target,Non-Compliant,Significantly Delayed,False
GOV-0000589,2022,5,May,Q2,2022-05-01,FAC-011,Monterrey Plant,Mexico,Latin America,Supplier Standards,45.19,82.72,5,4,1,49.7,3.67,0,0.0,74.19,Below Target,Non-Compliant,Significantly Delayed,False
GOV-0000590,2022,5,May,Q2,2022-05-01,FAC-011,Monterrey Plant,Mexico,Latin America,Information Security,45.7,80.56,3,2,1,40.5,3.77,0,0.0,76.02,Below Target,Non-Compliant,Slightly Delayed,False
GOV-0000591,2022,5,May,Q2,2022-05-01,FAC-012,Sao Paulo Operations,Brazil,Latin America,Anti-Corruption,43.21,80.55,0,0,0,41.5,3.41,0,0.0,75.38,Below Target,Non-Compliant,Slightly Delayed,False
GOV-0000592,2022,5,May,Q2,2022-05-01,FAC-012,Sao Paulo Operations,Brazil,Latin America,Data Privacy,46.53,82.84,1,0,1,51.9,3.39,0,0.0,76.92,Below Target,Non-Compliant,Significantly Delayed,False
GOV-0000593,2022,5,May,Q2,2022-05-01,FAC-012,Sao Paulo Operations,Brazil,Latin America,Environmental,44.66,82.8,2,1,1,51.3,3.61,0,0.0,76.9,Below Target,Non-Compliant,Significantly Delayed,False
GOV-0000594,2022,5,May,Q2,2022-05-01,FAC-012,Sao Paulo Operations,Brazil,Latin America,Health & Safety,46.07,81.67,3,2,1,43.9,3.35,0,0.0,77.35,Below Target,Non-Compliant,Slightly Delayed,False
GOV-0000595,2022,5,May,Q2,2022-05-01,FAC-012,Sao Paulo Operations,Brazil,Latin America,Human Rights,45.44,81.81,0,0,0,48.1,3.45,0,0.0,78.58,Below Target,Non-Compliant,Significantly Delayed,False
GOV-0000596,2022,5,May,Q2,2022-05-01,FAC-012,Sao Paulo Operations,Brazil,Latin America,Whistleblower,45.93,82.87,3,2,1,43.8,3.22,0,0.0,78.53,Below Target,Non-Compliant,Slightly Delayed,False
GOV-0000597,2022,5,May,Q2,2022-05-01,FAC-012,Sao Paulo Operations,Brazil,Latin America,Code of Conduct,43.35,83.99,5,4,1,53.1,3.28,0,0.0,74.73,Below Target,Non-Compliant,Significantly Delayed,False
GOV-0000598,2022,5,May,Q2,2022-05-01,FAC-012,Sao Paulo Operations,Brazil,Latin America,Conflict of Interest,44.67,80.47,2,1,1,45.0,3.44,0,0.0,76.64,Below Target,Non-Compliant,Slightly Delayed,False
GOV-0000599,2022,5,May,Q2,2022-05-01,FAC-012,Sao Paulo Operations,Brazil,Latin America,Supplier Standards,46.5,82.88,1,0,1,51.1,3.57,0,0.0,77.93,Below Target,Non-Compliant,Significantly Delayed,False
GOV-0000600,2022,5,May,Q2,2022-05-01,FAC-012,Sao Paulo Operations,Brazil,Latin America,Information Security,43.2,83.22,4,3,1,49.0,3.81,0,0.0,73.4,Below Target,Non-Compliant,Significantly Delayed,False
GOV-0000601,2022,6,June,Q2,2022-06-01,FAC-001,Chicago Main Plant,USA,North America,Anti-Corruption,48.78,80.87,0,0,0,41.0,3.37,0,0.0,76.11,Below Target,Non-Compliant,Slightly Delayed,False
GOV-0000602,2022,6,June,Q2,2022-06-01,FAC-001,Chicago Main Plant,USA,North America,Data Privacy,47.67,79.42,3,2,1,48.6,3.33,0,0.0,75.97,Below Target,Non-Compliant,Significantly Delayed,False
GOV-0000603,2022,6,June,Q2,2022-06-01,FAC-001,Chicago Main Plant,USA,North America,Environmental,47.19,82.5,5,3,2,44.5,3.32,0,0.0,76.19,Below Target,Non-Compliant,Slightly Delayed,False
GOV-0000604,2022,6,June,Q2,2022-06-01,FAC-001,Chicago Main Plant,USA,North America,Health & Safety,46.33,81.78,1,0,1,51.5,3.05,0,0.0,76.13,Below Target,Non-Compliant,Significantly Delayed,False
GOV-0000605,2022,6,June,Q2,2022-06-01,FAC-001,Chicago Main Plant,USA,North America,Human Rights,45.14,82.2,2,1,1,49.3,3.19,0,0.0,73.65,Below Target,Non-Compliant,Significantly Delayed,False
GOV-0000606,2022,6,June,Q2,2022-06-01,FAC-001,Chicago Main Plant,USA,North America,Whistleblower,45.88,81.63,2,1,1,52.8,3.47,0,0.0,76.31,Below Target,Non-Compliant,Significantly Delayed,False
GOV-0000607,2022,6,June,Q2,2022-06-01,FAC-001,Chicago Main Plant,USA,North America,Code of Conduct,47.17,83.34,1,0,1,46.7,3.71,0,0.0,77.02,Below Target,Non-Compliant,Significantly Delayed,False
GOV-0000608,2022,6,June,Q2,2022-06-01,FAC-001,Chicago Main Plant,USA,North America,Conflict of Interest,45.85,83.61,4,2,2,53.6,3.4,0,0.0,73.87,Below Target,Non-Compliant,Significantly Delayed,False
GOV-0000609,2022,6,June,Q2,2022-06-01,FAC-001,Chicago Main Plant,USA,North America,Supplier Standards,47.17,82.47,4,3,1,47.7,3.45,0,0.0,74.42,Below Target,Non-Compliant,Significantly Delayed,False
GOV-0000610,2022,6,June,Q2,2022-06-01,FAC-001,Chicago Main Plant,USA,North America,Information Security,45.84,81.88,5,4,1,42.6,3.37,0,0.0,77.85,Below Target,Non-Compliant,Slightly Delayed,False
GOV-0000611,2022,6,June,Q2,2022-06-01,FAC-002,Detroit Assembly,USA,North America,Anti-Corruption,43.14,83.98,5,4,1,48.0,3.28,0,0.0,75.99,Below Target,Non-Compliant,Significantly Delayed,False
GOV-0000612,2022,6,June,Q2,2022-06-01,FAC-002,Detroit Assembly,USA,North America,Data Privacy,48.48,80.67,3,2,1,47.1,3.41,0,0.0,76.06,Below Target,Non-Compliant,Significantly Delayed,False
GOV-0000613,2022,6,June,Q2,2022-06-01,FAC-002,Detroit Assembly,USA,North America,Environmental,45.01,82.43,4,2,2,45.1,3.44,0,0.0,76.18,Below Target,Non-Compliant,Significantly Delayed,False
GOV-0000614,2022,6,June,Q2,2022-06-01,FAC-002,Detroit Assembly,USA,North America,Health & Safety,46.02,83.32,3,2,1,44.7,2.91,0,0.0,75.9,Below Target,Non-Compliant,Slightly Delayed,False
GOV-0000615,2022,6,June,Q2,2022-06-01,FAC-002,Detroit Assembly,USA,North America,Human Rights,48.97,82.51,3,2,1,48.5,3.37,0,0.0,75.47,Below Target,Non-Compliant,Significantly Delayed,False
GOV-0000616,2022,6,June,Q2,2022-06-01,FAC-002,Detroit Assembly,USA,North America,Whistleblower,48.65,81.67,0,0,0,49.5,3.72,0,0.0,75.24,Below Target,Non-Compliant,Significantly Delayed,False
GOV-0000617,2022,6,June,Q2,2022-06-01,FAC-002,Detroit Assembly,USA,North America,Code of Conduct,46.3,79.63,1,0,1,50.8,3.65,0,0.0,73.98,Below Target,Non-Compliant,Significantly Delayed,False
GOV-0000618,2022,6,June,Q2,2022-06-01,FAC-002,Detroit Assembly,USA,North America,Conflict of Interest,47.11,80.94,5,4,1,45.2,3.08,0,0.0,73.93,Below Target,Non-Compliant,Significantly Delayed,False
GOV-0000619,2022,6,June,Q2,2022-06-01,FAC-002,Detroit Assembly,USA,North America,Supplier Standards,46.41,82.39,2,1,1,42.1,3.39,0,0.0,72.0,Below Target,Non-Compliant,Slightly Delayed,False
GOV-0000620,2022,6,June,Q2,2022-06-01,FAC-002,Detroit Assembly,USA,North America,Information Security,46.84,83.62,0,0,0,42.0,3.7,0,0.0,76.46,Below Target,Non-Compliant,Slightly Delayed,False
GOV-0000621,2022,6,June,Q2,2022-06-01,FAC-003,Toronto Operations,Canada,North America,Anti-Corruption,44.85,83.46,1,0,1,43.4,3.75,0,0.0,78.23,Below Target,Non-Compliant,Slightly Delayed,False
GOV-0000622,2022,6,June,Q2,2022-06-01,FAC-003,Toronto Operations,Canada,North America,Data Privacy,45.97,85.2,2,1,1,46.3,3.68,0,0.0,75.5,Below Target,Near Compliant,Significantly Delayed,False
GOV-0000623,2022,6,June,Q2,2022-06-01,FAC-003,Toronto Operations,Canada,North America,Environmental,45.76,78.79,5,3,2,50.2,3.58,0,0.0,77.24,Below Target,Non-Compliant,Significantly Delayed,False
GOV-0000624,2022,6,June,Q2,2022-06-01,FAC-003,Toronto Operations,Canada,North America,Health & Safety,46.37,83.06,2,1,1,49.3,3.63,0,0.0,74.44,Below Target,Non-Compliant,Significantly Delayed,False
GOV-0000625,2022,6,June,Q2,2022-06-01,FAC-003,Toronto Operations,Canada,North America,Human Rights,45.73,81.49,3,2,1,45.8,3.45,0,0.0,73.33,Below Target,Non-Compliant,Significantly Delayed,False
GOV-0000626,2022,6,June,Q2,2022-06-01,FAC-003,Toronto Operations,Canada,North America,Whistleblower,45.47,80.98,4,3,1,51.1,3.52,0,0.0,79.15,Below Target,Non-Compliant,Significantly Delayed,False
GOV-0000627,2022,6,June,Q2,2022-06-01,FAC-003,Toronto Operations,Canada,North America,Code of Conduct,46.42,82.57,3,2,1,52.8,3.42,0,0.0,75.45,Below Target,Non-Compliant,Significantly Delayed,False
GOV-0000628,2022,6,June,Q2,2022-06-01,FAC-003,Toronto Operations,Canada,North America,Conflict of Interest,47.87,82.62,4,3,1,48.6,3.99,0,0.0,77.5,Below Target,Non-Compliant,Significantly Delayed,False
GOV-0000629,2022,6,June,Q2,2022-06-01,FAC-003,Toronto Operations,Canada,North America,Supplier Standards,46.85,82.28,3,1,2,49.7,3.55,0,32722.57,75.39,Below Target,Non-Compliant,Significantly Delayed,True
GOV-0000630,2022,6,June,Q2,2022-06-01,FAC-003,Toronto Operations,Canada,North America,Information Security,44.61,81.26,4,3,1,49.1,3.49,0,0.0,78.48,Below Target,Non-Compliant,Significantly Delayed,False
GOV-0000631,2022,6,June,Q2,2022-06-01,FAC-004,Munich Precision Works,Germany,Europe,Anti-Corruption,45.5,80.19,1,0,1,46.7,3.72,0,0.0,76.68,Below Target,Non-Compliant,Significantly Delayed,False
GOV-0000632,2022,6,June,Q2,2022-06-01,FAC-004,Munich Precision Works,Germany,Europe,Data Privacy,49.74,83.3,1,0,1,51.5,3.13,0,0.0,80.57,Below Target,Non-Compliant,Significantly Delayed,False
GOV-0000633,2022,6,June,Q2,2022-06-01,FAC-004,Munich Precision Works,Germany,Europe,Environmental,45.49,83.86,3,2,1,55.2,3.54,0,0.0,74.54,Below Target,Non-Compliant,Significantly Delayed,False
GOV-0000634,2022,6,June,Q2,2022-06-01,FAC-004,Munich Precision Works,Germany,Europe,Health & Safety,45.47,79.7,1,0,1,48.2,3.46,0,0.0,74.83,Below Target,Non-Compliant,Significantly Delayed,False
GOV-0000635,2022,6,June,Q2,2022-06-01,FAC-004,Munich Precision Works,Germany,Europe,Human Rights,46.31,82.69,5,4,1,48.8,3.34,0,0.0,74.7,Below Target,Non-Compliant,Significantly Delayed,False
GOV-0000636,2022,6,June,Q2,2022-06-01,FAC-004,Munich Precision Works,Germany,Europe,Whistleblower,46.52,82.17,5,4,1,44.9,3.28,0,0.0,77.73,Below Target,Non-Compliant,Slightly Delayed,False
GOV-0000637,2022,6,June,Q2,2022-06-01,FAC-004,Munich Precision Works,Germany,Europe,Code of Conduct,46.92,81.07,4,3,1,52.6,3.34,0,0.0,76.57,Below Target,Non-Compliant,Significantly Delayed,False
GOV-0000638,2022,6,June,Q2,2022-06-01,FAC-004,Munich Precision Works,Germany,Europe,Conflict of Interest,45.27,83.89,0,0,0,46.0,3.57,0,0.0,77.63,Below Target,Non-Compliant,Significantly Delayed,False
GOV-0000639,2022,6,June,Q2,2022-06-01,FAC-004,Munich Precision Works,Germany,Europe,Supplier Standards,48.05,81.83,4,2,2,49.1,3.37,0,0.0,74.41,Below Target,Non-Compliant,Significantly Delayed,False
GOV-0000640,2022,6,June,Q2,2022-06-01,FAC-004,Munich Precision Works,Germany,Europe,Information Security,43.8,83.76,5,3,2,49.9,3.82,0,0.0,77.05,Below Target,Non-Compliant,Significantly Delayed,False
GOV-0000641,2022,6,June,Q2,2022-06-01,FAC-005,Stuttgart Engineering,Germany,Europe,Anti-Corruption,45.21,82.72,3,2,1,47.7,3.56,0,0.0,77.64,Below Target,Non-Compliant,Significantly Delayed,False
GOV-0000642,2022,6,June,Q2,2022-06-01,FAC-005,Stuttgart Engineering,Germany,Europe,Data Privacy,47.32,80.69,0,0,0,47.9,3.72,0,0.0,75.03,Below Target,Non-Compliant,Significantly Delayed,False
GOV-0000643,2022,6,June,Q2,2022-06-01,FAC-005,Stuttgart Engineering,Germany,Europe,Environmental,46.22,82.2,2,1,1,46.6,3.54,0,0.0,76.28,Below Target,Non-Compliant,Significantly Delayed,False
GOV-0000644,2022,6,June,Q2,2022-06-01,FAC-005,Stuttgart Engineering,Germany,Europe,Health & Safety,43.62,83.79,5,4,1,48.3,3.35,0,0.0,80.2,Below Target,Non-Compliant,Significantly Delayed,False
GOV-0000645,2022,6,June,Q2,2022-06-01,FAC-005,Stuttgart Engineering,Germany,Europe,Human Rights,48.1,80.86,4,2,2,49.6,3.86,0,0.0,76.27,Below Target,Non-Compliant,Significantly Delayed,False
GOV-0000646,2022,6,June,Q2,2022-06-01,FAC-005,Stuttgart Engineering,Germany,Europe,Whistleblower,44.92,83.36,2,1,1,47.9,3.5,0,0.0,75.05,Below Target,Non-Compliant,Significantly Delayed,False
GOV-0000647,2022,6,June,Q2,2022-06-01,FAC-005,Stuttgart Engineering,Germany,Europe,Code of Conduct,46.35,84.17,5,3,2,53.5,3.33,0,0.0,74.51,Below Target,Non-Compliant,Significantly Delayed,False
GOV-0000648,2022,6,June,Q2,2022-06-01,FAC-005,Stuttgart Engineering,Germany,Europe,Conflict of Interest,43.62,83.94,2,1,1,45.8,3.7,0,0.0,76.81,Below Target,Non-Compliant,Significantly Delayed,False
GOV-0000649,2022,6,June,Q2,2022-06-01,FAC-005,Stuttgart Engineering,Germany,Europe,Supplier Standards,47.36,80.37,1,0,1,47.8,3.64,0,0.0,75.59,Below Target,Non-Compliant,Significantly Delayed,False
GOV-0000650,2022,6,June,Q2,2022-06-01,FAC-005,Stuttgart Engineering,Germany,Europe,Information Security,46.46,80.79,2,1,1,46.0,3.67,0,0.0,76.75,Below Target,Non-Compliant,Significantly Delayed,False
GOV-0000651,2022,6,June,Q2,2022-06-01,FAC-006,Rotterdam Hub,Netherlands,Europe,Anti-Corruption,43.8,80.34,1,0,1,49.9,3.82,0,0.0,78.6,Below Target,Non-Compliant,Significantly Delayed,False
GOV-0000652,2022,6,June,Q2,2022-06-01,FAC-006,Rotterdam Hub,Netherlands,Europe,Data Privacy,46.8,81.83,2,1,1,46.1,3.39,0,44799.19,74.5,Below Target,Non-Compliant,Significantly Delayed,True
GOV-0000653,2022,6,June,Q2,2022-06-01,FAC-006,Rotterdam Hub,Netherlands,Europe,Environmental,47.32,79.46,4,3,1,52.1,3.39,0,0.0,76.74,Below Target,Non-Compliant,Significantly Delayed,False
GOV-0000654,2022,6,June,Q2,2022-06-01,FAC-006,Rotterdam Hub,Netherlands,Europe,Health & Safety,45.35,81.37,1,0,1,47.3,3.67,0,0.0,75.43,Below Target,Non-Compliant,Significantly Delayed,False
GOV-0000655,2022,6,June,Q2,2022-06-01,FAC-006,Rotterdam Hub,Netherlands,Europe,Human Rights,44.02,80.87,0,0,0,45.2,3.56,0,0.0,73.91,Below Target,Non-Compliant,Significantly Delayed,False
GOV-0000656,2022,6,June,Q2,2022-06-01,FAC-006,Rotterdam Hub,Netherlands,Europe,Whistleblower,41.81,83.88,4,3,1,49.1,3.39,0,0.0,74.46,Below Target,Non-Compliant,Significantly Delayed,False
GOV-0000657,2022,6,June,Q2,2022-06-01,FAC-006,Rotterdam Hub,Netherlands,Europe,Code of Conduct,46.84,78.64,5,3,2,50.6,3.71,0,0.0,76.32,Below Target,Non-Compliant,Significantly Delayed,False
GOV-0000658,2022,6,June,Q2,2022-06-01,FAC-006,Rotterdam Hub,Netherlands,Europe,Conflict of Interest,47.57,83.74,3,2,1,49.6,3.65,0,0.0,77.29,Below Target,Non-Compliant,Significantly Delayed,False
GOV-0000659,2022,6,June,Q2,2022-06-01,FAC-006,Rotterdam Hub,Netherlands,Europe,Supplier Standards,43.36,83.04,2,1,1,46.6,3.63,0,0.0,75.42,Below Target,Non-Compliant,Significantly Delayed,False
GOV-0000660,2022,6,June,Q2,2022-06-01,FAC-006,Rotterdam Hub,Netherlands,Europe,Information Security,45.72,80.25,2,1,1,47.8,3.61,0,0.0,77.32,Below Target,Non-Compliant,Significantly Delayed,False
GOV-0000661,2022,6,June,Q2,2022-06-01,FAC-007,Lyon Components,France,Europe,Anti-Corruption,42.84,82.57,1,0,1,47.0,3.4,0,0.0,76.05,Below Target,Non-Compliant,Significantly Delayed,False
GOV-0000662,2022,6,June,Q2,2022-06-01,FAC-007,Lyon Components,France,Europe,Data Privacy,42.89,84.72,3,1,2,43.9,3.61,0,0.0,76.06,Below Target,Non-Compliant,Slightly Delayed,False
GOV-0000663,2022,6,June,Q2,2022-06-01,FAC-007,Lyon Components,France,Europe,Environmental,44.14,80.73,1,0,1,50.2,3.97,0,0.0,77.46,Below Target,Non-Compliant,Significantly Delayed,False
GOV-0000664,2022,6,June,Q2,2022-06-01,FAC-007,Lyon Components,France,Europe,Health & Safety,46.52,83.38,2,1,1,48.7,3.42,0,0.0,76.62,Below Target,Non-Compliant,Significantly Delayed,False
GOV-0000665,2022,6,June,Q2,2022-06-01,FAC-007,Lyon Components,France,Europe,Human Rights,45.91,82.5,1,0,1,52.0,3.55,0,0.0,74.28,Below Target,Non-Compliant,Significantly Delayed,False
GOV-0000666,2022,6,June,Q2,2022-06-01,FAC-007,Lyon Components,France,Europe,Whistleblower,46.63,83.4,0,0,0,48.4,3.64,0,0.0,76.69,Below Target,Non-Compliant,Significantly Delayed,False
GOV-0000667,2022,6,June,Q2,2022-06-01,FAC-007,Lyon Components,France,Europe,Code of Conduct,46.64,81.27,1,0,1,51.6,3.48,0,0.0,77.05,Below Target,Non-Compliant,Significantly Delayed,False
GOV-0000668,2022,6,June,Q2,2022-06-01,FAC-007,Lyon Components,France,Europe,Conflict of Interest,47.61,82.75,1,0,1,46.8,3.71,0,0.0,72.49,Below Target,Non-Compliant,Significantly Delayed,False
GOV-0000669,2022,6,June,Q2,2022-06-01,FAC-007,Lyon Components,France,Europe,Supplier Standards,43.74,80.29,1,0,1,43.8,3.72,0,0.0,74.71,Below Target,Non-Compliant,Slightly Delayed,False
GOV-0000670,2022,6,June,Q2,2022-06-01,FAC-007,Lyon Components,France,Europe,Information Security,46.41,83.43,3,2,1,49.3,3.39,0,0.0,74.79,Below Target,Non-Compliant,Significantly Delayed,False
GOV-0000671,2022,6,June,Q2,2022-06-01,FAC-008,Shanghai Manufacturing,China,Asia Pacific,Anti-Corruption,46.47,80.81,4,3,1,49.8,2.92,0,0.0,78.03,Below Target,Non-Compliant,Significantly Delayed,False
GOV-0000672,2022,6,June,Q2,2022-06-01,FAC-008,Shanghai Manufacturing,China,Asia Pacific,Data Privacy,47.15,81.61,2,1,1,48.4,3.26,0,0.0,73.76,Below Target,Non-Compliant,Significantly Delayed,False
GOV-0000673,2022,6,June,Q2,2022-06-01,FAC-008,Shanghai Manufacturing,China,Asia Pacific,Environmental,46.02,80.69,3,1,2,51.6,3.72,0,0.0,72.3,Below Target,Non-Compliant,Significantly Delayed,False
GOV-0000674,2022,6,June,Q2,2022-06-01,FAC-008,Shanghai Manufacturing,China,Asia Pacific,Health & Safety,47.55,81.71,2,1,1,44.4,3.41,0,0.0,74.39,Below Target,Non-Compliant,Slightly Delayed,False
GOV-0000675,2022,6,June,Q2,2022-06-01,FAC-008,Shanghai Manufacturing,China,Asia Pacific,Human Rights,46.04,81.49,3,2,1,42.9,3.26,0,0.0,74.29,Below Target,Non-Compliant,Slightly Delayed,False
GOV-0000676,2022,6,June,Q2,2022-06-01,FAC-008,Shanghai Manufacturing,China,Asia Pacific,Whistleblower,45.44,81.96,3,2,1,41.5,3.38,0,0.0,77.98,Below Target,Non-Compliant,Slightly Delayed,False
GOV-0000677,2022,6,June,Q2,2022-06-01,FAC-008,Shanghai Manufacturing,China,Asia Pacific,Code of Conduct,44.69,83.02,5,4,1,45.6,3.58,0,120714.02,75.97,Below Target,Non-Compliant,Significantly Delayed,True
GOV-0000678,2022,6,June,Q2,2022-06-01,FAC-008,Shanghai Manufacturing,China,Asia Pacific,Conflict of Interest,46.33,84.0,0,0,0,48.6,3.64,0,0.0,78.38,Below Target,Non-Compliant,Significantly Delayed,False
GOV-0000679,2022,6,June,Q2,2022-06-01,FAC-008,Shanghai Manufacturing,China,Asia Pacific,Supplier Standards,45.93,82.17,5,4,1,50.3,3.35,0,0.0,77.01,Below Target,Non-Compliant,Significantly Delayed,False
GOV-0000680,2022,6,June,Q2,2022-06-01,FAC-008,Shanghai Manufacturing,China,Asia Pacific,Information Security,45.37,81.04,0,0,0,44.4,3.62,0,0.0,75.9,Below Target,Non-Compliant,Slightly Delayed,False
GOV-0000681,2022,6,June,Q2,2022-06-01,FAC-009,Bangalore Tech Centre,India,Asia Pacific,Anti-Corruption,49.55,83.96,2,1,1,50.8,3.48,0,0.0,76.94,Below Target,Non-Compliant,Significantly Delayed,False
GOV-0000682,2022,6,June,Q2,2022-06-01,FAC-009,Bangalore Tech Centre,India,Asia Pacific,Data Privacy,48.16,84.3,0,0,0,43.5,3.18,0,0.0,78.18,Below Target,Non-Compliant,Slightly Delayed,False
GOV-0000683,2022,6,June,Q2,2022-06-01,FAC-009,Bangalore Tech Centre,India,Asia Pacific,Environmental,44.44,82.57,1,0,1,47.6,3.24,0,0.0,75.51,Below Target,Non-Compliant,Significantly Delayed,False
GOV-0000684,2022,6,June,Q2,2022-06-01,FAC-009,Bangalore Tech Centre,India,Asia Pacific,Health & Safety,45.34,81.29,3,2,1,45.8,3.66,0,0.0,78.44,Below Target,Non-Compliant,Significantly Delayed,False
GOV-0000685,2022,6,June,Q2,2022-06-01,FAC-009,Bangalore Tech Centre,India,Asia Pacific,Human Rights,44.39,81.4,5,3,2,48.2,3.43,0,0.0,75.01,Below Target,Non-Compliant,Significantly Delayed,False
GOV-0000686,2022,6,June,Q2,2022-06-01,FAC-009,Bangalore Tech Centre,India,Asia Pacific,Whistleblower,46.64,83.18,0,0,0,45.3,3.31,0,0.0,78.7,Below Target,Non-Compliant,Significantly Delayed,False
GOV-0000687,2022,6,June,Q2,2022-06-01,FAC-009,Bangalore Tech Centre,India,Asia Pacific,Code of Conduct,47.58,83.16,2,1,1,48.3,3.67,0,0.0,76.94,Below Target,Non-Compliant,Significantly Delayed,False
GOV-0000688,2022,6,June,Q2,2022-06-01,FAC-009,Bangalore Tech Centre,India,Asia Pacific,Conflict of Interest,47.69,80.38,3,2,1,51.5,3.41,0,0.0,76.94,Below Target,Non-Compliant,Significantly Delayed,False
GOV-0000689,2022,6,June,Q2,2022-06-01,FAC-009,Bangalore Tech Centre,India,Asia Pacific,Supplier Standards,45.94,78.91,1,0,1,42.7,3.7,0,0.0,76.62,Below Target,Non-Compliant,Slightly Delayed,False
GOV-0000690,2022,6,June,Q2,2022-06-01,FAC-009,Bangalore Tech Centre,India,Asia Pacific,Information Security,46.21,81.97,3,2,1,48.5,3.36,0,0.0,77.12,Below Target,Non-Compliant,Significantly Delayed,False
GOV-0000691,2022,6,June,Q2,2022-06-01,FAC-010,Singapore Distribution,Singapore,Asia Pacific,Anti-Corruption,47.06,82.94,1,0,1,53.5,3.97,0,0.0,75.31,Below Target,Non-Compliant,Significantly Delayed,False
GOV-0000692,2022,6,June,Q2,2022-06-01,FAC-010,Singapore Distribution,Singapore,Asia Pacific,Data Privacy,44.04,83.8,1,0,1,53.5,3.27,0,0.0,76.33,Below Target,Non-Compliant,Significantly Delayed,False
GOV-0000693,2022,6,June,Q2,2022-06-01,FAC-010,Singapore Distribution,Singapore,Asia Pacific,Environmental,45.25,82.85,5,4,1,54.0,3.09,0,0.0,76.42,Below Target,Non-Compliant,Significantly Delayed,False
GOV-0000694,2022,6,June,Q2,2022-06-01,FAC-010,Singapore Distribution,Singapore,Asia Pacific,Health & Safety,44.69,82.09,0,0,0,49.4,3.14,0,0.0,78.69,Below Target,Non-Compliant,Significantly Delayed,False
GOV-0000695,2022,6,June,Q2,2022-06-01,FAC-010,Singapore Distribution,Singapore,Asia Pacific,Human Rights,44.14,82.98,3,1,2,53.4,3.53,0,0.0,77.24,Below Target,Non-Compliant,Significantly Delayed,False
GOV-0000696,2022,6,June,Q2,2022-06-01,FAC-010,Singapore Distribution,Singapore,Asia Pacific,Whistleblower,44.61,83.57,2,1,1,52.3,3.49,0,0.0,77.12,Below Target,Non-Compliant,Significantly Delayed,False
GOV-0000697,2022,6,June,Q2,2022-06-01,FAC-010,Singapore Distribution,Singapore,Asia Pacific,Code of Conduct,46.96,82.29,3,2,1,41.6,3.59,0,0.0,75.29,Below Target,Non-Compliant,Slightly Delayed,False
GOV-0000698,2022,6,June,Q2,2022-06-01,FAC-010,Singapore Distribution,Singapore,Asia Pacific,Conflict of Interest,48.56,82.3,0,0,0,41.8,3.51,0,0.0,74.9,Below Target,Non-Compliant,Slightly Delayed,False
GOV-0000699,2022,6,June,Q2,2022-06-01,FAC-010,Singapore Distribution,Singapore,Asia Pacific,Supplier Standards,45.22,84.66,1,0,1,43.1,3.75,0,0.0,74.56,Below Target,Non-Compliant,Slightly Delayed,False
GOV-0000700,2022,6,June,Q2,2022-06-01,FAC-010,Singapore Distribution,Singapore,Asia Pacific,Information Security,46.92,81.07,5,4,1,48.3,3.5,0,0.0,76.45,Below Target,Non-Compliant,Significantly Delayed,False
GOV-0000701,2022,6,June,Q2,2022-06-01,FAC-011,Monterrey Plant,Mexico,Latin America,Anti-Corruption,45.83,82.16,1,0,1,47.9,3.48,0,0.0,75.67,Below Target,Non-Compliant,Significantly Delayed,False
GOV-0000702,2022,6,June,Q2,2022-06-01,FAC-011,Monterrey Plant,Mexico,Latin America,Data Privacy,44.19,79.04,1,0,1,53.6,3.39,0,0.0,77.81,Below Target,Non-Compliant,Significantly Delayed,False
GOV-0000703,2022,6,June,Q2,2022-06-01,FAC-011,Monterrey Plant,Mexico,Latin America,Environmental,46.92,84.85,1,0,1,51.3,3.57,0,0.0,75.52,Below Target,Non-Compliant,Significantly Delayed,False
GOV-0000704,2022,6,June,Q2,2022-06-01,FAC-011,Monterrey Plant,Mexico,Latin America,Health & Safety,47.55,82.95,4,3,1,51.3,3.72,0,0.0,75.23,Below Target,Non-Compliant,Significantly Delayed,False
GOV-0000705,2022,6,June,Q2,2022-06-01,FAC-011,Monterrey Plant,Mexico,Latin America,Human Rights,47.99,82.05,4,2,2,42.4,3.48,0,68523.94,73.34,Below Target,Non-Compliant,Slightly Delayed,True
GOV-0000706,2022,6,June,Q2,2022-06-01,FAC-011,Monterrey Plant,Mexico,Latin America,Whistleblower,45.88,82.38,3,2,1,51.4,3.6,0,0.0,75.23,Below Target,Non-Compliant,Significantly Delayed,False
GOV-0000707,2022,6,June,Q2,2022-06-01,FAC-011,Monterrey Plant,Mexico,Latin America,Code of Conduct,44.75,80.63,3,2,1,49.3,3.51,0,0.0,74.15,Below Target,Non-Compliant,Significantly Delayed,False
GOV-0000708,2022,6,June,Q2,2022-06-01,FAC-011,Monterrey Plant,Mexico,Latin America,Conflict of Interest,44.04,81.82,2,1,1,50.3,3.41,0,0.0,74.78,Below Target,Non-Compliant,Significantly Delayed,False
GOV-0000709,2022,6,June,Q2,2022-06-01,FAC-011,Monterrey Plant,Mexico,Latin America,Supplier Standards,45.89,83.58,1,0,1,48.0,3.46,0,0.0,75.07,Below Target,Non-Compliant,Significantly Delayed,False
GOV-0000710,2022,6,June,Q2,2022-06-01,FAC-011,Monterrey Plant,Mexico,Latin America,Information Security,47.39,79.59,5,3,2,47.1,3.39,0,0.0,76.85,Below Target,Non-Compliant,Significantly Delayed,False
GOV-0000711,2022,6,June,Q2,2022-06-01,FAC-012,Sao Paulo Operations,Brazil,Latin America,Anti-Corruption,48.48,79.82,5,3,2,52.3,3.61,0,0.0,76.17,Below Target,Non-Compliant,Significantly Delayed,False
GOV-0000712,2022,6,June,Q2,2022-06-01,FAC-012,Sao Paulo Operations,Brazil,Latin America,Data Privacy,46.77,80.65,0,0,0,42.0,3.73,0,0.0,75.73,Below Target,Non-Compliant,Slightly Delayed,False
GOV-0000713,2022,6,June,Q2,2022-06-01,FAC-012,Sao Paulo Operations,Brazil,Latin America,Environmental,46.59,82.32,0,0,0,45.1,3.7,0,0.0,76.86,Below Target,Non-Compliant,Significantly Delayed,False
GOV-0000714,2022,6,June,Q2,2022-06-01,FAC-012,Sao Paulo Operations,Brazil,Latin America,Health & Safety,47.04,80.71,4,3,1,46.4,3.38,0,0.0,78.68,Below Target,Non-Compliant,Significantly Delayed,False
GOV-0000715,2022,6,June,Q2,2022-06-01,FAC-012,Sao Paulo Operations,Brazil,Latin America,Human Rights,50.08,85.46,3,1,2,47.2,3.5,1,47818.27,77.69,Below Target,Near Compliant,Significantly Delayed,True
GOV-0000716,2022,6,June,Q2,2022-06-01,FAC-012,Sao Paulo Operations,Brazil,Latin America,Whistleblower,43.99,82.43,3,1,2,48.2,3.46,0,0.0,78.64,Below Target,Non-Compliant,Significantly Delayed,False
GOV-0000717,2022,6,June,Q2,2022-06-01,FAC-012,Sao Paulo Operations,Brazil,Latin America,Code of Conduct,45.95,82.81,0,0,0,48.1,3.62,0,0.0,76.03,Below Target,Non-Compliant,Significantly Delayed,False
GOV-0000718,2022,6,June,Q2,2022-06-01,FAC-012,Sao Paulo Operations,Brazil,Latin America,Conflict of Interest,45.69,82.72,0,0,0,47.6,3.3,0,0.0,78.68,Below Target,Non-Compliant,Significantly Delayed,False
GOV-0000719,2022,6,June,Q2,2022-06-01,FAC-012,Sao Paulo Operations,Brazil,Latin America,Supplier Standards,45.32,80.46,1,0,1,48.9,3.39,0,29010.77,75.36,Below Target,Non-Compliant,Significantly Delayed,True
GOV-0000720,2022,6,June,Q2,2022-06-01,FAC-012,Sao Paulo Operations,Brazil,Latin America,Information Security,47.23,81.08,4,2,2,49.0,3.64,0,0.0,73.3,Below Target,Non-Compliant,Significantly Delayed,False
GOV-0000721,2022,7,July,Q3,2022-07-01,FAC-001,Chicago Main Plant,USA,North America,Anti-Corruption,45.11,83.54,3,2,1,50.1,3.64,0,0.0,77.55,Below Target,Non-Compliant,Significantly Delayed,False
GOV-0000722,2022,7,July,Q3,2022-07-01,FAC-001,Chicago Main Plant,USA,North America,Data Privacy,48.41,81.54,4,2,2,45.9,3.86,0,0.0,77.26,Below Target,Non-Compliant,Significantly Delayed,False
GOV-0000723,2022,7,July,Q3,2022-07-01,FAC-001,Chicago Main Plant,USA,North America,Environmental,47.61,83.86,5,3,2,48.5,3.07,0,0.0,77.07,Below Target,Non-Compliant,Significantly Delayed,False
GOV-0000724,2022,7,July,Q3,2022-07-01,FAC-001,Chicago Main Plant,USA,North America,Health & Safety,46.68,83.03,4,3,1,50.1,3.59,0,0.0,75.2,Below Target,Non-Compliant,Significantly Delayed,False
GOV-0000725,2022,7,July,Q3,2022-07-01,FAC-001,Chicago Main Plant,USA,North America,Human Rights,49.56,85.05,0,0,0,52.9,3.39,1,0.0,77.15,Below Target,Near Compliant,Significantly Delayed,False
GOV-0000726,2022,7,July,Q3,2022-07-01,FAC-001,Chicago Main Plant,USA,North America,Whistleblower,45.99,83.28,4,3,1,41.9,3.57,0,0.0,76.56,Below Target,Non-Compliant,Slightly Delayed,False
GOV-0000727,2022,7,July,Q3,2022-07-01,FAC-001,Chicago Main Plant,USA,North America,Code of Conduct,46.53,80.8,3,1,2,51.2,3.41,0,0.0,76.97,Below Target,Non-Compliant,Significantly Delayed,False
GOV-0000728,2022,7,July,Q3,2022-07-01,FAC-001,Chicago Main Plant,USA,North America,Conflict of Interest,45.88,80.62,0,0,0,49.2,3.51,0,0.0,75.01,Below Target,Non-Compliant,Significantly Delayed,False
GOV-0000729,2022,7,July,Q3,2022-07-01,FAC-001,Chicago Main Plant,USA,North America,Supplier Standards,44.15,80.39,4,3,1,44.6,3.52,0,0.0,76.64,Below Target,Non-Compliant,Slightly Delayed,False
GOV-0000730,2022,7,July,Q3,2022-07-01,FAC-001,Chicago Main Plant,USA,North America,Information Security,44.21,82.57,0,0,0,45.9,3.59,0,0.0,76.61,Below Target,Non-Compliant,Significantly Delayed,False
GOV-0000731,2022,7,July,Q3,2022-07-01,FAC-002,Detroit Assembly,USA,North America,Anti-Corruption,45.76,83.66,5,3,2,44.5,3.59,0,0.0,73.76,Below Target,Non-Compliant,Slightly Delayed,False
GOV-0000732,2022,7,July,Q3,2022-07-01,FAC-002,Detroit Assembly,USA,North America,Data Privacy,45.21,81.76,3,1,2,42.9,3.78,0,0.0,79.05,Below Target,Non-Compliant,Slightly Delayed,False
GOV-0000733,2022,7,July,Q3,2022-07-01,FAC-002,Detroit Assembly,USA,North America,Environmental,46.07,82.22,1,0,1,49.1,3.69,0,0.0,77.28,Below Target,Non-Compliant,Significantly Delayed,False
GOV-0000734,2022,7,July,Q3,2022-07-01,FAC-002,Detroit Assembly,USA,North America,Health & Safety,44.19,79.75,1,0,1,49.7,3.73,0,0.0,77.7,Below Target,Non-Compliant,Significantly Delayed,False
GOV-0000735,2022,7,July,Q3,2022-07-01,FAC-002,Detroit Assembly,USA,North America,Human Rights,44.36,79.63,4,2,2,51.0,3.47,1,0.0,74.12,Below Target,Non-Compliant,Significantly Delayed,False
GOV-0000736,2022,7,July,Q3,2022-07-01,FAC-002,Detroit Assembly,USA,North America,Whistleblower,45.72,82.76,0,0,0,52.7,3.39,0,0.0,75.95,Below Target,Non-Compliant,Significantly Delayed,False
GOV-0000737,2022,7,July,Q3,2022-07-01,FAC-002,Detroit Assembly,USA,North America,Code of Conduct,48.08,84.19,0,0,0,51.0,3.49,0,0.0,72.76,Below Target,Non-Compliant,Significantly Delayed,False
GOV-0000738,2022,7,July,Q3,2022-07-01,FAC-002,Detroit Assembly,USA,North America,Conflict of Interest,43.89,79.31,2,1,1,47.4,3.64,0,0.0,75.66,Below Target,Non-Compliant,Significantly Delayed,False
GOV-0000739,2022,7,July,Q3,2022-07-01,FAC-002,Detroit Assembly,USA,North America,Supplier Standards,44.88,79.27,1,0,1,49.0,3.46,0,0.0,77.56,Below Target,Non-Compliant,Significantly Delayed,False
GOV-0000740,2022,7,July,Q3,2022-07-01,FAC-002,Detroit Assembly,USA,North America,Information Security,47.05,83.9,1,0,1,51.9,3.86,0,0.0,75.54,Below Target,Non-Compliant,Significantly Delayed,False
GOV-0000741,2022,7,July,Q3,2022-07-01,FAC-003,Toronto Operations,Canada,North America,Anti-Corruption,46.11,81.74,4,2,2,46.0,3.5,0,0.0,76.26,Below Target,Non-Compliant,Significantly Delayed,False
GOV-0000742,2022,7,July,Q3,2022-07-01,FAC-003,Toronto Operations,Canada,North America,Data Privacy,46.11,81.96,4,2,2,50.8,3.48,0,16401.09,76.6,Below Target,Non-Compliant,Significantly Delayed,True
GOV-0000743,2022,7,July,Q3,2022-07-01,FAC-003,Toronto Operations,Canada,North America,Environmental,45.65,80.12,4,3,1,44.4,3.62,0,0.0,76.07,Below Target,Non-Compliant,Slightly Delayed,False
GOV-0000744,2022,7,July,Q3,2022-07-01,FAC-003,Toronto Operations,Canada,North America,Health & Safety,47.75,81.56,4,3,1,48.5,3.28,0,0.0,76.18,Below Target,Non-Compliant,Significantly Delayed,False
GOV-0000745,2022,7,July,Q3,2022-07-01,FAC-003,Toronto Operations,Canada,North America,Human Rights,46.15,80.3,0,0,0,45.4,3.67,0,0.0,76.33,Below Target,Non-Compliant,Significantly Delayed,False
GOV-0000746,2022,7,July,Q3,2022-07-01,FAC-003,Toronto Operations,Canada,North America,Whistleblower,48.11,82.99,3,1,2,48.7,3.63,0,0.0,75.86,Below Target,Non-Compliant,Significantly Delayed,False
GOV-0000747,2022,7,July,Q3,2022-07-01,FAC-003,Toronto Operations,Canada,North America,Code of Conduct,46.91,83.46,4,3,1,48.2,3.69,0,0.0,78.36,Below Target,Non-Compliant,Significantly Delayed,False
GOV-0000748,2022,7,July,Q3,2022-07-01,FAC-003,Toronto Operations,Canada,North America,Conflict of Interest,47.53,84.67,4,3,1,53.8,3.49,0,0.0,76.55,Below Target,Non-Compliant,Significantly Delayed,False
GOV-0000749,2022,7,July,Q3,2022-07-01,FAC-003,Toronto Operations,Canada,North America,Supplier Standards,46.27,81.04,0,0,0,46.7,3.63,0,0.0,75.03,Below Target,Non-Compliant,Significantly Delayed,False
GOV-0000750,2022,7,July,Q3,2022-07-01,FAC-003,Toronto Operations,Canada,North America,Information Security,45.57,82.65,2,1,1,43.6,3.66,0,0.0,75.85,Below Target,Non-Compliant,Slightly Delayed,False
GOV-0000751,2022,7,July,Q3,2022-07-01,FAC-004,Munich Precision Works,Germany,Europe,Anti-Corruption,43.23,84.09,5,3,2,50.1,3.57,0,0.0,76.04,Below Target,Non-Compliant,Significantly Delayed,False
GOV-0000752,2022,7,July,Q3,2022-07-01,FAC-004,Munich Precision Works,Germany,Europe,Data Privacy,47.48,83.92,0,0,0,44.1,3.8,0,0.0,78.25,Below Target,Non-Compliant,Slightly Delayed,False
GOV-0000753,2022,7,July,Q3,2022-07-01,FAC-004,Munich Precision Works,Germany,Europe,Environmental,46.6,81.84,1,0,1,50.8,3.88,0,0.0,77.32,Below Target,Non-Compliant,Significantly Delayed,False
GOV-0000754,2022,7,July,Q3,2022-07-01,FAC-004,Munich Precision Works,Germany,Europe,Health & Safety,44.46,82.32,2,1,1,48.8,3.4,0,0.0,75.96,Below Target,Non-Compliant,Significantly Delayed,False
GOV-0000755,2022,7,July,Q3,2022-07-01,FAC-004,Munich Precision Works,Germany,Europe,Human Rights,46.65,83.14,5,4,1,43.7,3.36,0,0.0,73.96,Below Target,Non-Compliant,Slightly Delayed,False
GOV-0000756,2022,7,July,Q3,2022-07-01,FAC-004,Munich Precision Works,Germany,Europe,Whistleblower,46.63,80.62,1,0,1,48.4,3.58,0,0.0,75.66,Below Target,Non-Compliant,Significantly Delayed,False
GOV-0000757,2022,7,July,Q3,2022-07-01,FAC-004,Munich Precision Works,Germany,Europe,Code of Conduct,43.52,81.56,1,0,1,48.5,3.53,0,0.0,76.64,Below Target,Non-Compliant,Significantly Delayed,False
GOV-0000758,2022,7,July,Q3,2022-07-01,FAC-004,Munich Precision Works,Germany,Europe,Conflict of Interest,44.12,80.25,5,3,2,51.0,3.61,0,0.0,74.54,Below Target,Non-Compliant,Significantly Delayed,False
GOV-0000759,2022,7,July,Q3,2022-07-01,FAC-004,Munich Precision Works,Germany,Europe,Supplier Standards,45.51,83.17,2,1,1,48.0,3.68,0,0.0,73.83,Below Target,Non-Compliant,Significantly Delayed,False
GOV-0000760,2022,7,July,Q3,2022-07-01,FAC-004,Munich Precision Works,Germany,Europe,Information Security,46.06,83.12,4,2,2,49.8,3.57,0,0.0,73.54,Below Target,Non-Compliant,Significantly Delayed,False
GOV-0000761,2022,7,July,Q3,2022-07-01,FAC-005,Stuttgart Engineering,Germany,Europe,Anti-Corruption,48.51,81.83,0,0,0,47.6,3.35,0,0.0,73.22,Below Target,Non-Compliant,Significantly Delayed,False
GOV-0000762,2022,7,July,Q3,2022-07-01,FAC-005,Stuttgart Engineering,Germany,Europe,Data Privacy,45.33,82.27,1,0,1,47.9,3.22,0,0.0,74.65,Below Target,Non-Compliant,Significantly Delayed,False
GOV-0000763,2022,7,July,Q3,2022-07-01,FAC-005,Stuttgart Engineering,Germany,Europe,Environmental,43.14,81.21,0,0,0,47.7,3.77,0,0.0,78.29,Below Target,Non-Compliant,Significantly Delayed,False
GOV-0000764,2022,7,July,Q3,2022-07-01,FAC-005,Stuttgart Engineering,Germany,Europe,Health & Safety,44.5,80.39,4,3,1,43.9,3.63,0,0.0,75.77,Below Target,Non-Compliant,Slightly Delayed,False
GOV-0000765,2022,7,July,Q3,2022-07-01,FAC-005,Stuttgart Engineering,Germany,Europe,Human Rights,46.38,81.83,4,3,1,53.2,3.71,1,0.0,77.3,Below Target,Non-Compliant,Significantly Delayed,False
GOV-0000766,2022,7,July,Q3,2022-07-01,FAC-005,Stuttgart Engineering,Germany,Europe,Whistleblower,46.06,82.47,2,1,1,44.4,3.39,0,0.0,76.57,Below Target,Non-Compliant,Slightly Delayed,False
GOV-0000767,2022,7,July,Q3,2022-07-01,FAC-005,Stuttgart Engineering,Germany,Europe,Code of Conduct,45.97,83.49,1,0,1,44.7,3.71,0,0.0,78.49,Below Target,Non-Compliant,Slightly Delayed,False
GOV-0000768,2022,7,July,Q3,2022-07-01,FAC-005,Stuttgart Engineering,Germany,Europe,Conflict of Interest,46.46,79.66,3,1,2,47.3,3.5,0,0.0,75.07,Below Target,Non-Compliant,Significantly Delayed,False
GOV-0000769,2022,7,July,Q3,2022-07-01,FAC-005,Stuttgart Engineering,Germany,Europe,Supplier Standards,44.06,79.41,5,3,2,47.6,3.47,0,0.0,77.38,Below Target,Non-Compliant,Significantly Delayed,False
GOV-0000770,2022,7,July,Q3,2022-07-01,FAC-005,Stuttgart Engineering,Germany,Europe,Information Security,49.09,83.63,0,0,0,49.5,3.84,0,0.0,74.4,Below Target,Non-Compliant,Significantly Delayed,False
GOV-0000771,2022,7,July,Q3,2022-07-01,FAC-006,Rotterdam Hub,Netherlands,Europe,Anti-Corruption,47.26,82.1,2,1,1,52.1,3.75,0,0.0,76.23,Below Target,Non-Compliant,Significantly Delayed,False
GOV-0000772,2022,7,July,Q3,2022-07-01,FAC-006,Rotterdam Hub,Netherlands,Europe,Data Privacy,46.62,78.29,2,1,1,51.8,3.34,0,0.0,75.55,Below Target,Non-Compliant,Significantly Delayed,False
GOV-0000773,2022,7,July,Q3,2022-07-01,FAC-006,Rotterdam Hub,Netherlands,Europe,Environmental,48.45,82.57,0,0,0,43.9,3.44,0,0.0,74.51,Below Target,Non-Compliant,Slightly Delayed,False
GOV-0000774,2022,7,July,Q3,2022-07-01,FAC-006,Rotterdam Hub,Netherlands,Europe,Health & Safety,45.03,84.73,3,2,1,44.4,3.53,0,0.0,76.05,Below Target,Non-Compliant,Slightly Delayed,False
GOV-0000775,2022,7,July,Q3,2022-07-01,FAC-006,Rotterdam Hub,Netherlands,Europe,Human Rights,45.59,81.82,4,2,2,48.7,3.33,0,0.0,79.77,Below Target,Non-Compliant,Significantly Delayed,False
GOV-0000776,2022,7,July,Q3,2022-07-01,FAC-006,Rotterdam Hub,Netherlands,Europe,Whistleblower,44.81,84.99,1,0,1,46.6,3.62,0,0.0,76.32,Below Target,Non-Compliant,Significantly Delayed,False
GOV-0000777,2022,7,July,Q3,2022-07-01,FAC-006,Rotterdam Hub,Netherlands,Europe,Code of Conduct,42.66,78.13,3,2,1,46.1,3.38,0,0.0,77.03,Below Target,Non-Compliant,Significantly Delayed,False
GOV-0000778,2022,7,July,Q3,2022-07-01,FAC-006,Rotterdam Hub,Netherlands,Europe,Conflict of Interest,45.53,82.47,3,2,1,41.9,3.58,0,0.0,77.59,Below Target,Non-Compliant,Slightly Delayed,False
GOV-0000779,2022,7,July,Q3,2022-07-01,FAC-006,Rotterdam Hub,Netherlands,Europe,Supplier Standards,45.12,82.1,5,3,2,49.0,3.38,0,0.0,75.23,Below Target,Non-Compliant,Significantly Delayed,False
GOV-0000780,2022,7,July,Q3,2022-07-01,FAC-006,Rotterdam Hub,Netherlands,Europe,Information Security,44.12,82.03,0,0,0,43.2,3.58,0,0.0,75.82,Below Target,Non-Compliant,Slightly Delayed,False
GOV-0000781,2022,7,July,Q3,2022-07-01,FAC-007,Lyon Components,France,Europe,Anti-Corruption,44.97,80.52,5,4,1,48.2,3.57,0,0.0,76.22,Below Target,Non-Compliant,Significantly Delayed,False
GOV-0000782,2022,7,July,Q3,2022-07-01,FAC-007,Lyon Components,France,Europe,Data Privacy,44.77,81.69,4,2,2,44.7,3.36,0,0.0,74.26,Below Target,Non-Compliant,Slightly Delayed,False
GOV-0000783,2022,7,July,Q3,2022-07-01,FAC-007,Lyon Components,France,Europe,Environmental,47.63,82.1,4,2,2,48.8,3.48,0,0.0,76.06,Below Target,Non-Compliant,Significantly Delayed,False
GOV-0000784,2022,7,July,Q3,2022-07-01,FAC-007,Lyon Components,France,Europe,Health & Safety,46.58,80.82,5,4,1,47.3,3.48,0,0.0,79.31,Below Target,Non-Compliant,Significantly Delayed,False
GOV-0000785,2022,7,July,Q3,2022-07-01,FAC-007,Lyon Components,France,Europe,Human Rights,44.75,80.69,5,3,2,42.9,3.81,0,0.0,78.14,Below Target,Non-Compliant,Slightly Delayed,False
GOV-0000786,2022,7,July,Q3,2022-07-01,FAC-007,Lyon Components,France,Europe,Whistleblower,47.6,81.53,1,0,1,48.2,3.74,0,0.0,72.66,Below Target,Non-Compliant,Significantly Delayed,False
GOV-0000787,2022,7,July,Q3,2022-07-01,FAC-007,Lyon Components,France,Europe,Code of Conduct,46.66,82.49,5,3,2,52.5,3.13,0,0.0,79.28,Below Target,Non-Compliant,Significantly Delayed,False
GOV-0000788,2022,7,July,Q3,2022-07-01,FAC-007,Lyon Components,France,Europe,Conflict of Interest,45.19,83.06,2,1,1,43.7,3.65,0,0.0,75.41,Below Target,Non-Compliant,Slightly Delayed,False
GOV-0000789,2022,7,July,Q3,2022-07-01,FAC-007,Lyon Components,France,Europe,Supplier Standards,46.72,84.06,2,1,1,50.7,3.33,0,0.0,76.52,Below Target,Non-Compliant,Significantly Delayed,False
GOV-0000790,2022,7,July,Q3,2022-07-01,FAC-007,Lyon Components,France,Europe,Information Security,47.12,85.23,0,0,0,50.0,3.23,0,0.0,75.45,Below Target,Near Compliant,Significantly Delayed,False
GOV-0000791,2022,7,July,Q3,2022-07-01,FAC-008,Shanghai Manufacturing,China,Asia Pacific,Anti-Corruption,47.53,82.08,3,2,1,48.3,3.28,0,0.0,76.41,Below Target,Non-Compliant,Significantly Delayed,False
GOV-0000792,2022,7,July,Q3,2022-07-01,FAC-008,Shanghai Manufacturing,China,Asia Pacific,Data Privacy,46.39,82.22,5,4,1,52.2,3.39,0,0.0,72.85,Below Target,Non-Compliant,Significantly Delayed,False
GOV-0000793,2022,7,July,Q3,2022-07-01,FAC-008,Shanghai Manufacturing,China,Asia Pacific,Environmental,45.85,81.79,5,4,1,48.1,3.76,0,0.0,77.04,Below Target,Non-Compliant,Significantly Delayed,False
GOV-0000794,2022,7,July,Q3,2022-07-01,FAC-008,Shanghai Manufacturing,China,Asia Pacific,Health & Safety,46.28,81.24,5,4,1,46.3,3.28,0,0.0,75.67,Below Target,Non-Compliant,Significantly Delayed,False
GOV-0000795,2022,7,July,Q3,2022-07-01,FAC-008,Shanghai Manufacturing,China,Asia Pacific,Human Rights,45.65,81.99,4,2,2,45.8,3.33,0,0.0,79.81,Below Target,Non-Compliant,Significantly Delayed,False
GOV-0000796,2022,7,July,Q3,2022-07-01,FAC-008,Shanghai Manufacturing,China,Asia Pacific,Whistleblower,44.49,84.54,2,1,1,47.1,2.91,0,0.0,73.86,Below Target,Non-Compliant,Significantly Delayed,False
GOV-0000797,2022,7,July,Q3,2022-07-01,FAC-008,Shanghai Manufacturing,China,Asia Pacific,Code of Conduct,46.4,83.43,0,0,0,47.6,3.61,0,0.0,75.34,Below Target,Non-Compliant,Significantly Delayed,False
GOV-0000798,2022,7,July,Q3,2022-07-01,FAC-008,Shanghai Manufacturing,China,Asia Pacific,Conflict of Interest,45.72,83.71,3,2,1,49.5,3.48,0,0.0,77.68,Below Target,Non-Compliant,Significantly Delayed,False
GOV-0000799,2022,7,July,Q3,2022-07-01,FAC-008,Shanghai Manufacturing,China,Asia Pacific,Supplier Standards,47.88,83.21,2,1,1,43.6,3.56,0,0.0,75.37,Below Target,Non-Compliant,Slightly Delayed,False
GOV-0000800,2022,7,July,Q3,2022-07-01,FAC-008,Shanghai Manufacturing,China,Asia Pacific,Information Security,45.97,80.67,0,0,0,47.3,3.32,0,0.0,76.47,Below Target,Non-Compliant,Significantly Delayed,False
GOV-0000801,2022,7,July,Q3,2022-07-01,FAC-009,Bangalore Tech Centre,India,Asia Pacific,Anti-Corruption,46.1,80.22,3,1,2,40.7,3.61,0,125870.91,77.32,Below Target,Non-Compliant,Slightly Delayed,True
GOV-0000802,2022,7,July,Q3,2022-07-01,FAC-009,Bangalore Tech Centre,India,Asia Pacific,Data Privacy,46.34,83.77,2,1,1,43.1,3.68,0,0.0,76.09,Below Target,Non-Compliant,Slightly Delayed,False
GOV-0000803,2022,7,July,Q3,2022-07-01,FAC-009,Bangalore Tech Centre,India,Asia Pacific,Environmental,47.67,81.91,0,0,0,49.5,3.5,0,0.0,76.42,Below Target,Non-Compliant,Significantly Delayed,False
GOV-0000804,2022,7,July,Q3,2022-07-01,FAC-009,Bangalore Tech Centre,India,Asia Pacific,Health & Safety,43.72,80.96,4,3,1,45.6,3.13,0,0.0,76.83,Below Target,Non-Compliant,Significantly Delayed,False
GOV-0000805,2022,7,July,Q3,2022-07-01,FAC-009,Bangalore Tech Centre,India,Asia Pacific,Human Rights,47.07,81.78,2,1,1,47.6,3.87,0,0.0,76.15,Below Target,Non-Compliant,Significantly Delayed,False
GOV-0000806,2022,7,July,Q3,2022-07-01,FAC-009,Bangalore Tech Centre,India,Asia Pacific,Whistleblower,47.29,80.2,5,3,2,48.2,3.15,0,0.0,77.78,Below Target,Non-Compliant,Significantly Delayed,False
GOV-0000807,2022,7,July,Q3,2022-07-01,FAC-009,Bangalore Tech Centre,India,Asia Pacific,Code of Conduct,45.79,80.62,4,3,1,52.3,3.31,0,0.0,76.84,Below Target,Non-Compliant,Significantly Delayed,False
GOV-0000808,2022,7,July,Q3,2022-07-01,FAC-009,Bangalore Tech Centre,India,Asia Pacific,Conflict of Interest,45.59,80.97,3,2,1,41.0,3.83,0,0.0,74.82,Below Target,Non-Compliant,Slightly Delayed,False
GOV-0000809,2022,7,July,Q3,2022-07-01,FAC-009,Bangalore Tech Centre,India,Asia Pacific,Supplier Standards,45.12,79.42,1,0,1,44.8,3.8,0,0.0,73.37,Below Target,Non-Compliant,Slightly Delayed,False
GOV-0000810,2022,7,July,Q3,2022-07-01,FAC-009,Bangalore Tech Centre,India,Asia Pacific,Information Security,46.69,81.52,3,2,1,44.0,3.71,0,0.0,76.62,Below Target,Non-Compliant,Slightly Delayed,False
GOV-0000811,2022,7,July,Q3,2022-07-01,FAC-010,Singapore Distribution,Singapore,Asia Pacific,Anti-Corruption,45.35,82.25,2,1,1,44.5,3.51,0,0.0,78.09,Below Target,Non-Compliant,Slightly Delayed,False
GOV-0000812,2022,7,July,Q3,2022-07-01,FAC-010,Singapore Distribution,Singapore,Asia Pacific,Data Privacy,46.38,80.15,2,1,1,45.7,3.75,0,0.0,74.99,Below Target,Non-Compliant,Significantly Delayed,False
GOV-0000813,2022,7,July,Q3,2022-07-01,FAC-010,Singapore Distribution,Singapore,Asia Pacific,Environmental,44.31,85.33,1,0,1,46.1,3.43,0,0.0,74.73,Below Target,Near Compliant,Significantly Delayed,False
GOV-0000814,2022,7,July,Q3,2022-07-01,FAC-010,Singapore Distribution,Singapore,Asia Pacific,Health & Safety,47.13,82.22,2,1,1,50.5,3.66,0,0.0,75.45,Below Target,Non-Compliant,Significantly Delayed,False
GOV-0000815,2022,7,July,Q3,2022-07-01,FAC-010,Singapore Distribution,Singapore,Asia Pacific,Human Rights,44.44,82.14,0,0,0,43.4,3.7,0,0.0,75.69,Below Target,Non-Compliant,Slightly Delayed,False
GOV-0000816,2022,7,July,Q3,2022-07-01,FAC-010,Singapore Distribution,Singapore,Asia Pacific,Whistleblower,42.79,81.92,3,2,1,49.1,3.56,0,0.0,75.32,Below Target,Non-Compliant,Significantly Delayed,False
GOV-0000817,2022,7,July,Q3,2022-07-01,FAC-010,Singapore Distribution,Singapore,Asia Pacific,Code of Conduct,44.54,83.19,0,0,0,47.7,3.45,0,0.0,74.16,Below Target,Non-Compliant,Significantly Delayed,False
GOV-0000818,2022,7,July,Q3,2022-07-01,FAC-010,Singapore Distribution,Singapore,Asia Pacific,Conflict of Interest,47.64,83.97,3,2,1,49.1,3.68,0,0.0,74.85,Below Target,Non-Compliant,Significantly Delayed,False
GOV-0000819,2022,7,July,Q3,2022-07-01,FAC-010,Singapore Distribution,Singapore,Asia Pacific,Supplier Standards,47.04,82.25,1,0,1,49.1,3.64,0,0.0,75.32,Below Target,Non-Compliant,Significantly Delayed,False
GOV-0000820,2022,7,July,Q3,2022-07-01,FAC-010,Singapore Distribution,Singapore,Asia Pacific,Information Security,44.67,82.93,2,1,1,49.0,3.38,0,0.0,76.92,Below Target,Non-Compliant,Significantly Delayed,False
GOV-0000821,2022,7,July,Q3,2022-07-01,FAC-011,Monterrey Plant,Mexico,Latin America,Anti-Corruption,44.97,81.87,4,3,1,47.7,3.71,0,0.0,77.99,Below Target,Non-Compliant,Significantly Delayed,False
GOV-0000822,2022,7,July,Q3,2022-07-01,FAC-011,Monterrey Plant,Mexico,Latin America,Data Privacy,46.96,81.09,0,0,0,50.4,3.4,0,0.0,75.19,Below Target,Non-Compliant,Significantly Delayed,False
GOV-0000823,2022,7,July,Q3,2022-07-01,FAC-011,Monterrey Plant,Mexico,Latin America,Environmental,42.81,83.05,0,0,0,42.8,3.75,0,0.0,76.07,Below Target,Non-Compliant,Slightly Delayed,False
GOV-0000824,2022,7,July,Q3,2022-07-01,FAC-011,Monterrey Plant,Mexico,Latin America,Health & Safety,46.34,82.65,4,3,1,55.4,3.59,0,60613.74,75.69,Below Target,Non-Compliant,Significantly Delayed,True
GOV-0000825,2022,7,July,Q3,2022-07-01,FAC-011,Monterrey Plant,Mexico,Latin America,Human Rights,46.89,81.34,3,2,1,44.5,3.52,0,0.0,74.58,Below Target,Non-Compliant,Slightly Delayed,False
GOV-0000826,2022,7,July,Q3,2022-07-01,FAC-011,Monterrey Plant,Mexico,Latin America,Whistleblower,46.17,83.46,5,4,1,46.5,3.61,0,0.0,76.37,Below Target,Non-Compliant,Significantly Delayed,False
GOV-0000827,2022,7,July,Q3,2022-07-01,FAC-011,Monterrey Plant,Mexico,Latin America,Code of Conduct,46.38,81.75,1,0,1,44.0,3.7,0,56269.21,74.31,Below Target,Non-Compliant,Slightly Delayed,True
GOV-0000828,2022,7,July,Q3,2022-07-01,FAC-011,Monterrey Plant,Mexico,Latin America,Conflict of Interest,44.54,80.02,5,3,2,52.5,3.39,0,0.0,75.56,Below Target,Non-Compliant,Significantly Delayed,False
GOV-0000829,2022,7,July,Q3,2022-07-01,FAC-011,Monterrey Plant,Mexico,Latin America,Supplier Standards,45.59,83.25,3,2,1,43.8,3.27,0,0.0,79.1,Below Target,Non-Compliant,Slightly Delayed,False
GOV-0000830,2022,7,July,Q3,2022-07-01,FAC-011,Monterrey Plant,Mexico,Latin America,Information Security,44.93,81.1,1,0,1,45.1,3.46,0,0.0,76.23,Below Target,Non-Compliant,Significantly Delayed,False
GOV-0000831,2022,7,July,Q3,2022-07-01,FAC-012,Sao Paulo Operations,Brazil,Latin America,Anti-Corruption,44.86,83.07,2,1,1,45.6,3.09,0,0.0,74.38,Below Target,Non-Compliant,Significantly Delayed,False
GOV-0000832,2022,7,July,Q3,2022-07-01,FAC-012,Sao Paulo Operations,Brazil,Latin America,Data Privacy,46.11,81.08,3,2,1,52.6,3.43,0,0.0,78.3,Below Target,Non-Compliant,Significantly Delayed,False
GOV-0000833,2022,7,July,Q3,2022-07-01,FAC-012,Sao Paulo Operations,Brazil,Latin America,Environmental,44.79,81.6,2,1,1,45.5,3.28,0,0.0,74.8,Below Target,Non-Compliant,Significantly Delayed,False
GOV-0000834,2022,7,July,Q3,2022-07-01,FAC-012,Sao Paulo Operations,Brazil,Latin America,Health & Safety,47.57,82.08,0,0,0,47.4,3.57,0,0.0,77.48,Below Target,Non-Compliant,Significantly Delayed,False
GOV-0000835,2022,7,July,Q3,2022-07-01,FAC-012,Sao Paulo Operations,Brazil,Latin America,Human Rights,44.72,84.08,3,1,2,50.3,3.46,0,0.0,77.7,Below Target,Non-Compliant,Significantly Delayed,False
GOV-0000836,2022,7,July,Q3,2022-07-01,FAC-012,Sao Paulo Operations,Brazil,Latin America,Whistleblower,49.05,84.21,0,0,0,48.6,3.42,0,0.0,76.61,Below Target,Non-Compliant,Significantly Delayed,False
GOV-0000837,2022,7,July,Q3,2022-07-01,FAC-012,Sao Paulo Operations,Brazil,Latin America,Code of Conduct,47.12,79.93,3,1,2,48.5,3.77,0,0.0,71.91,Below Target,Non-Compliant,Significantly Delayed,False
GOV-0000838,2022,7,July,Q3,2022-07-01,FAC-012,Sao Paulo Operations,Brazil,Latin America,Conflict of Interest,42.58,79.84,5,4,1,46.6,3.54,0,0.0,78.61,Below Target,Non-Compliant,Significantly Delayed,False
GOV-0000839,2022,7,July,Q3,2022-07-01,FAC-012,Sao Paulo Operations,Brazil,Latin America,Supplier Standards,46.03,81.54,2,1,1,50.6,3.33,0,0.0,74.25,Below Target,Non-Compliant,Significantly Delayed,False
GOV-0000840,2022,7,July,Q3,2022-07-01,FAC-012,Sao Paulo Operations,Brazil,Latin America,Information Security,46.09,83.03,4,2,2,50.0,3.54,0,0.0,78.79,Below Target,Non-Compliant,Significantly Delayed,False
GOV-0000841,2022,8,August,Q3,2022-08-01,FAC-001,Chicago Main Plant,USA,North America,Anti-Corruption,43.67,84.32,3,2,1,44.1,3.64,0,0.0,73.65,Below Target,Non-Compliant,Slightly Delayed,False
GOV-0000842,2022,8,August,Q3,2022-08-01,FAC-001,Chicago Main Plant,USA,North America,Data Privacy,44.9,82.61,1,0,1,51.1,3.49,0,0.0,76.96,Below Target,Non-Compliant,Significantly Delayed,False
GOV-0000843,2022,8,August,Q3,2022-08-01,FAC-001,Chicago Main Plant,USA,North America,Environmental,45.63,81.3,0,0,0,50.7,3.59,0,0.0,73.73,Below Target,Non-Compliant,Significantly Delayed,False
GOV-0000844,2022,8,August,Q3,2022-08-01,FAC-001,Chicago Main Plant,USA,North America,Health & Safety,45.02,82.1,2,1,1,49.6,3.36,0,0.0,77.53,Below Target,Non-Compliant,Significantly Delayed,False
GOV-0000845,2022,8,August,Q3,2022-08-01,FAC-001,Chicago Main Plant,USA,North America,Human Rights,46.86,83.04,3,2,1,48.5,3.17,0,0.0,76.09,Below Target,Non-Compliant,Significantly Delayed,False
GOV-0000846,2022,8,August,Q3,2022-08-01,FAC-001,Chicago Main Plant,USA,North America,Whistleblower,43.74,80.7,5,4,1,47.9,3.62,0,0.0,74.35,Below Target,Non-Compliant,Significantly Delayed,False
GOV-0000847,2022,8,August,Q3,2022-08-01,FAC-001,Chicago Main Plant,USA,North America,Code of Conduct,45.25,85.92,0,0,0,47.8,3.46,0,0.0,73.42,Below Target,Near Compliant,Significantly Delayed,False
GOV-0000848,2022,8,August,Q3,2022-08-01,FAC-001,Chicago Main Plant,USA,North America,Conflict of Interest,46.7,81.82,5,3,2,50.7,3.4,0,0.0,78.11,Below Target,Non-Compliant,Significantly Delayed,False
GOV-0000849,2022,8,August,Q3,2022-08-01,FAC-001,Chicago Main Plant,USA,North America,Supplier Standards,44.67,81.08,0,0,0,46.8,3.23,0,16881.68,77.43,Below Target,Non-Compliant,Significantly Delayed,True
GOV-0000850,2022,8,August,Q3,2022-08-01,FAC-001,Chicago Main Plant,USA,North America,Information Security,45.17,80.91,1,0,1,48.5,3.73,0,0.0,77.42,Below Target,Non-Compliant,Significantly Delayed,False
GOV-0000851,2022,8,August,Q3,2022-08-01,FAC-002,Detroit Assembly,USA,North America,Anti-Corruption,46.05,79.78,1,0,1,48.8,3.69,0,0.0,76.37,Below Target,Non-Compliant,Significantly Delayed,False
GOV-0000852,2022,8,August,Q3,2022-08-01,FAC-002,Detroit Assembly,USA,North America,Data Privacy,46.73,83.58,0,0,0,50.3,3.68,0,0.0,75.35,Below Target,Non-Compliant,Significantly Delayed,False
GOV-0000853,2022,8,August,Q3,2022-08-01,FAC-002,Detroit Assembly,USA,North America,Environmental,47.61,81.52,1,0,1,52.4,3.66,0,0.0,76.72,Below Target,Non-Compliant,Significantly Delayed,False
GOV-0000854,2022,8,August,Q3,2022-08-01,FAC-002,Detroit Assembly,USA,North America,Health & Safety,45.69,79.4,0,0,0,49.4,3.72,0,0.0,75.51,Below Target,Non-Compliant,Significantly Delayed,False
GOV-0000855,2022,8,August,Q3,2022-08-01,FAC-002,Detroit Assembly,USA,North America,Human Rights,45.58,77.76,0,0,0,49.6,3.46,0,0.0,76.02,Below Target,Non-Compliant,Significantly Delayed,False
GOV-0000856,2022,8,August,Q3,2022-08-01,FAC-002,Detroit Assembly,USA,North America,Whistleblower,46.07,83.98,4,2,2,54.6,3.32,0,0.0,72.41,Below Target,Non-Compliant,Significantly Delayed,False
GOV-0000857,2022,8,August,Q3,2022-08-01,FAC-002,Detroit Assembly,USA,North America,Code of Conduct,43.98,84.79,0,0,0,54.6,3.55,0,0.0,76.13,Below Target,Non-Compliant,Significantly Delayed,False
GOV-0000858,2022,8,August,Q3,2022-08-01,FAC-002,Detroit Assembly,USA,North America,Conflict of Interest,46.94,79.47,3,2,1,49.0,3.44,0,0.0,76.24,Below Target,Non-Compliant,Significantly Delayed,False
GOV-0000859,2022,8,August,Q3,2022-08-01,FAC-002,Detroit Assembly,USA,North America,Supplier Standards,45.55,82.75,0,0,0,47.9,3.44,0,0.0,76.91,Below Target,Non-Compliant,Significantly Delayed,False
GOV-0000860,2022,8,August,Q3,2022-08-01,FAC-002,Detroit Assembly,USA,North America,Information Security,46.42,82.78,2,1,1,50.9,3.66,0,116766.31,78.2,Below Target,Non-Compliant,Significantly Delayed,True
GOV-0000861,2022,8,August,Q3,2022-08-01,FAC-003,Toronto Operations,Canada,North America,Anti-Corruption,46.49,79.96,3,2,1,49.1,3.34,0,0.0,77.12,Below Target,Non-Compliant,Significantly Delayed,False
GOV-0000862,2022,8,August,Q3,2022-08-01,FAC-003,Toronto Operations,Canada,North America,Data Privacy,43.4,81.74,1,0,1,47.4,3.5,0,0.0,76.18,Below Target,Non-Compliant,Significantly Delayed,False
GOV-0000863,2022,8,August,Q3,2022-08-01,FAC-003,Toronto Operations,Canada,North America,Environmental,45.79,83.55,3,2,1,51.2,3.62,0,0.0,77.49,Below Target,Non-Compliant,Significantly Delayed,False
GOV-0000864,2022,8,August,Q3,2022-08-01,FAC-003,Toronto Operations,Canada,North America,Health & Safety,44.93,81.22,4,3,1,45.7,3.54,0,0.0,75.24,Below Target,Non-Compliant,Significantly Delayed,False
GOV-0000865,2022,8,August,Q3,2022-08-01,FAC-003,Toronto Operations,Canada,North America,Human Rights,47.97,81.19,0,0,0,44.5,3.52,0,0.0,74.66,Below Target,Non-Compliant,Slightly Delayed,False
GOV-0000866,2022,8,August,Q3,2022-08-01,FAC-003,Toronto Operations,Canada,North America,Whistleblower,43.36,84.02,4,3,1,50.2,3.5,0,0.0,77.44,Below Target,Non-Compliant,Significantly Delayed,False
GOV-0000867,2022,8,August,Q3,2022-08-01,FAC-003,Toronto Operations,Canada,North America,Code of Conduct,45.62,80.02,0,0,0,44.5,3.65,0,0.0,77.78,Below Target,Non-Compliant,Slightly Delayed,False
GOV-0000868,2022,8,August,Q3,2022-08-01,FAC-003,Toronto Operations,Canada,North America,Conflict of Interest,45.87,81.81,3,2,1,45.3,3.27,0,0.0,76.49,Below Target,Non-Compliant,Significantly Delayed,False
GOV-0000869,2022,8,August,Q3,2022-08-01,FAC-003,Toronto Operations,Canada,North America,Supplier Standards,46.81,80.93,1,0,1,43.4,3.34,0,0.0,74.0,Below Target,Non-Compliant,Slightly Delayed,False
GOV-0000870,2022,8,August,Q3,2022-08-01,FAC-003,Toronto Operations,Canada,North America,Information Security,44.15,82.49,4,3,1,43.9,3.29,0,0.0,77.78,Below Target,Non-Compliant,Slightly Delayed,False
GOV-0000871,2022,8,August,Q3,2022-08-01,FAC-004,Munich Precision Works,Germany,Europe,Anti-Corruption,47.42,81.52,4,2,2,49.4,3.45,0,123286.62,76.07,Below Target,Non-Compliant,Significantly Delayed,True
GOV-0000872,2022,8,August,Q3,2022-08-01,FAC-004,Munich Precision Works,Germany,Europe,Data Privacy,45.69,82.87,2,1,1,48.2,3.54,0,0.0,75.44,Below Target,Non-Compliant,Significantly Delayed,False
GOV-0000873,2022,8,August,Q3,2022-08-01,FAC-004,Munich Precision Works,Germany,Europe,Environmental,45.25,80.99,2,1,1,46.8,3.66,0,0.0,73.49,Below Target,Non-Compliant,Significantly Delayed,False
GOV-0000874,2022,8,August,Q3,2022-08-01,FAC-004,Munich Precision Works,Germany,Europe,Health & Safety,46.24,83.04,4,3,1,54.9,3.49,0,0.0,74.83,Below Target,Non-Compliant,Significantly Delayed,False
GOV-0000875,2022,8,August,Q3,2022-08-01,FAC-004,Munich Precision Works,Germany,Europe,Human Rights,45.91,79.6,2,1,1,46.9,3.13,0,0.0,74.77,Below Target,Non-Compliant,Significantly Delayed,False
GOV-0000876,2022,8,August,Q3,2022-08-01,FAC-004,Munich Precision Works,Germany,Europe,Whistleblower,46.64,80.48,0,0,0,51.0,3.45,0,0.0,76.39,Below Target,Non-Compliant,Significantly Delayed,False
GOV-0000877,2022,8,August,Q3,2022-08-01,FAC-004,Munich Precision Works,Germany,Europe,Code of Conduct,46.34,81.68,1,0,1,52.5,3.47,0,0.0,74.73,Below Target,Non-Compliant,Significantly Delayed,False
GOV-0000878,2022,8,August,Q3,2022-08-01,FAC-004,Munich Precision Works,Germany,Europe,Conflict of Interest,43.96,83.33,2,1,1,39.4,3.81,0,0.0,72.86,Below Target,Non-Compliant,Slightly Delayed,False
GOV-0000879,2022,8,August,Q3,2022-08-01,FAC-004,Munich Precision Works,Germany,Europe,Supplier Standards,46.41,80.73,4,3,1,49.7,3.43,0,0.0,75.06,Below Target,Non-Compliant,Significantly Delayed,False
GOV-0000880,2022,8,August,Q3,2022-08-01,FAC-004,Munich Precision Works,Germany,Europe,Information Security,45.07,80.4,2,1,1,48.8,3.02,0,0.0,74.1,Below Target,Non-Compliant,Significantly Delayed,False
GOV-0000881,2022,8,August,Q3,2022-08-01,FAC-005,Stuttgart Engineering,Germany,Europe,Anti-Corruption,46.01,82.82,2,1,1,52.3,3.35,0,0.0,76.45,Below Target,Non-Compliant,Significantly Delayed,False
GOV-0000882,2022,8,August,Q3,2022-08-01,FAC-005,Stuttgart Engineering,Germany,Europe,Data Privacy,48.63,81.62,3,1,2,49.9,3.36,0,0.0,79.53,Below Target,Non-Compliant,Significantly Delayed,False
GOV-0000883,2022,8,August,Q3,2022-08-01,FAC-005,Stuttgart Engineering,Germany,Europe,Environmental,45.66,80.45,1,0,1,42.2,3.13,0,0.0,75.14,Below Target,Non-Compliant,Slightly Delayed,False
GOV-0000884,2022,8,August,Q3,2022-08-01,FAC-005,Stuttgart Engineering,Germany,Europe,Health & Safety,46.24,79.9,4,3,1,47.3,3.43,0,0.0,76.22,Below Target,Non-Compliant,Significantly Delayed,False
GOV-0000885,2022,8,August,Q3,2022-08-01,FAC-005,Stuttgart Engineering,Germany,Europe,Human Rights,44.93,81.75,1,0,1,44.1,3.28,0,0.0,75.57,Below Target,Non-Compliant,Slightly Delayed,False
GOV-0000886,2022,8,August,Q3,2022-08-01,FAC-005,Stuttgart Engineering,Germany,Europe,Whistleblower,44.12,81.61,5,3,2,48.8,3.5,0,0.0,74.81,Below Target,Non-Compliant,Significantly Delayed,False
GOV-0000887,2022,8,August,Q3,2022-08-01,FAC-005,Stuttgart Engineering,Germany,Europe,Code of Conduct,47.31,82.16,3,2,1,47.3,3.46,0,0.0,71.86,Below Target,Non-Compliant,Significantly Delayed,False
GOV-0000888,2022,8,August,Q3,2022-08-01,FAC-005,Stuttgart Engineering,Germany,Europe,Conflict of Interest,47.01,82.41,0,0,0,43.5,3.4,0,0.0,75.86,Below Target,Non-Compliant,Slightly Delayed,False
GOV-0000889,2022,8,August,Q3,2022-08-01,FAC-005,Stuttgart Engineering,Germany,Europe,Supplier Standards,46.02,83.95,1,0,1,48.7,3.57,0,0.0,74.22,Below Target,Non-Compliant,Significantly Delayed,False
GOV-0000890,2022,8,August,Q3,2022-08-01,FAC-005,Stuttgart Engineering,Germany,Europe,Information Security,45.95,83.78,2,1,1,46.5,3.45,0,0.0,73.88,Below Target,Non-Compliant,Significantly Delayed,False
GOV-0000891,2022,8,August,Q3,2022-08-01,FAC-006,Rotterdam Hub,Netherlands,Europe,Anti-Corruption,47.4,79.02,3,2,1,47.3,3.61,0,0.0,77.8,Below Target,Non-Compliant,Significantly Delayed,False
GOV-0000892,2022,8,August,Q3,2022-08-01,FAC-006,Rotterdam Hub,Netherlands,Europe,Data Privacy,45.21,84.92,1,0,1,47.6,3.42,0,0.0,75.86,Below Target,Non-Compliant,Significantly Delayed,False
GOV-0000893,2022,8,August,Q3,2022-08-01,FAC-006,Rotterdam Hub,Netherlands,Europe,Environmental,44.65,82.6,5,3,2,44.8,3.46,0,74705.53,77.32,Below Target,Non-Compliant,Slightly Delayed,True
GOV-0000894,2022,8,August,Q3,2022-08-01,FAC-006,Rotterdam Hub,Netherlands,Europe,Health & Safety,46.35,81.85,3,2,1,50.9,3.47,0,0.0,76.39,Below Target,Non-Compliant,Significantly Delayed,False
GOV-0000895,2022,8,August,Q3,2022-08-01,FAC-006,Rotterdam Hub,Netherlands,Europe,Human Rights,47.75,81.92,3,2,1,47.4,3.71,0,0.0,75.81,Below Target,Non-Compliant,Significantly Delayed,False
GOV-0000896,2022,8,August,Q3,2022-08-01,FAC-006,Rotterdam Hub,Netherlands,Europe,Whistleblower,45.72,81.64,4,3,1,51.6,3.64,0,0.0,77.2,Below Target,Non-Compliant,Significantly Delayed,False
GOV-0000897,2022,8,August,Q3,2022-08-01,FAC-006,Rotterdam Hub,Netherlands,Europe,Code of Conduct,45.88,83.62,3,2,1,51.4,3.75,0,0.0,77.22,Below Target,Non-Compliant,Significantly Delayed,False
GOV-0000898,2022,8,August,Q3,2022-08-01,FAC-006,Rotterdam Hub,Netherlands,Europe,Conflict of Interest,47.51,81.3,2,1,1,49.7,3.34,0,0.0,76.52,Below Target,Non-Compliant,Significantly Delayed,False
GOV-0000899,2022,8,August,Q3,2022-08-01,FAC-006,Rotterdam Hub,Netherlands,Europe,Supplier Standards,47.12,83.76,1,0,1,46.1,3.27,0,0.0,73.9,Below Target,Non-Compliant,Significantly Delayed,False
GOV-0000900,2022,8,August,Q3,2022-08-01,FAC-006,Rotterdam Hub,Netherlands,Europe,Information Security,48.67,82.38,5,3,2,46.7,3.24,0,0.0,75.8,Below Target,Non-Compliant,Significantly Delayed,False
GOV-0000901,2022,8,August,Q3,2022-08-01,FAC-007,Lyon Components,France,Europe,Anti-Corruption,49.2,81.45,5,3,2,47.1,3.36,0,0.0,74.87,Below Target,Non-Compliant,Significantly Delayed,False
GOV-0000902,2022,8,August,Q3,2022-08-01,FAC-007,Lyon Components,France,Europe,Data Privacy,46.15,83.6,0,0,0,42.0,3.17,0,0.0,73.09,Below Target,Non-Compliant,Slightly Delayed,False
GOV-0000903,2022,8,August,Q3,2022-08-01,FAC-007,Lyon Components,France,Europe,Environmental,44.31,81.66,3,2,1,42.0,3.35,0,0.0,77.59,Below Target,Non-Compliant,Slightly Delayed,False
GOV-0000904,2022,8,August,Q3,2022-08-01,FAC-007,Lyon Components,France,Europe,Health & Safety,47.57,82.38,1,0,1,47.4,2.87,0,0.0,73.37,Below Target,Non-Compliant,Significantly Delayed,False
GOV-0000905,2022,8,August,Q3,2022-08-01,FAC-007,Lyon Components,France,Europe,Human Rights,47.18,79.68,4,2,2,51.2,3.53,0,0.0,78.2,Below Target,Non-Compliant,Significantly Delayed,False
GOV-0000906,2022,8,August,Q3,2022-08-01,FAC-007,Lyon Components,France,Europe,Whistleblower,44.51,83.49,4,2,2,50.2,3.62,0,0.0,77.4,Below Target,Non-Compliant,Significantly Delayed,False
GOV-0000907,2022,8,August,Q3,2022-08-01,FAC-007,Lyon Components,France,Europe,Code of Conduct,44.9,84.0,5,3,2,48.8,3.45,0,0.0,77.49,Below Target,Non-Compliant,Significantly Delayed,False
GOV-0000908,2022,8,August,Q3,2022-08-01,FAC-007,Lyon Components,France,Europe,Conflict of Interest,46.41,82.45,4,3,1,45.0,3.19,0,0.0,76.19,Below Target,Non-Compliant,Slightly Delayed,False
GOV-0000909,2022,8,August,Q3,2022-08-01,FAC-007,Lyon Components,France,Europe,Supplier Standards,45.35,85.11,3,2,1,50.4,4.1,0,0.0,74.47,Below Target,Near Compliant,Significantly Delayed,False
GOV-0000910,2022,8,August,Q3,2022-08-01,FAC-007,Lyon Components,France,Europe,Information Security,44.87,80.13,0,0,0,45.3,3.77,0,0.0,75.85,Below Target,Non-Compliant,Significantly Delayed,False
GOV-0000911,2022,8,August,Q3,2022-08-01,FAC-008,Shanghai Manufacturing,China,Asia Pacific,Anti-Corruption,47.65,80.42,2,1,1,45.2,3.43,0,0.0,74.7,Below Target,Non-Compliant,Significantly Delayed,False
GOV-0000912,2022,8,August,Q3,2022-08-01,FAC-008,Shanghai Manufacturing,China,Asia Pacific,Data Privacy,44.86,80.6,1,0,1,48.3,3.48,0,0.0,75.35,Below Target,Non-Compliant,Significantly Delayed,False
GOV-0000913,2022,8,August,Q3,2022-08-01,FAC-008,Shanghai Manufacturing,China,Asia Pacific,Environmental,44.33,81.69,3,2,1,49.6,3.62,0,0.0,73.47,Below Target,Non-Compliant,Significantly Delayed,False
GOV-0000914,2022,8,August,Q3,2022-08-01,FAC-008,Shanghai Manufacturing,China,Asia Pacific,Health & Safety,47.21,83.42,4,3,1,47.3,3.59,0,0.0,78.27,Below Target,Non-Compliant,Significantly Delayed,False
GOV-0000915,2022,8,August,Q3,2022-08-01,FAC-008,Shanghai Manufacturing,China,Asia Pacific,Human Rights,47.01,82.15,2,1,1,52.3,3.27,0,0.0,77.59,Below Target,Non-Compliant,Significantly Delayed,False
GOV-0000916,2022,8,August,Q3,2022-08-01,FAC-008,Shanghai Manufacturing,China,Asia Pacific,Whistleblower,46.27,82.34,3,2,1,47.2,3.36,0,0.0,80.15,Below Target,Non-Compliant,Significantly Delayed,False
GOV-0000917,2022,8,August,Q3,2022-08-01,FAC-008,Shanghai Manufacturing,China,Asia Pacific,Code of Conduct,42.94,81.74,2,1,1,45.3,3.68,0,0.0,76.49,Below Target,Non-Compliant,Significantly Delayed,False
GOV-0000918,2022,8,August,Q3,2022-08-01,FAC-008,Shanghai Manufacturing,China,Asia Pacific,Conflict of Interest,47.07,82.09,3,2,1,49.8,3.67,0,0.0,75.63,Below Target,Non-Compliant,Significantly Delayed,False
GOV-0000919,2022,8,August,Q3,2022-08-01,FAC-008,Shanghai Manufacturing,China,Asia Pacific,Supplier Standards,46.58,79.57,3,2,1,45.7,3.45,0,0.0,77.4,Below Target,Non-Compliant,Significantly Delayed,False
GOV-0000920,2022,8,August,Q3,2022-08-01,FAC-008,Shanghai Manufacturing,China,Asia Pacific,Information Security,44.86,83.61,2,1,1,47.6,3.41,0,0.0,76.06,Below Target,Non-Compliant,Significantly Delayed,False
GOV-0000921,2022,8,August,Q3,2022-08-01,FAC-009,Bangalore Tech Centre,India,Asia Pacific,Anti-Corruption,46.46,82.42,5,4,1,52.2,3.53,0,0.0,73.46,Below Target,Non-Compliant,Significantly Delayed,False
GOV-0000922,2022,8,August,Q3,2022-08-01,FAC-009,Bangalore Tech Centre,India,Asia Pacific,Data Privacy,43.39,83.26,0,0,0,47.6,3.08,0,0.0,75.38,Below Target,Non-Compliant,Significantly Delayed,False
GOV-0000923,2022,8,August,Q3,2022-08-01,FAC-009,Bangalore Tech Centre,India,Asia Pacific,Environmental,45.94,83.06,5,3,2,44.2,3.18,0,0.0,75.07,Below Target,Non-Compliant,Slightly Delayed,False
GOV-0000924,2022,8,August,Q3,2022-08-01,FAC-009,Bangalore Tech Centre,India,Asia Pacific,Health & Safety,47.17,80.71,1,0,1,45.6,3.45,0,0.0,76.93,Below Target,Non-Compliant,Significantly Delayed,False
GOV-0000925,2022,8,August,Q3,2022-08-01,FAC-009,Bangalore Tech Centre,India,Asia Pacific,Human Rights,45.45,82.5,2,1,1,49.3,3.57,0,0.0,75.93,Below Target,Non-Compliant,Significantly Delayed,False
GOV-0000926,2022,8,August,Q3,2022-08-01,FAC-009,Bangalore Tech Centre,India,Asia Pacific,Whistleblower,45.72,81.48,0,0,0,55.7,3.64,0,0.0,75.73,Below Target,Non-Compliant,Significantly Delayed,False
GOV-0000927,2022,8,August,Q3,2022-08-01,FAC-009,Bangalore Tech Centre,India,Asia Pacific,Code of Conduct,47.43,84.48,0,0,0,45.3,3.15,0,0.0,74.44,Below Target,Non-Compliant,Significantly Delayed,False
GOV-0000928,2022,8,August,Q3,2022-08-01,FAC-009,Bangalore Tech Centre,India,Asia Pacific,Conflict of Interest,44.54,83.15,4,2,2,49.7,3.42,0,0.0,77.56,Below Target,Non-Compliant,Significantly Delayed,False
GOV-0000929,2022,8,August,Q3,2022-08-01,FAC-009,Bangalore Tech Centre,India,Asia Pacific,Supplier Standards,45.66,84.12,1,0,1,49.2,3.72,0,0.0,75.25,Below Target,Non-Compliant,Significantly Delayed,False
GOV-0000930,2022,8,August,Q3,2022-08-01,FAC-009,Bangalore Tech Centre,India,Asia Pacific,Information Security,43.93,81.41,4,2,2,45.9,3.62,0,0.0,76.1,Below Target,Non-Compliant,Significantly Delayed,False
GOV-0000931,2022,8,August,Q3,2022-08-01,FAC-010,Singapore Distribution,Singapore,Asia Pacific,Anti-Corruption,48.49,82.87,5,3,2,49.3,3.74,0,0.0,75.47,Below Target,Non-Compliant,Significantly Delayed,False
GOV-0000932,2022,8,August,Q3,2022-08-01,FAC-010,Singapore Distribution,Singapore,Asia Pacific,Data Privacy,45.83,81.92,2,1,1,46.9,3.59,0,0.0,77.01,Below Target,Non-Compliant,Significantly Delayed,False
GOV-0000933,2022,8,August,Q3,2022-08-01,FAC-010,Singapore Distribution,Singapore,Asia Pacific,Environmental,45.95,84.03,1,0,1,52.1,3.36,0,0.0,76.38,Below Target,Non-Compliant,Significantly Delayed,False
GOV-0000934,2022,8,August,Q3,2022-08-01,FAC-010,Singapore Distribution,Singapore,Asia Pacific,Health & Safety,47.89,81.25,2,1,1,50.3,3.62,0,71395.41,76.32,Below Target,Non-Compliant,Significantly Delayed,True
GOV-0000935,2022,8,August,Q3,2022-08-01,FAC-010,Singapore Distribution,Singapore,Asia Pacific,Human Rights,44.86,82.88,1,0,1,47.4,3.58,0,0.0,78.0,Below Target,Non-Compliant,Significantly Delayed,False
GOV-0000936,2022,8,August,Q3,2022-08-01,FAC-010,Singapore Distribution,Singapore,Asia Pacific,Whistleblower,47.3,81.3,0,0,0,47.0,3.49,0,0.0,75.92,Below Target,Non-Compliant,Significantly Delayed,False
GOV-0000937,2022,8,August,Q3,2022-08-01,FAC-010,Singapore Distribution,Singapore,Asia Pacific,Code of Conduct,45.82,81.01,4,3,1,49.6,3.22,0,0.0,76.87,Below Target,Non-Compliant,Significantly Delayed,False
GOV-0000938,2022,8,August,Q3,2022-08-01,FAC-010,Singapore Distribution,Singapore,Asia Pacific,Conflict of Interest,47.39,83.13,0,0,0,47.3,3.26,0,0.0,74.67,Below Target,Non-Compliant,Significantly Delayed,False
GOV-0000939,2022,8,August,Q3,2022-08-01,FAC-010,Singapore Distribution,Singapore,Asia Pacific,Supplier Standards,46.55,81.35,3,2,1,48.2,3.4,0,0.0,77.0,Below Target,Non-Compliant,Significantly Delayed,False
GOV-0000940,2022,8,August,Q3,2022-08-01,FAC-010,Singapore Distribution,Singapore,Asia Pacific,Information Security,44.02,81.22,3,2,1,40.8,3.83,0,0.0,74.9,Below Target,Non-Compliant,Slightly Delayed,False
GOV-0000941,2022,8,August,Q3,2022-08-01,FAC-011,Monterrey Plant,Mexico,Latin America,Anti-Corruption,46.86,81.1,5,4,1,43.6,3.41,0,0.0,75.86,Below Target,Non-Compliant,Slightly Delayed,False
GOV-0000942,2022,8,August,Q3,2022-08-01,FAC-011,Monterrey Plant,Mexico,Latin America,Data Privacy,45.22,81.82,0,0,0,42.9,3.74,0,0.0,76.22,Below Target,Non-Compliant,Slightly Delayed,False
GOV-0000943,2022,8,August,Q3,2022-08-01,FAC-011,Monterrey Plant,Mexico,Latin America,Environmental,45.33,79.18,2,1,1,47.6,3.42,0,0.0,75.11,Below Target,Non-Compliant,Significantly Delayed,False
GOV-0000944,2022,8,August,Q3,2022-08-01,FAC-011,Monterrey Plant,Mexico,Latin America,Health & Safety,45.02,81.11,5,4,1,47.6,3.67,0,0.0,74.95,Below Target,Non-Compliant,Significantly Delayed,False
GOV-0000945,2022,8,August,Q3,2022-08-01,FAC-011,Monterrey Plant,Mexico,Latin America,Human Rights,45.27,80.21,0,0,0,51.4,3.43,0,0.0,73.32,Below Target,Non-Compliant,Significantly Delayed,False
GOV-0000946,2022,8,August,Q3,2022-08-01,FAC-011,Monterrey Plant,Mexico,Latin America,Whistleblower,46.83,79.08,5,4,1,47.9,3.75,0,0.0,75.8,Below Target,Non-Compliant,Significantly Delayed,False
GOV-0000947,2022,8,August,Q3,2022-08-01,FAC-011,Monterrey Plant,Mexico,Latin America,Code of Conduct,47.03,82.1,0,0,0,46.3,3.55,0,0.0,74.99,Below Target,Non-Compliant,Significantly Delayed,False
GOV-0000948,2022,8,August,Q3,2022-08-01,FAC-011,Monterrey Plant,Mexico,Latin America,Conflict of Interest,45.12,81.32,3,2,1,43.9,3.56,0,0.0,76.55,Below Target,Non-Compliant,Slightly Delayed,False
GOV-0000949,2022,8,August,Q3,2022-08-01,FAC-011,Monterrey Plant,Mexico,Latin America,Supplier Standards,45.6,80.76,4,3,1,43.5,3.97,0,0.0,76.47,Below Target,Non-Compliant,Slightly Delayed,False
GOV-0000950,2022,8,August,Q3,2022-08-01,FAC-011,Monterrey Plant,Mexico,Latin America,Information Security,44.73,80.21,5,4,1,47.0,3.57,0,0.0,74.08,Below Target,Non-Compliant,Significantly Delayed,False
GOV-0000951,2022,8,August,Q3,2022-08-01,FAC-012,Sao Paulo Operations,Brazil,Latin America,Anti-Corruption,45.94,83.29,1,0,1,48.0,3.29,0,0.0,74.89,Below Target,Non-Compliant,Significantly Delayed,False
GOV-0000952,2022,8,August,Q3,2022-08-01,FAC-012,Sao Paulo Operations,Brazil,Latin America,Data Privacy,47.51,78.83,0,0,0,47.9,3.34,0,0.0,75.72,Below Target,Non-Compliant,Significantly Delayed,False
GOV-0000953,2022,8,August,Q3,2022-08-01,FAC-012,Sao Paulo Operations,Brazil,Latin America,Environmental,44.54,80.86,1,0,1,45.5,3.66,0,0.0,75.84,Below Target,Non-Compliant,Significantly Delayed,False
GOV-0000954,2022,8,August,Q3,2022-08-01,FAC-012,Sao Paulo Operations,Brazil,Latin America,Health & Safety,44.27,80.38,3,2,1,49.7,3.55,0,0.0,75.71,Below Target,Non-Compliant,Significantly Delayed,False
GOV-0000955,2022,8,August,Q3,2022-08-01,FAC-012,Sao Paulo Operations,Brazil,Latin America,Human Rights,46.6,83.45,3,2,1,48.4,3.42,0,0.0,76.6,Below Target,Non-Compliant,Significantly Delayed,False
GOV-0000956,2022,8,August,Q3,2022-08-01,FAC-012,Sao Paulo Operations,Brazil,Latin America,Whistleblower,46.72,81.52,2,1,1,49.1,3.88,0,0.0,72.04,Below Target,Non-Compliant,Significantly Delayed,False
GOV-0000957,2022,8,August,Q3,2022-08-01,FAC-012,Sao Paulo Operations,Brazil,Latin America,Code of Conduct,44.65,80.81,1,0,1,43.4,3.54,0,0.0,76.07,Below Target,Non-Compliant,Slightly Delayed,False
GOV-0000958,2022,8,August,Q3,2022-08-01,FAC-012,Sao Paulo Operations,Brazil,Latin America,Conflict of Interest,46.33,83.73,3,2,1,50.3,3.93,0,0.0,75.17,Below Target,Non-Compliant,Significantly Delayed,False
GOV-0000959,2022,8,August,Q3,2022-08-01,FAC-012,Sao Paulo Operations,Brazil,Latin America,Supplier Standards,43.81,83.48,1,0,1,45.8,3.4,0,0.0,77.3,Below Target,Non-Compliant,Significantly Delayed,False
GOV-0000960,2022,8,August,Q3,2022-08-01,FAC-012,Sao Paulo Operations,Brazil,Latin America,Information Security,44.92,81.14,5,4,1,48.4,3.48,0,0.0,77.86,Below Target,Non-Compliant,Significantly Delayed,False
GOV-0000961,2022,9,September,Q3,2022-09-01,FAC-001,Chicago Main Plant,USA,North America,Anti-Corruption,43.99,81.44,3,2,1,51.7,2.99,0,0.0,74.15,Below Target,Non-Compliant,Significantly Delayed,False
GOV-0000962,2022,9,September,Q3,2022-09-01,FAC-001,Chicago Main Plant,USA,North America,Data Privacy,45.15,82.46,0,0,0,47.2,3.16,0,0.0,74.09,Below Target,Non-Compliant,Significantly Delayed,False
GOV-0000963,2022,9,September,Q3,2022-09-01,FAC-001,Chicago Main Plant,USA,North America,Environmental,47.2,80.76,3,2,1,48.4,3.35,0,0.0,74.78,Below Target,Non-Compliant,Significantly Delayed,False
GOV-0000964,2022,9,September,Q3,2022-09-01,FAC-001,Chicago Main Plant,USA,North America,Health & Safety,45.6,80.52,3,2,1,51.3,3.54,0,0.0,75.42,Below Target,Non-Compliant,Significantly Delayed,False
GOV-0000965,2022,9,September,Q3,2022-09-01,FAC-001,Chicago Main Plant,USA,North America,Human Rights,46.96,79.63,2,1,1,46.9,3.43,0,0.0,75.51,Below Target,Non-Compliant,Significantly Delayed,False
GOV-0000966,2022,9,September,Q3,2022-09-01,FAC-001,Chicago Main Plant,USA,North America,Whistleblower,45.93,79.74,1,0,1,52.6,3.73,0,0.0,75.27,Below Target,Non-Compliant,Significantly Delayed,False
GOV-0000967,2022,9,September,Q3,2022-09-01,FAC-001,Chicago Main Plant,USA,North America,Code of Conduct,46.91,82.95,3,1,2,48.6,3.99,0,0.0,76.19,Below Target,Non-Compliant,Significantly Delayed,False
GOV-0000968,2022,9,September,Q3,2022-09-01,FAC-001,Chicago Main Plant,USA,North America,Conflict of Interest,44.78,81.64,5,3,2,49.9,3.34,0,0.0,75.98,Below Target,Non-Compliant,Significantly Delayed,False
GOV-0000969,2022,9,September,Q3,2022-09-01,FAC-001,Chicago Main Plant,USA,North America,Supplier Standards,44.29,82.04,3,1,2,53.9,3.51,0,0.0,76.24,Below Target,Non-Compliant,Significantly Delayed,False
GOV-0000970,2022,9,September,Q3,2022-09-01,FAC-001,Chicago Main Plant,USA,North America,Information Security,47.01,80.37,3,2,1,49.5,3.54,0,0.0,77.23,Below Target,Non-Compliant,Significantly Delayed,False
GOV-0000971,2022,9,September,Q3,2022-09-01,FAC-002,Detroit Assembly,USA,North America,Anti-Corruption,44.61,79.66,0,0,0,50.9,3.16,0,0.0,76.17,Below Target,Non-Compliant,Significantly Delayed,False
GOV-0000972,2022,9,September,Q3,2022-09-01,FAC-002,Detroit Assembly,USA,North America,Data Privacy,46.83,78.69,0,0,0,48.2,3.2,0,0.0,74.57,Below Target,Non-Compliant,Significantly Delayed,False
GOV-0000973,2022,9,September,Q3,2022-09-01,FAC-002,Detroit Assembly,USA,North America,Environmental,44.09,82.55,3,2,1,45.3,3.42,0,0.0,77.5,Below Target,Non-Compliant,Significantly Delayed,False
GOV-0000974,2022,9,September,Q3,2022-09-01,FAC-002,Detroit Assembly,USA,North America,Health & Safety,47.43,84.14,4,3,1,44.9,3.71,0,0.0,78.77,Below Target,Non-Compliant,Slightly Delayed,False
GOV-0000975,2022,9,September,Q3,2022-09-01,FAC-002,Detroit Assembly,USA,North America,Human Rights,46.3,81.58,4,3,1,51.0,3.36,0,0.0,76.68,Below Target,Non-Compliant,Significantly Delayed,False
GOV-0000976,2022,9,September,Q3,2022-09-01,FAC-002,Detroit Assembly,USA,North America,Whistleblower,48.33,79.18,2,1,1,51.0,3.61,0,0.0,75.45,Below Target,Non-Compliant,Significantly Delayed,False
GOV-0000977,2022,9,September,Q3,2022-09-01,FAC-002,Detroit Assembly,USA,North America,Code of Conduct,43.97,81.5,2,1,1,52.0,3.7,0,0.0,78.4,Below Target,Non-Compliant,Significantly Delayed,False
GOV-0000978,2022,9,September,Q3,2022-09-01,FAC-002,Detroit Assembly,USA,North America,Conflict of Interest,40.72,82.69,1,0,1,50.1,3.69,0,0.0,76.4,Below Target,Non-Compliant,Significantly Delayed,False
GOV-0000979,2022,9,September,Q3,2022-09-01,FAC-002,Detroit Assembly,USA,North America,Supplier Standards,47.8,82.31,3,1,2,48.0,3.78,0,0.0,76.58,Below Target,Non-Compliant,Significantly Delayed,False
GOV-0000980,2022,9,September,Q3,2022-09-01,FAC-002,Detroit Assembly,USA,North America,Information Security,45.97,79.85,5,3,2,49.2,3.7,0,0.0,76.06,Below Target,Non-Compliant,Significantly Delayed,False
GOV-0000981,2022,9,September,Q3,2022-09-01,FAC-003,Toronto Operations,Canada,North America,Anti-Corruption,45.23,82.52,2,1,1,44.1,3.27,0,0.0,75.03,Below Target,Non-Compliant,Slightly Delayed,False
GOV-0000982,2022,9,September,Q3,2022-09-01,FAC-003,Toronto Operations,Canada,North America,Data Privacy,45.23,82.26,5,3,2,50.2,3.61,0,0.0,75.81,Below Target,Non-Compliant,Significantly Delayed,False
GOV-0000983,2022,9,September,Q3,2022-09-01,FAC-003,Toronto Operations,Canada,North America,Environmental,44.87,81.0,3,2,1,49.5,3.64,0,0.0,74.7,Below Target,Non-Compliant,Significantly Delayed,False
GOV-0000984,2022,9,September,Q3,2022-09-01,FAC-003,Toronto Operations,Canada,North America,Health & Safety,44.37,85.65,1,0,1,53.0,3.45,0,0.0,75.1,Below Target,Near Compliant,Significantly Delayed,False
GOV-0000985,2022,9,September,Q3,2022-09-01,FAC-003,Toronto Operations,Canada,North America,Human Rights,46.71,81.19,5,4,1,50.4,3.37,0,0.0,75.21,Below Target,Non-Compliant,Significantly Delayed,False
GOV-0000986,2022,9,September,Q3,2022-09-01,FAC-003,Toronto Operations,Canada,North America,Whistleblower,46.5,83.02,3,2,1,44.9,3.34,0,0.0,76.98,Below Target,Non-Compliant,Slightly Delayed,False
GOV-0000987,2022,9,September,Q3,2022-09-01,FAC-003,Toronto Operations,Canada,North America,Code of Conduct,45.35,81.26,5,4,1,48.0,3.74,0,109663.44,77.22,Below Target,Non-Compliant,Significantly Delayed,True
GOV-0000988,2022,9,September,Q3,2022-09-01,FAC-003,Toronto Operations,Canada,North America,Conflict of Interest,46.58,82.38,0,0,0,50.4,3.37,0,0.0,74.6,Below Target,Non-Compliant,Significantly Delayed,False
GOV-0000989,2022,9,September,Q3,2022-09-01,FAC-003,Toronto Operations,Canada,North America,Supplier Standards,45.64,82.1,4,3,1,48.7,3.26,0,0.0,76.34,Below Target,Non-Compliant,Significantly Delayed,False
GOV-0000990,2022,9,September,Q3,2022-09-01,FAC-003,Toronto Operations,Canada,North America,Information Security,45.72,82.61,2,1,1,52.1,3.25,0,0.0,76.11,Below Target,Non-Compliant,Significantly Delayed,False
GOV-0000991,2022,9,September,Q3,2022-09-01,FAC-004,Munich Precision Works,Germany,Europe,Anti-Corruption,45.19,82.19,5,4,1,46.1,3.68,0,0.0,75.57,Below Target,Non-Compliant,Significantly Delayed,False
GOV-0000992,2022,9,September,Q3,2022-09-01,FAC-004,Munich Precision Works,Germany,Europe,Data Privacy,46.14,81.77,3,2,1,44.8,3.35,0,0.0,74.82,Below Target,Non-Compliant,Slightly Delayed,False
GOV-0000993,2022,9,September,Q3,2022-09-01,FAC-004,Munich Precision Works,Germany,Europe,Environmental,45.0,79.87,0,0,0,49.4,3.32,0,0.0,75.59,Below Target,Non-Compliant,Significantly Delayed,False
GOV-0000994,2022,9,September,Q3,2022-09-01,FAC-004,Munich Precision Works,Germany,Europe,Health & Safety,46.18,83.03,4,2,2,49.2,3.69,0,0.0,77.32,Below Target,Non-Compliant,Significantly Delayed,False
GOV-0000995,2022,9,September,Q3,2022-09-01,FAC-004,Munich Precision Works,Germany,Europe,Human Rights,47.0,82.18,1,0,1,49.2,3.61,0,0.0,77.12,Below Target,Non-Compliant,Significantly Delayed,False
GOV-0000996,2022,9,September,Q3,2022-09-01,FAC-004,Munich Precision Works,Germany,Europe,Whistleblower,46.76,80.92,4,3,1,46.9,3.55,0,0.0,77.97,Below Target,Non-Compliant,Significantly Delayed,False
GOV-0000997,2022,9,September,Q3,2022-09-01,FAC-004,Munich Precision Works,Germany,Europe,Code of Conduct,42.87,84.3,5,4,1,50.5,3.66,0,0.0,75.88,Below Target,Non-Compliant,Significantly Delayed,False
GOV-0000998,2022,9,September,Q3,2022-09-01,FAC-004,Munich Precision Works,Germany,Europe,Conflict of Interest,44.2,80.66,2,1,1,46.3,3.69,0,0.0,76.82,Below Target,Non-Compliant,Significantly Delayed,False
GOV-0000999,2022,9,September,Q3,2022-09-01,FAC-004,Munich Precision Works,Germany,Europe,Supplier Standards,44.15,79.22,0,0,0,48.4,3.68,0,0.0,74.29,Below Target,Non-Compliant,Significantly Delayed,False
GOV-0001000,2022,9,September,Q3,2022-09-01,FAC-004,Munich Precision Works,Germany,Europe,Information Security,47.01,78.47,4,3,1,49.0,3.66,0,0.0,75.68,Below Target,Non-Compliant,Significantly Delayed,False
GOV-0001001,2022,9,September,Q3,2022-09-01,FAC-005,Stuttgart Engineering,Germany,Europe,Anti-Corruption,47.56,81.98,5,3,2,49.6,3.46,0,0.0,75.44,Below Target,Non-Compliant,Significantly Delayed,False
GOV-0001002,2022,9,September,Q3,2022-09-01,FAC-005,Stuttgart Engineering,Germany,Europe,Data Privacy,48.02,78.48,2,1,1,48.2,3.64,0,0.0,77.54,Below Target,Non-Compliant,Significantly Delayed,False
GOV-0001003,2022,9,September,Q3,2022-09-01,FAC-005,Stuttgart Engineering,Germany,Europe,Environmental,44.58,82.72,0,0,0,48.9,3.37,0,0.0,74.13,Below Target,Non-Compliant,Significantly Delayed,False
GOV-0001004,2022,9,September,Q3,2022-09-01,FAC-005,Stuttgart Engineering,Germany,Europe,Health & Safety,47.77,83.02,0,0,0,51.5,3.29,0,0.0,75.54,Below Target,Non-Compliant,Significantly Delayed,False
GOV-0001005,2022,9,September,Q3,2022-09-01,FAC-005,Stuttgart Engineering,Germany,Europe,Human Rights,44.28,79.65,4,2,2,44.6,3.78,0,0.0,75.49,Below Target,Non-Compliant,Slightly Delayed,False
GOV-0001006,2022,9,September,Q3,2022-09-01,FAC-005,Stuttgart Engineering,Germany,Europe,Whistleblower,47.59,80.04,1,0,1,45.7,3.53,0,0.0,74.46,Below Target,Non-Compliant,Significantly Delayed,False
GOV-0001007,2022,9,September,Q3,2022-09-01,FAC-005,Stuttgart Engineering,Germany,Europe,Code of Conduct,44.83,83.92,2,1,1,49.3,3.49,0,69002.41,77.36,Below Target,Non-Compliant,Significantly Delayed,True
GOV-0001008,2022,9,September,Q3,2022-09-01,FAC-005,Stuttgart Engineering,Germany,Europe,Conflict of Interest,46.42,80.94,1,0,1,49.4,3.33,0,0.0,74.6,Below Target,Non-Compliant,Significantly Delayed,False
GOV-0001009,2022,9,September,Q3,2022-09-01,FAC-005,Stuttgart Engineering,Germany,Europe,Supplier Standards,43.18,78.56,5,3,2,46.7,3.14,0,0.0,72.81,Below Target,Non-Compliant,Significantly Delayed,False
GOV-0001010,2022,9,September,Q3,2022-09-01,FAC-005,Stuttgart Engineering,Germany,Europe,Information Security,44.22,81.44,5,4,1,50.5,3.71,0,0.0,77.66,Below Target,Non-Compliant,Significantly Delayed,False
GOV-0001011,2022,9,September,Q3,2022-09-01,FAC-006,Rotterdam Hub,Netherlands,Europe,Anti-Corruption,47.48,80.47,0,0,0,41.9,3.74,0,0.0,75.91,Below Target,Non-Compliant,Slightly Delayed,False
GOV-0001012,2022,9,September,Q3,2022-09-01,FAC-006,Rotterdam Hub,Netherlands,Europe,Data Privacy,46.54,82.09,3,2,1,48.1,3.66,0,0.0,75.24,Below Target,Non-Compliant,Significantly Delayed,False
GOV-0001013,2022,9,September,Q3,2022-09-01,FAC-006,Rotterdam Hub,Netherlands,Europe,Environmental,46.09,80.29,1,0,1,46.5,3.61,0,0.0,77.38,Below Target,Non-Compliant,Significantly Delayed,False
GOV-0001014,2022,9,September,Q3,2022-09-01,FAC-006,Rotterdam Hub,Netherlands,Europe,Health & Safety,45.22,83.02,4,2,2,48.9,3.13,0,0.0,77.27,Below Target,Non-Compliant,Significantly Delayed,False
GOV-0001015,2022,9,September,Q3,2022-09-01,FAC-006,Rotterdam Hub,Netherlands,Europe,Human Rights,47.54,84.79,3,2,1,46.8,3.2,0,0.0,75.24,Below Target,Non-Compliant,Significantly Delayed,False
GOV-0001016,2022,9,September,Q3,2022-09-01,FAC-006,Rotterdam Hub,Netherlands,Europe,Whistleblower,44.95,80.1,4,2,2,52.8,3.52,0,0.0,76.44,Below Target,Non-Compliant,Significantly Delayed,False
GOV-0001017,2022,9,September,Q3,2022-09-01,FAC-006,Rotterdam Hub,Netherlands,Europe,Code of Conduct,47.26,84.78,5,3,2,45.4,3.32,0,0.0,75.79,Below Target,Non-Compliant,Significantly Delayed,False
GOV-0001018,2022,9,September,Q3,2022-09-01,FAC-006,Rotterdam Hub,Netherlands,Europe,Conflict of Interest,47.3,85.31,1,0,1,48.3,3.54,0,0.0,76.31,Below Target,Near Compliant,Significantly Delayed,False
GOV-0001019,2022,9,September,Q3,2022-09-01,FAC-006,Rotterdam Hub,Netherlands,Europe,Supplier Standards,46.52,83.07,5,4,1,45.3,3.18,0,0.0,74.48,Below Target,Non-Compliant,Significantly Delayed,False
GOV-0001020,2022,9,September,Q3,2022-09-01,FAC-006,Rotterdam Hub,Netherlands,Europe,Information Security,47.2,83.92,3,2,1,45.4,2.75,0,0.0,74.99,Below Target,Non-Compliant,Significantly Delayed,False
GOV-0001021,2022,9,September,Q3,2022-09-01,FAC-007,Lyon Components,France,Europe,Anti-Corruption,45.81,81.23,1,0,1,46.1,3.57,0,0.0,75.42,Below Target,Non-Compliant,Significantly Delayed,False
GOV-0001022,2022,9,September,Q3,2022-09-01,FAC-007,Lyon Components,France,Europe,Data Privacy,47.82,82.59,0,0,0,47.8,3.8,0,0.0,76.59,Below Target,Non-Compliant,Significantly Delayed,False
GOV-0001023,2022,9,September,Q3,2022-09-01,FAC-007,Lyon Components,France,Europe,Environmental,47.62,83.59,5,3,2,48.2,3.53,0,0.0,75.73,Below Target,Non-Compliant,Significantly Delayed,False
GOV-0001024,2022,9,September,Q3,2022-09-01,FAC-007,Lyon Components,France,Europe,Health & Safety,46.51,78.98,1,0,1,49.0,3.27,0,0.0,75.12,Below Target,Non-Compliant,Significantly Delayed,False
GOV-0001025,2022,9,September,Q3,2022-09-01,FAC-007,Lyon Components,France,Europe,Human Rights,44.96,79.66,2,1,1,50.3,3.65,0,0.0,75.26,Below Target,Non-Compliant,Significantly Delayed,False
GOV-0001026,2022,9,September,Q3,2022-09-01,FAC-007,Lyon Components,France,Europe,Whistleblower,45.07,80.65,1,0,1,51.1,3.7,0,0.0,74.88,Below Target,Non-Compliant,Significantly Delayed,False
GOV-0001027,2022,9,September,Q3,2022-09-01,FAC-007,Lyon Components,France,Europe,Code of Conduct,46.42,81.75,2,1,1,51.9,3.68,0,0.0,79.18,Below Target,Non-Compliant,Significantly Delayed,False
GOV-0001028,2022,9,September,Q3,2022-09-01,FAC-007,Lyon Components,France,Europe,Conflict of Interest,45.98,81.8,5,4,1,50.8,3.53,0,148738.96,75.36,Below Target,Non-Compliant,Significantly Delayed,True
GOV-0001029,2022,9,September,Q3,2022-09-01,FAC-007,Lyon Components,France,Europe,Supplier Standards,47.75,82.2,5,4,1,44.8,4.02,0,0.0,76.36,Below Target,Non-Compliant,Slightly Delayed,False
GOV-0001030,2022,9,September,Q3,2022-09-01,FAC-007,Lyon Components,France,Europe,Information Security,45.54,81.28,0,0,0,53.4,3.41,0,0.0,76.38,Below Target,Non-Compliant,Significantly Delayed,False
GOV-0001031,2022,9,September,Q3,2022-09-01,FAC-008,Shanghai Manufacturing,China,Asia Pacific,Anti-Corruption,43.53,81.41,1,0,1,51.7,3.56,0,0.0,78.32,Below Target,Non-Compliant,Significantly Delayed,False
GOV-0001032,2022,9,September,Q3,2022-09-01,FAC-008,Shanghai Manufacturing,China,Asia Pacific,Data Privacy,46.43,78.38,1,0,1,52.9,3.88,0,0.0,78.53,Below Target,Non-Compliant,Significantly Delayed,False
GOV-0001033,2022,9,September,Q3,2022-09-01,FAC-008,Shanghai Manufacturing,China,Asia Pacific,Environmental,44.42,79.93,1,0,1,54.4,3.59,0,0.0,72.38,Below Target,Non-Compliant,Significantly Delayed,False
GOV-0001034,2022,9,September,Q3,2022-09-01,FAC-008,Shanghai Manufacturing,China,Asia Pacific,Health & Safety,48.54,83.09,2,1,1,49.5,3.63,0,0.0,74.18,Below Target,Non-Compliant,Significantly Delayed,False
GOV-0001035,2022,9,September,Q3,2022-09-01,FAC-008,Shanghai Manufacturing,China,Asia Pacific,Human Rights,49.12,83.17,4,3,1,46.5,3.59,0,0.0,75.53,Below Target,Non-Compliant,Significantly Delayed,False
GOV-0001036,2022,9,September,Q3,2022-09-01,FAC-008,Shanghai Manufacturing,China,Asia Pacific,Whistleblower,48.75,83.69,3,2,1,48.3,3.27,0,131643.69,75.18,Below Target,Non-Compliant,Significantly Delayed,True
GOV-0001037,2022,9,September,Q3,2022-09-01,FAC-008,Shanghai Manufacturing,China,Asia Pacific,Code of Conduct,47.4,83.51,4,3,1,46.8,3.63,0,0.0,74.79,Below Target,Non-Compliant,Significantly Delayed,False
GOV-0001038,2022,9,September,Q3,2022-09-01,FAC-008,Shanghai Manufacturing,China,Asia Pacific,Conflict of Interest,45.1,82.53,4,2,2,47.6,3.64,0,0.0,74.85,Below Target,Non-Compliant,Significantly Delayed,False
GOV-0001039,2022,9,September,Q3,2022-09-01,FAC-008,Shanghai Manufacturing,China,Asia Pacific,Supplier Standards,46.34,82.16,0,0,0,53.8,3.39,0,0.0,73.76,Below Target,Non-Compliant,Significantly Delayed,False
GOV-0001040,2022,9,September,Q3,2022-09-01,FAC-008,Shanghai Manufacturing,China,Asia Pacific,Information Security,45.61,79.68,3,2,1,44.8,3.01,0,0.0,75.75,Below Target,Non-Compliant,Slightly Delayed,False
GOV-0001041,2022,9,September,Q3,2022-09-01,FAC-009,Bangalore Tech Centre,India,Asia Pacific,Anti-Corruption,45.9,79.9,2,1,1,47.7,3.58,0,0.0,76.01,Below Target,Non-Compliant,Significantly Delayed,False
GOV-0001042,2022,9,September,Q3,2022-09-01,FAC-009,Bangalore Tech Centre,India,Asia Pacific,Data Privacy,43.95,80.9,2,1,1,45.1,3.77,0,0.0,77.52,Below Target,Non-Compliant,Significantly Delayed,False
GOV-0001043,2022,9,September,Q3,2022-09-01,FAC-009,Bangalore Tech Centre,India,Asia Pacific,Environmental,45.89,81.39,0,0,0,48.1,3.75,0,0.0,75.41,Below Target,Non-Compliant,Significantly Delayed,False
GOV-0001044,2022,9,September,Q3,2022-09-01,FAC-009,Bangalore Tech Centre,India,Asia Pacific,Health & Safety,43.77,78.77,0,0,0,49.6,3.71,0,0.0,74.5,Below Target,Non-Compliant,Significantly Delayed,False
GOV-0001045,2022,9,September,Q3,2022-09-01,FAC-009,Bangalore Tech Centre,India,Asia Pacific,Human Rights,45.67,82.53,0,0,0,47.2,3.62,0,0.0,76.2,Below Target,Non-Compliant,Significantly Delayed,False
GOV-0001046,2022,9,September,Q3,2022-09-01,FAC-009,Bangalore Tech Centre,India,Asia Pacific,Whistleblower,44.01,81.38,1,0,1,47.1,3.53,0,0.0,76.5,Below Target,Non-Compliant,Significantly Delayed,False
GOV-0001047,2022,9,September,Q3,2022-09-01,FAC-009,Bangalore Tech Centre,India,Asia Pacific,Code of Conduct,45.82,86.7,0,0,0,48.5,3.28,0,0.0,75.45,Below Target,Near Compliant,Significantly Delayed,False
GOV-0001048,2022,9,September,Q3,2022-09-01,FAC-009,Bangalore Tech Centre,India,Asia Pacific,Conflict of Interest,47.02,82.04,2,1,1,45.1,3.45,0,0.0,76.97,Below Target,Non-Compliant,Significantly Delayed,False
GOV-0001049,2022,9,September,Q3,2022-09-01,FAC-009,Bangalore Tech Centre,India,Asia Pacific,Supplier Standards,45.68,80.7,2,1,1,48.8,3.76,0,0.0,76.06,Below Target,Non-Compliant,Significantly Delayed,False
GOV-0001050,2022,9,September,Q3,2022-09-01,FAC-009,Bangalore Tech Centre,India,Asia Pacific,Information Security,43.4,80.11,4,2,2,47.3,3.56,0,0.0,78.08,Below Target,Non-Compliant,Significantly Delayed,False
GOV-0001051,2022,9,September,Q3,2022-09-01,FAC-010,Singapore Distribution,Singapore,Asia Pacific,Anti-Corruption,46.58,82.36,2,1,1,48.8,3.32,0,0.0,74.86,Below Target,Non-Compliant,Significantly Delayed,False
GOV-0001052,2022,9,September,Q3,2022-09-01,FAC-010,Singapore Distribution,Singapore,Asia Pacific,Data Privacy,49.16,82.79,2,1,1,47.3,3.79,0,0.0,74.87,Below Target,Non-Compliant,Significantly Delayed,False
GOV-0001053,2022,9,September,Q3,2022-09-01,FAC-010,Singapore Distribution,Singapore,Asia Pacific,Environmental,44.86,80.92,3,2,1,43.9,3.45,0,0.0,76.43,Below Target,Non-Compliant,Slightly Delayed,False
GOV-0001054,2022,9,September,Q3,2022-09-01,FAC-010,Singapore Distribution,Singapore,Asia Pacific,Health & Safety,47.4,81.82,4,3,1,54.1,3.6,0,0.0,76.79,Below Target,Non-Compliant,Significantly Delayed,False
GOV-0001055,2022,9,September,Q3,2022-09-01,FAC-010,Singapore Distribution,Singapore,Asia Pacific,Human Rights,45.97,78.93,3,2,1,41.0,3.68,0,0.0,75.23,Below Target,Non-Compliant,Slightly Delayed,False
GOV-0001056,2022,9,September,Q3,2022-09-01,FAC-010,Singapore Distribution,Singapore,Asia Pacific,Whistleblower,47.54,82.58,5,3,2,50.2,3.4,0,0.0,75.68,Below Target,Non-Compliant,Significantly Delayed,False
GOV-0001057,2022,9,September,Q3,2022-09-01,FAC-010,Singapore Distribution,Singapore,Asia Pacific,Code of Conduct,46.23,81.44,5,4,1,45.9,3.28,0,130891.01,78.0,Below Target,Non-Compliant,Significantly Delayed,True
GOV-0001058,2022,9,September,Q3,2022-09-01,FAC-010,Singapore Distribution,Singapore,Asia Pacific,Conflict of Interest,43.49,81.85,1,0,1,47.4,3.25,0,0.0,77.56,Below Target,Non-Compliant,Significantly Delayed,False
GOV-0001059,2022,9,September,Q3,2022-09-01,FAC-010,Singapore Distribution,Singapore,Asia Pacific,Supplier Standards,45.59,87.68,0,0,0,50.3,3.37,0,0.0,74.27,Below Target,Near Compliant,Significantly Delayed,False
GOV-0001060,2022,9,September,Q3,2022-09-01,FAC-010,Singapore Distribution,Singapore,Asia Pacific,Information Security,46.14,79.63,3,1,2,49.0,3.35,0,0.0,75.9,Below Target,Non-Compliant,Significantly Delayed,False
GOV-0001061,2022,9,September,Q3,2022-09-01,FAC-011,Monterrey Plant,Mexico,Latin America,Anti-Corruption,47.51,82.32,0,0,0,42.8,3.79,0,121204.15,76.03,Below Target,Non-Compliant,Slightly Delayed,True
GOV-0001062,2022,9,September,Q3,2022-09-01,FAC-011,Monterrey Plant,Mexico,Latin America,Data Privacy,48.49,84.95,2,1,1,49.8,3.46,0,0.0,77.51,Below Target,Non-Compliant,Significantly Delayed,False
GOV-0001063,2022,9,September,Q3,2022-09-01,FAC-011,Monterrey Plant,Mexico,Latin America,Environmental,47.13,82.42,0,0,0,45.6,3.71,0,0.0,76.1,Below Target,Non-Compliant,Significantly Delayed,False
GOV-0001064,2022,9,September,Q3,2022-09-01,FAC-011,Monterrey Plant,Mexico,Latin America,Health & Safety,44.46,81.89,2,1,1,51.4,3.37,0,0.0,75.43,Below Target,Non-Compliant,Significantly Delayed,False
GOV-0001065,2022,9,September,Q3,2022-09-01,FAC-011,Monterrey Plant,Mexico,Latin America,Human Rights,44.46,81.51,4,3,1,44.6,3.65,0,0.0,75.42,Below Target,Non-Compliant,Slightly Delayed,False
GOV-0001066,2022,9,September,Q3,2022-09-01,FAC-011,Monterrey Plant,Mexico,Latin America,Whistleblower,46.96,79.35,1,0,1,48.3,3.65,0,0.0,78.9,Below Target,Non-Compliant,Significantly Delayed,False
GOV-0001067,2022,9,September,Q3,2022-09-01,FAC-011,Monterrey Plant,Mexico,Latin America,Code of Conduct,47.0,81.5,2,1,1,46.9,3.51,0,0.0,75.73,Below Target,Non-Compliant,Significantly Delayed,False
GOV-0001068,2022,9,September,Q3,2022-09-01,FAC-011,Monterrey Plant,Mexico,Latin America,Conflict of Interest,46.98,82.1,3,2,1,49.5,3.53,0,0.0,73.71,Below Target,Non-Compliant,Significantly Delayed,False
GOV-0001069,2022,9,September,Q3,2022-09-01,FAC-011,Monterrey Plant,Mexico,Latin America,Supplier Standards,45.17,82.65,5,3,2,41.7,3.41,0,0.0,75.18,Below Target,Non-Compliant,Slightly Delayed,False
GOV-0001070,2022,9,September,Q3,2022-09-01,FAC-011,Monterrey Plant,Mexico,Latin America,Information Security,48.14,83.29,3,1,2,45.6,3.3,0,0.0,77.47,Below Target,Non-Compliant,Significantly Delayed,False
GOV-0001071,2022,9,September,Q3,2022-09-01,FAC-012,Sao Paulo Operations,Brazil,Latin America,Anti-Corruption,45.39,85.21,4,2,2,44.3,3.5,0,0.0,76.64,Below Target,Near Compliant,Slightly Delayed,False
GOV-0001072,2022,9,September,Q3,2022-09-01,FAC-012,Sao Paulo Operations,Brazil,Latin America,Data Privacy,46.43,81.9,2,1,1,48.4,3.34,0,0.0,76.64,Below Target,Non-Compliant,Significantly Delayed,False
GOV-0001073,2022,9,September,Q3,2022-09-01,FAC-012,Sao Paulo Operations,Brazil,Latin America,Environmental,48.18,83.38,0,0,0,49.9,3.34,0,0.0,77.86,Below Target,Non-Compliant,Significantly Delayed,False
GOV-0001074,2022,9,September,Q3,2022-09-01,FAC-012,Sao Paulo Operations,Brazil,Latin America,Health & Safety,46.07,83.99,0,0,0,46.4,3.22,0,0.0,75.2,Below Target,Non-Compliant,Significantly Delayed,False
GOV-0001075,2022,9,September,Q3,2022-09-01,FAC-012,Sao Paulo Operations,Brazil,Latin America,Human Rights,44.39,81.25,0,0,0,48.6,3.32,0,0.0,75.14,Below Target,Non-Compliant,Significantly Delayed,False
GOV-0001076,2022,9,September,Q3,2022-09-01,FAC-012,Sao Paulo Operations,Brazil,Latin America,Whistleblower,48.7,80.11,0,0,0,45.6,3.37,0,0.0,77.89,Below Target,Non-Compliant,Significantly Delayed,False
GOV-0001077,2022,9,September,Q3,2022-09-01,FAC-012,Sao Paulo Operations,Brazil,Latin America,Code of Conduct,45.55,82.44,2,1,1,49.5,3.25,0,0.0,78.59,Below Target,Non-Compliant,Significantly Delayed,False
GOV-0001078,2022,9,September,Q3,2022-09-01,FAC-012,Sao Paulo Operations,Brazil,Latin America,Conflict of Interest,46.6,80.53,2,1,1,48.8,3.12,0,0.0,74.18,Below Target,Non-Compliant,Significantly Delayed,False
GOV-0001079,2022,9,September,Q3,2022-09-01,FAC-012,Sao Paulo Operations,Brazil,Latin America,Supplier Standards,46.1,82.9,4,3,1,49.2,3.63,0,0.0,76.03,Below Target,Non-Compliant,Significantly Delayed,False
GOV-0001080,2022,9,September,Q3,2022-09-01,FAC-012,Sao Paulo Operations,Brazil,Latin America,Information Security,43.72,80.82,2,1,1,50.1,3.38,0,0.0,77.4,Below Target,Non-Compliant,Significantly Delayed,False
GOV-0001081,2022,10,October,Q4,2022-10-01,FAC-001,Chicago Main Plant,USA,North America,Anti-Corruption,48.87,83.16,1,0,1,49.4,3.54,0,0.0,75.94,Below Target,Non-Compliant,Significantly Delayed,False
GOV-0001082,2022,10,October,Q4,2022-10-01,FAC-001,Chicago Main Plant,USA,North America,Data Privacy,45.98,84.17,2,1,1,49.7,3.62,0,0.0,76.96,Below Target,Non-Compliant,Significantly Delayed,False
GOV-0001083,2022,10,October,Q4,2022-10-01,FAC-001,Chicago Main Plant,USA,North America,Environmental,45.75,81.38,5,3,2,44.8,4.0,0,0.0,79.22,Below Target,Non-Compliant,Slightly Delayed,False
GOV-0001084,2022,10,October,Q4,2022-10-01,FAC-001,Chicago Main Plant,USA,North America,Health & Safety,46.38,81.21,5,3,2,46.8,3.44,0,0.0,78.6,Below Target,Non-Compliant,Significantly Delayed,False
GOV-0001085,2022,10,October,Q4,2022-10-01,FAC-001,Chicago Main Plant,USA,North America,Human Rights,44.27,82.01,0,0,0,47.2,3.88,0,0.0,75.94,Below Target,Non-Compliant,Significantly Delayed,False
GOV-0001086,2022,10,October,Q4,2022-10-01,FAC-001,Chicago Main Plant,USA,North America,Whistleblower,46.12,82.58,2,1,1,50.2,3.43,0,0.0,75.83,Below Target,Non-Compliant,Significantly Delayed,False
GOV-0001087,2022,10,October,Q4,2022-10-01,FAC-001,Chicago Main Plant,USA,North America,Code of Conduct,42.25,83.09,3,2,1,50.5,3.52,0,0.0,76.67,Below Target,Non-Compliant,Significantly Delayed,False
GOV-0001088,2022,10,October,Q4,2022-10-01,FAC-001,Chicago Main Plant,USA,North America,Conflict of Interest,47.13,83.78,4,3,1,51.0,3.63,0,0.0,78.65,Below Target,Non-Compliant,Significantly Delayed,False
GOV-0001089,2022,10,October,Q4,2022-10-01,FAC-001,Chicago Main Plant,USA,North America,Supplier Standards,47.31,85.55,1,0,1,46.5,3.24,0,0.0,77.66,Below Target,Near Compliant,Significantly Delayed,False
GOV-0001090,2022,10,October,Q4,2022-10-01,FAC-001,Chicago Main Plant,USA,North America,Information Security,45.74,81.41,2,1,1,52.6,3.38,0,0.0,74.92,Below Target,Non-Compliant,Significantly Delayed,False
GOV-0001091,2022,10,October,Q4,2022-10-01,FAC-002,Detroit Assembly,USA,North America,Anti-Corruption,46.69,83.35,1,0,1,48.3,3.33,0,0.0,76.29,Below Target,Non-Compliant,Significantly Delayed,False
GOV-0001092,2022,10,October,Q4,2022-10-01,FAC-002,Detroit Assembly,USA,North America,Data Privacy,43.95,82.93,1,0,1,55.1,3.54,0,0.0,74.84,Below Target,Non-Compliant,Significantly Delayed,False
GOV-0001093,2022,10,October,Q4,2022-10-01,FAC-002,Detroit Assembly,USA,North America,Environmental,47.9,82.12,5,3,2,49.3,3.45,0,67926.07,77.29,Below Target,Non-Compliant,Significantly Delayed,True
GOV-0001094,2022,10,October,Q4,2022-10-01,FAC-002,Detroit Assembly,USA,North America,Health & Safety,43.41,84.0,1,0,1,45.0,3.23,0,0.0,74.49,Below Target,Non-Compliant,Slightly Delayed,False
GOV-0001095,2022,10,October,Q4,2022-10-01,FAC-002,Detroit Assembly,USA,North America,Human Rights,44.07,81.87,1,0,1,49.3,3.79,0,0.0,78.59,Below Target,Non-Compliant,Significantly Delayed,False
GOV-0001096,2022,10,October,Q4,2022-10-01,FAC-002,Detroit Assembly,USA,North America,Whistleblower,47.36,81.56,1,0,1,43.9,3.53,0,0.0,74.7,Below Target,Non-Compliant,Slightly Delayed,False
GOV-0001097,2022,10,October,Q4,2022-10-01,FAC-002,Detroit Assembly,USA,North America,Code of Conduct,47.51,84.6,0,0,0,45.8,3.42,1,0.0,77.32,Below Target,Non-Compliant,Significantly Delayed,False
GOV-0001098,2022,10,October,Q4,2022-10-01,FAC-002,Detroit Assembly,USA,North America,Conflict of Interest,45.0,81.0,4,2,2,50.7,3.82,0,0.0,76.39,Below Target,Non-Compliant,Significantly Delayed,False
GOV-0001099,2022,10,October,Q4,2022-10-01,FAC-002,Detroit Assembly,USA,North America,Supplier Standards,45.79,79.91,4,3,1,47.3,3.21,0,0.0,77.6,Below Target,Non-Compliant,Significantly Delayed,False
GOV-0001100,2022,10,October,Q4,2022-10-01,FAC-002,Detroit Assembly,USA,North America,Information Security,46.81,83.04,4,3,1,43.3,3.28,0,0.0,75.6,Below Target,Non-Compliant,Slightly Delayed,False
GOV-0001101,2022,10,October,Q4,2022-10-01,FAC-003,Toronto Operations,Canada,North America,Anti-Corruption,45.01,81.07,0,0,0,47.0,3.72,0,0.0,77.14,Below Target,Non-Compliant,Significantly Delayed,False
GOV-0001102,2022,10,October,Q4,2022-10-01,FAC-003,Toronto Operations,Canada,North America,Data Privacy,46.73,82.65,2,1,1,46.1,3.5,0,0.0,75.97,Below Target,Non-Compliant,Significantly Delayed,False
GOV-0001103,2022,10,October,Q4,2022-10-01,FAC-003,Toronto Operations,Canada,North America,Environmental,48.05,82.69,3,2,1,48.7,3.65,0,0.0,77.86,Below Target,Non-Compliant,Significantly Delayed,False
GOV-0001104,2022,10,October,Q4,2022-10-01,FAC-003,Toronto Operations,Canada,North America,Health & Safety,45.7,81.17,4,2,2,53.4,3.75,0,0.0,77.07,Below Target,Non-Compliant,Significantly Delayed,False
GOV-0001105,2022,10,October,Q4,2022-10-01,FAC-003,Toronto Operations,Canada,North America,Human Rights,49.23,82.59,2,1,1,48.4,3.87,0,0.0,76.37,Below Target,Non-Compliant,Significantly Delayed,False
GOV-0001106,2022,10,October,Q4,2022-10-01,FAC-003,Toronto Operations,Canada,North America,Whistleblower,44.55,82.37,2,1,1,45.8,3.43,0,0.0,75.99,Below Target,Non-Compliant,Significantly Delayed,False
GOV-0001107,2022,10,October,Q4,2022-10-01,FAC-003,Toronto Operations,Canada,North America,Code of Conduct,42.89,83.32,0,0,0,54.1,3.26,0,0.0,76.72,Below Target,Non-Compliant,Significantly Delayed,False
GOV-0001108,2022,10,October,Q4,2022-10-01,FAC-003,Toronto Operations,Canada,North America,Conflict of Interest,47.43,79.77,0,0,0,51.8,3.65,0,0.0,73.98,Below Target,Non-Compliant,Significantly Delayed,False
GOV-0001109,2022,10,October,Q4,2022-10-01,FAC-003,Toronto Operations,Canada,North America,Supplier Standards,43.15,80.48,4,3,1,51.4,3.57,0,0.0,74.99,Below Target,Non-Compliant,Significantly Delayed,False
GOV-0001110,2022,10,October,Q4,2022-10-01,FAC-003,Toronto Operations,Canada,North America,Information Security,50.1,80.19,5,3,2,47.4,3.57,0,0.0,77.1,Below Target,Non-Compliant,Significantly Delayed,False
GOV-0001111,2022,10,October,Q4,2022-10-01,FAC-004,Munich Precision Works,Germany,Europe,Anti-Corruption,47.91,81.58,4,2,2,51.1,3.5,0,0.0,74.99,Below Target,Non-Compliant,Significantly Delayed,False
GOV-0001112,2022,10,October,Q4,2022-10-01,FAC-004,Munich Precision Works,Germany,Europe,Data Privacy,46.79,82.65,0,0,0,50.7,3.42,0,0.0,77.07,Below Target,Non-Compliant,Significantly Delayed,False
GOV-0001113,2022,10,October,Q4,2022-10-01,FAC-004,Munich Precision Works,Germany,Europe,Environmental,46.1,81.66,2,1,1,52.5,3.2,0,0.0,77.23,Below Target,Non-Compliant,Significantly Delayed,False
GOV-0001114,2022,10,October,Q4,2022-10-01,FAC-004,Munich Precision Works,Germany,Europe,Health & Safety,45.95,82.45,5,3,2,47.3,3.24,0,0.0,74.64,Below Target,Non-Compliant,Significantly Delayed,False
GOV-0001115,2022,10,October,Q4,2022-10-01,FAC-004,Munich Precision Works,Germany,Europe,Human Rights,46.91,81.09,3,2,1,50.2,3.24,0,0.0,75.7,Below Target,Non-Compliant,Significantly Delayed,False
GOV-0001116,2022,10,October,Q4,2022-10-01,FAC-004,Munich Precision Works,Germany,Europe,Whistleblower,42.26,82.24,3,2,1,50.6,3.22,0,0.0,75.0,Below Target,Non-Compliant,Significantly Delayed,False
GOV-0001117,2022,10,October,Q4,2022-10-01,FAC-004,Munich Precision Works,Germany,Europe,Code of Conduct,46.4,78.32,2,1,1,51.9,3.64,0,0.0,75.08,Below Target,Non-Compliant,Significantly Delayed,False
GOV-0001118,2022,10,October,Q4,2022-10-01,FAC-004,Munich Precision Works,Germany,Europe,Conflict of Interest,45.44,82.41,3,2,1,48.8,3.71,0,0.0,76.71,Below Target,Non-Compliant,Significantly Delayed,False
GOV-0001119,2022,10,October,Q4,2022-10-01,FAC-004,Munich Precision Works,Germany,Europe,Supplier Standards,44.93,82.32,2,1,1,47.2,3.51,0,0.0,76.66,Below Target,Non-Compliant,Significantly Delayed,False
GOV-0001120,2022,10,October,Q4,2022-10-01,FAC-004,Munich Precision Works,Germany,Europe,Information Security,45.43,81.9,1,0,1,52.4,3.65,0,0.0,74.19,Below Target,Non-Compliant,Significantly Delayed,False
GOV-0001121,2022,10,October,Q4,2022-10-01,FAC-005,Stuttgart Engineering,Germany,Europe,Anti-Corruption,45.23,81.1,0,0,0,43.8,3.76,0,0.0,74.39,Below Target,Non-Compliant,Slightly Delayed,False
GOV-0001122,2022,10,October,Q4,2022-10-01,FAC-005,Stuttgart Engineering,Germany,Europe,Data Privacy,44.29,84.23,3,1,2,46.8,3.49,0,0.0,75.8,Below Target,Non-Compliant,Significantly Delayed,False
GOV-0001123,2022,10,October,Q4,2022-10-01,FAC-005,Stuttgart Engineering,Germany,Europe,Environmental,45.87,82.11,5,3,2,43.8,3.2,0,0.0,75.31,Below Target,Non-Compliant,Slightly Delayed,False
GOV-0001124,2022,10,October,Q4,2022-10-01,FAC-005,Stuttgart Engineering,Germany,Europe,Health & Safety,47.13,80.89,0,0,0,45.4,3.77,0,0.0,76.44,Below Target,Non-Compliant,Significantly Delayed,False
GOV-0001125,2022,10,October,Q4,2022-10-01,FAC-005,Stuttgart Engineering,Germany,Europe,Human Rights,47.78,80.48,1,0,1,47.5,3.63,0,0.0,79.48,Below Target,Non-Compliant,Significantly Delayed,False
GOV-0001126,2022,10,October,Q4,2022-10-01,FAC-005,Stuttgart Engineering,Germany,Europe,Whistleblower,47.21,79.97,3,2,1,45.1,3.55,0,0.0,74.48,Below Target,Non-Compliant,Significantly Delayed,False
GOV-0001127,2022,10,October,Q4,2022-10-01,FAC-005,Stuttgart Engineering,Germany,Europe,Code of Conduct,46.42,80.92,2,1,1,48.6,3.6,0,67192.9,78.69,Below Target,Non-Compliant,Significantly Delayed,True
GOV-0001128,2022,10,October,Q4,2022-10-01,FAC-005,Stuttgart Engineering,Germany,Europe,Conflict of Interest,46.9,84.84,4,3,1,44.9,3.39,0,0.0,78.25,Below Target,Non-Compliant,Slightly Delayed,False
GOV-0001129,2022,10,October,Q4,2022-10-01,FAC-005,Stuttgart Engineering,Germany,Europe,Supplier Standards,47.59,81.26,2,1,1,44.4,3.77,0,0.0,74.79,Below Target,Non-Compliant,Slightly Delayed,False
GOV-0001130,2022,10,October,Q4,2022-10-01,FAC-005,Stuttgart Engineering,Germany,Europe,Information Security,45.0,83.54,5,4,1,44.9,3.12,0,0.0,77.37,Below Target,Non-Compliant,Slightly Delayed,False
GOV-0001131,2022,10,October,Q4,2022-10-01,FAC-006,Rotterdam Hub,Netherlands,Europe,Anti-Corruption,45.5,82.56,3,2,1,46.7,3.54,0,0.0,76.23,Below Target,Non-Compliant,Significantly Delayed,False
GOV-0001132,2022,10,October,Q4,2022-10-01,FAC-006,Rotterdam Hub,Netherlands,Europe,Data Privacy,46.95,82.69,2,1,1,44.8,3.51,0,0.0,73.76,Below Target,Non-Compliant,Slightly Delayed,False
GOV-0001133,2022,10,October,Q4,2022-10-01,FAC-006,Rotterdam Hub,Netherlands,Europe,Environmental,44.53,84.86,0,0,0,45.0,3.33,0,0.0,74.98,Below Target,Non-Compliant,Slightly Delayed,False
GOV-0001134,2022,10,October,Q4,2022-10-01,FAC-006,Rotterdam Hub,Netherlands,Europe,Health & Safety,46.98,80.68,2,1,1,46.6,3.53,0,0.0,74.54,Below Target,Non-Compliant,Significantly Delayed,False
GOV-0001135,2022,10,October,Q4,2022-10-01,FAC-006,Rotterdam Hub,Netherlands,Europe,Human Rights,45.52,82.89,3,2,1,51.7,3.47,0,0.0,75.4,Below Target,Non-Compliant,Significantly Delayed,False
GOV-0001136,2022,10,October,Q4,2022-10-01,FAC-006,Rotterdam Hub,Netherlands,Europe,Whistleblower,45.53,80.61,2,1,1,41.4,4.08,0,0.0,75.57,Below Target,Non-Compliant,Slightly Delayed,False
GOV-0001137,2022,10,October,Q4,2022-10-01,FAC-006,Rotterdam Hub,Netherlands,Europe,Code of Conduct,45.71,80.24,2,1,1,49.9,3.62,0,0.0,76.6,Below Target,Non-Compliant,Significantly Delayed,False
GOV-0001138,2022,10,October,Q4,2022-10-01,FAC-006,Rotterdam Hub,Netherlands,Europe,Conflict of Interest,48.28,81.62,5,3,2,48.4,3.47,0,0.0,78.19,Below Target,Non-Compliant,Significantly Delayed,False
GOV-0001139,2022,10,October,Q4,2022-10-01,FAC-006,Rotterdam Hub,Netherlands,Europe,Supplier Standards,47.06,82.78,0,0,0,50.7,3.45,0,0.0,77.98,Below Target,Non-Compliant,Significantly Delayed,False
GOV-0001140,2022,10,October,Q4,2022-10-01,FAC-006,Rotterdam Hub,Netherlands,Europe,Information Security,44.05,82.69,1,0,1,46.5,3.66,0,0.0,73.66,Below Target,Non-Compliant,Significantly Delayed,False
GOV-0001141,2022,10,October,Q4,2022-10-01,FAC-007,Lyon Components,France,Europe,Anti-Corruption,47.29,80.76,5,3,2,44.3,3.59,0,0.0,76.44,Below Target,Non-Compliant,Slightly Delayed,False
GOV-0001142,2022,10,October,Q4,2022-10-01,FAC-007,Lyon Components,France,Europe,Data Privacy,48.48,82.37,3,2,1,48.5,3.23,0,0.0,77.92,Below Target,Non-Compliant,Significantly Delayed,False
GOV-0001143,2022,10,October,Q4,2022-10-01,FAC-007,Lyon Components,France,Europe,Environmental,46.78,81.85,3,2,1,53.2,3.69,0,0.0,76.52,Below Target,Non-Compliant,Significantly Delayed,False
GOV-0001144,2022,10,October,Q4,2022-10-01,FAC-007,Lyon Components,France,Europe,Health & Safety,46.12,80.53,4,3,1,48.2,3.63,0,0.0,77.02,Below Target,Non-Compliant,Significantly Delayed,False
GOV-0001145,2022,10,October,Q4,2022-10-01,FAC-007,Lyon Components,France,Europe,Human Rights,45.86,83.61,0,0,0,49.8,3.32,0,0.0,77.15,Below Target,Non-Compliant,Significantly Delayed,False
GOV-0001146,2022,10,October,Q4,2022-10-01,FAC-007,Lyon Components,France,Europe,Whistleblower,47.56,80.23,3,2,1,49.3,3.59,0,0.0,74.75,Below Target,Non-Compliant,Significantly Delayed,False
GOV-0001147,2022,10,October,Q4,2022-10-01,FAC-007,Lyon Components,France,Europe,Code of Conduct,45.96,81.77,0,0,0,48.1,3.57,0,0.0,77.19,Below Target,Non-Compliant,Significantly Delayed,False
GOV-0001148,2022,10,October,Q4,2022-10-01,FAC-007,Lyon Components,France,Europe,Conflict of Interest,46.78,81.55,1,0,1,50.0,3.69,0,0.0,75.42,Below Target,Non-Compliant,Significantly Delayed,False
GOV-0001149,2022,10,October,Q4,2022-10-01,FAC-007,Lyon Components,France,Europe,Supplier Standards,45.79,82.33,3,1,2,46.7,3.41,0,0.0,74.93,Below Target,Non-Compliant,Significantly Delayed,False
GOV-0001150,2022,10,October,Q4,2022-10-01,FAC-007,Lyon Components,France,Europe,Information Security,44.52,84.21,0,0,0,49.5,3.47,0,0.0,74.55,Below Target,Non-Compliant,Significantly Delayed,False
GOV-0001151,2022,10,October,Q4,2022-10-01,FAC-008,Shanghai Manufacturing,China,Asia Pacific,Anti-Corruption,46.22,82.13,4,3,1,47.3,3.13,0,0.0,73.53,Below Target,Non-Compliant,Significantly Delayed,False
GOV-0001152,2022,10,October,Q4,2022-10-01,FAC-008,Shanghai Manufacturing,China,Asia Pacific,Data Privacy,46.12,81.8,1,0,1,50.4,3.35,0,0.0,74.65,Below Target,Non-Compliant,Significantly Delayed,False
GOV-0001153,2022,10,October,Q4,2022-10-01,FAC-008,Shanghai Manufacturing,China,Asia Pacific,Environmental,46.4,83.86,4,3,1,45.2,3.26,0,0.0,75.6,Below Target,Non-Compliant,Significantly Delayed,False
GOV-0001154,2022,10,October,Q4,2022-10-01,FAC-008,Shanghai Manufacturing,China,Asia Pacific,Health & Safety,44.79,83.26,5,4,1,44.0,3.72,0,0.0,78.01,Below Target,Non-Compliant,Slightly Delayed,False
GOV-0001155,2022,10,October,Q4,2022-10-01,FAC-008,Shanghai Manufacturing,China,Asia Pacific,Human Rights,43.36,83.68,5,3,2,49.2,3.34,0,0.0,76.67,Below Target,Non-Compliant,Significantly Delayed,False
GOV-0001156,2022,10,October,Q4,2022-10-01,FAC-008,Shanghai Manufacturing,China,Asia Pacific,Whistleblower,47.8,80.35,3,2,1,44.7,3.31,0,0.0,78.4,Below Target,Non-Compliant,Slightly Delayed,False
GOV-0001157,2022,10,October,Q4,2022-10-01,FAC-008,Shanghai Manufacturing,China,Asia Pacific,Code of Conduct,46.02,83.03,5,3,2,49.8,3.99,0,0.0,76.73,Below Target,Non-Compliant,Significantly Delayed,False
GOV-0001158,2022,10,October,Q4,2022-10-01,FAC-008,Shanghai Manufacturing,China,Asia Pacific,Conflict of Interest,46.5,81.53,0,0,0,47.6,3.56,0,0.0,76.54,Below Target,Non-Compliant,Significantly Delayed,False
GOV-0001159,2022,10,October,Q4,2022-10-01,FAC-008,Shanghai Manufacturing,China,Asia Pacific,Supplier Standards,43.58,82.63,3,1,2,49.6,3.59,0,0.0,77.74,Below Target,Non-Compliant,Significantly Delayed,False
GOV-0001160,2022,10,October,Q4,2022-10-01,FAC-008,Shanghai Manufacturing,China,Asia Pacific,Information Security,46.13,82.14,0,0,0,48.7,3.5,0,0.0,76.77,Below Target,Non-Compliant,Significantly Delayed,False
GOV-0001161,2022,10,October,Q4,2022-10-01,FAC-009,Bangalore Tech Centre,India,Asia Pacific,Anti-Corruption,45.58,82.06,2,1,1,48.1,3.35,0,0.0,73.67,Below Target,Non-Compliant,Significantly Delayed,False
GOV-0001162,2022,10,October,Q4,2022-10-01,FAC-009,Bangalore Tech Centre,India,Asia Pacific,Data Privacy,48.51,81.66,4,2,2,46.8,3.61,0,0.0,75.77,Below Target,Non-Compliant,Significantly Delayed,False
GOV-0001163,2022,10,October,Q4,2022-10-01,FAC-009,Bangalore Tech Centre,India,Asia Pacific,Environmental,47.34,82.35,5,4,1,48.6,3.41,0,66504.51,77.0,Below Target,Non-Compliant,Significantly Delayed,True
GOV-0001164,2022,10,October,Q4,2022-10-01,FAC-009,Bangalore Tech Centre,India,Asia Pacific,Health & Safety,44.54,80.83,0,0,0,47.3,3.23,0,0.0,79.04,Below Target,Non-Compliant,Significantly Delayed,False
GOV-0001165,2022,10,October,Q4,2022-10-01,FAC-009,Bangalore Tech Centre,India,Asia Pacific,Human Rights,45.14,82.54,0,0,0,48.3,3.71,0,0.0,76.5,Below Target,Non-Compliant,Significantly Delayed,False
GOV-0001166,2022,10,October,Q4,2022-10-01,FAC-009,Bangalore Tech Centre,India,Asia Pacific,Whistleblower,47.8,81.74,4,3,1,44.4,3.48,0,0.0,74.99,Below Target,Non-Compliant,Slightly Delayed,False
GOV-0001167,2022,10,October,Q4,2022-10-01,FAC-009,Bangalore Tech Centre,India,Asia Pacific,Code of Conduct,47.56,81.67,2,1,1,53.0,3.43,0,0.0,79.99,Below Target,Non-Compliant,Significantly Delayed,False
GOV-0001168,2022,10,October,Q4,2022-10-01,FAC-009,Bangalore Tech Centre,India,Asia Pacific,Conflict of Interest,46.11,82.3,3,2,1,43.6,3.4,0,0.0,76.94,Below Target,Non-Compliant,Slightly Delayed,False
GOV-0001169,2022,10,October,Q4,2022-10-01,FAC-009,Bangalore Tech Centre,India,Asia Pacific,Supplier Standards,46.76,81.98,3,2,1,46.1,3.21,0,0.0,76.34,Below Target,Non-Compliant,Significantly Delayed,False
GOV-0001170,2022,10,October,Q4,2022-10-01,FAC-009,Bangalore Tech Centre,India,Asia Pacific,Information Security,44.25,85.53,1,0,1,51.4,3.8,0,0.0,76.21,Below Target,Near Compliant,Significantly Delayed,False
GOV-0001171,2022,10,October,Q4,2022-10-01,FAC-010,Singapore Distribution,Singapore,Asia Pacific,Anti-Corruption,47.68,81.04,4,2,2,48.2,3.4,0,0.0,73.74,Below Target,Non-Compliant,Significantly Delayed,False
GOV-0001172,2022,10,October,Q4,2022-10-01,FAC-010,Singapore Distribution,Singapore,Asia Pacific,Data Privacy,44.58,80.71,5,4,1,48.3,3.53,0,0.0,75.41,Below Target,Non-Compliant,Significantly Delayed,False
GOV-0001173,2022,10,October,Q4,2022-10-01,FAC-010,Singapore Distribution,Singapore,Asia Pacific,Environmental,46.72,80.23,2,1,1,49.6,3.56,0,0.0,73.33,Below Target,Non-Compliant,Significantly Delayed,False
GOV-0001174,2022,10,October,Q4,2022-10-01,FAC-010,Singapore Distribution,Singapore,Asia Pacific,Health & Safety,45.58,80.22,0,0,0,50.0,3.65,0,0.0,74.58,Below Target,Non-Compliant,Significantly Delayed,False
GOV-0001175,2022,10,October,Q4,2022-10-01,FAC-010,Singapore Distribution,Singapore,Asia Pacific,Human Rights,45.98,80.42,0,0,0,46.4,3.59,0,0.0,76.23,Below Target,Non-Compliant,Significantly Delayed,False
GOV-0001176,2022,10,October,Q4,2022-10-01,FAC-010,Singapore Distribution,Singapore,Asia Pacific,Whistleblower,45.04,82.73,1,0,1,49.5,3.75,0,0.0,75.12,Below Target,Non-Compliant,Significantly Delayed,False
GOV-0001177,2022,10,October,Q4,2022-10-01,FAC-010,Singapore Distribution,Singapore,Asia Pacific,Code of Conduct,45.58,80.53,5,4,1,48.9,3.76,0,0.0,75.51,Below Target,Non-Compliant,Significantly Delayed,False
GOV-0001178,2022,10,October,Q4,2022-10-01,FAC-010,Singapore Distribution,Singapore,Asia Pacific,Conflict of Interest,46.42,80.87,2,1,1,46.7,3.57,0,0.0,74.45,Below Target,Non-Compliant,Significantly Delayed,False
GOV-0001179,2022,10,October,Q4,2022-10-01,FAC-010,Singapore Distribution,Singapore,Asia Pacific,Supplier Standards,45.75,82.23,2,1,1,46.6,3.45,0,117758.15,76.56,Below Target,Non-Compliant,Significantly Delayed,True
GOV-0001180,2022,10,October,Q4,2022-10-01,FAC-010,Singapore Distribution,Singapore,Asia Pacific,Information Security,48.18,83.05,1,0,1,48.1,3.79,0,0.0,76.77,Below Target,Non-Compliant,Significantly Delayed,False
GOV-0001181,2022,10,October,Q4,2022-10-01,FAC-011,Monterrey Plant,Mexico,Latin America,Anti-Corruption,45.94,83.33,5,4,1,44.8,3.23,0,0.0,75.98,Below Target,Non-Compliant,Slightly Delayed,False
GOV-0001182,2022,10,October,Q4,2022-10-01,FAC-011,Monterrey Plant,Mexico,Latin America,Data Privacy,45.27,81.37,1,0,1,48.0,3.47,0,128653.82,76.67,Below Target,Non-Compliant,Significantly Delayed,True
GOV-0001183,2022,10,October,Q4,2022-10-01,FAC-011,Monterrey Plant,Mexico,Latin America,Environmental,46.59,80.79,5,3,2,48.2,3.42,0,89193.91,74.34,Below Target,Non-Compliant,Significantly Delayed,True
GOV-0001184,2022,10,October,Q4,2022-10-01,FAC-011,Monterrey Plant,Mexico,Latin America,Health & Safety,46.68,82.13,3,2,1,50.6,3.37,0,0.0,75.29,Below Target,Non-Compliant,Significantly Delayed,False
GOV-0001185,2022,10,October,Q4,2022-10-01,FAC-011,Monterrey Plant,Mexico,Latin America,Human Rights,48.86,81.2,5,3,2,43.9,3.54,0,0.0,77.33,Below Target,Non-Compliant,Slightly Delayed,False
GOV-0001186,2022,10,October,Q4,2022-10-01,FAC-011,Monterrey Plant,Mexico,Latin America,Whistleblower,47.02,81.84,2,1,1,44.0,3.81,0,0.0,74.51,Below Target,Non-Compliant,Slightly Delayed,False
GOV-0001187,2022,10,October,Q4,2022-10-01,FAC-011,Monterrey Plant,Mexico,Latin America,Code of Conduct,49.12,79.65,1,0,1,48.7,3.52,0,0.0,74.83,Below Target,Non-Compliant,Significantly Delayed,False
GOV-0001188,2022,10,October,Q4,2022-10-01,FAC-011,Monterrey Plant,Mexico,Latin America,Conflict of Interest,45.23,84.0,0,0,0,47.4,3.61,0,0.0,77.46,Below Target,Non-Compliant,Significantly Delayed,False
GOV-0001189,2022,10,October,Q4,2022-10-01,FAC-011,Monterrey Plant,Mexico,Latin America,Supplier Standards,44.38,79.63,5,4,1,49.5,3.3,0,0.0,77.14,Below Target,Non-Compliant,Significantly Delayed,False
GOV-0001190,2022,10,October,Q4,2022-10-01,FAC-011,Monterrey Plant,Mexico,Latin America,Information Security,47.38,81.7,2,1,1,45.5,3.62,0,0.0,76.06,Below Target,Non-Compliant,Significantly Delayed,False
GOV-0001191,2022,10,October,Q4,2022-10-01,FAC-012,Sao Paulo Operations,Brazil,Latin America,Anti-Corruption,43.69,81.19,1,0,1,46.4,3.84,0,72412.65,76.31,Below Target,Non-Compliant,Significantly Delayed,True
GOV-0001192,2022,10,October,Q4,2022-10-01,FAC-012,Sao Paulo Operations,Brazil,Latin America,Data Privacy,45.65,80.42,0,0,0,54.2,3.64,0,0.0,75.15,Below Target,Non-Compliant,Significantly Delayed,False
GOV-0001193,2022,10,October,Q4,2022-10-01,FAC-012,Sao Paulo Operations,Brazil,Latin America,Environmental,46.73,81.83,2,1,1,47.7,3.73,0,0.0,75.42,Below Target,Non-Compliant,Significantly Delayed,False
GOV-0001194,2022,10,October,Q4,2022-10-01,FAC-012,Sao Paulo Operations,Brazil,Latin America,Health & Safety,46.72,81.81,5,4,1,52.4,3.49,0,0.0,77.57,Below Target,Non-Compliant,Significantly Delayed,False
GOV-0001195,2022,10,October,Q4,2022-10-01,FAC-012,Sao Paulo Operations,Brazil,Latin America,Human Rights,46.44,81.6,0,0,0,46.6,3.52,0,0.0,75.36,Below Target,Non-Compliant,Significantly Delayed,False
GOV-0001196,2022,10,October,Q4,2022-10-01,FAC-012,Sao Paulo Operations,Brazil,Latin America,Whistleblower,45.21,82.49,1,0,1,43.3,3.22,0,0.0,74.25,Below Target,Non-Compliant,Slightly Delayed,False
GOV-0001197,2022,10,October,Q4,2022-10-01,FAC-012,Sao Paulo Operations,Brazil,Latin America,Code of Conduct,45.15,79.52,1,0,1,47.6,3.57,0,0.0,76.64,Below Target,Non-Compliant,Significantly Delayed,False
GOV-0001198,2022,10,October,Q4,2022-10-01,FAC-012,Sao Paulo Operations,Brazil,Latin America,Conflict of Interest,46.32,83.92,5,4,1,45.8,3.44,0,0.0,76.56,Below Target,Non-Compliant,Significantly Delayed,False
GOV-0001199,2022,10,October,Q4,2022-10-01,FAC-012,Sao Paulo Operations,Brazil,Latin America,Supplier Standards,45.9,82.37,0,0,0,47.0,3.22,0,0.0,76.78,Below Target,Non-Compliant,Significantly Delayed,False
GOV-0001200,2022,10,October,Q4,2022-10-01,FAC-012,Sao Paulo Operations,Brazil,Latin America,Information Security,43.9,79.11,2,1,1,49.4,3.64,0,0.0,76.66,Below Target,Non-Compliant,Significantly Delayed,False
GOV-0001201,2022,11,November,Q4,2022-11-01,FAC-001,Chicago Main Plant,USA,North America,Anti-Corruption,46.62,81.07,0,0,0,42.2,3.21,1,0.0,77.29,Below Target,Non-Compliant,Slightly Delayed,False
GOV-0001202,2022,11,November,Q4,2022-11-01,FAC-001,Chicago Main Plant,USA,North America,Data Privacy,45.52,79.96,1,0,1,43.6,3.2,0,0.0,75.64,Below Target,Non-Compliant,Slightly Delayed,False
GOV-0001203,2022,11,November,Q4,2022-11-01,FAC-001,Chicago Main Plant,USA,North America,Environmental,44.74,79.34,4,3,1,48.7,3.9,0,0.0,76.18,Below Target,Non-Compliant,Significantly Delayed,False
GOV-0001204,2022,11,November,Q4,2022-11-01,FAC-001,Chicago Main Plant,USA,North America,Health & Safety,43.3,82.38,5,4,1,48.2,3.54,0,0.0,72.66,Below Target,Non-Compliant,Significantly Delayed,False
GOV-0001205,2022,11,November,Q4,2022-11-01,FAC-001,Chicago Main Plant,USA,North America,Human Rights,43.89,85.21,1,0,1,42.3,3.62,0,0.0,77.16,Below Target,Near Compliant,Slightly Delayed,False
GOV-0001206,2022,11,November,Q4,2022-11-01,FAC-001,Chicago Main Plant,USA,North America,Whistleblower,44.51,84.01,0,0,0,52.0,3.1,0,108574.72,76.39,Below Target,Non-Compliant,Significantly Delayed,True
GOV-0001207,2022,11,November,Q4,2022-11-01,FAC-001,Chicago Main Plant,USA,North America,Code of Conduct,45.85,80.3,0,0,0,46.4,3.77,0,0.0,76.84,Below Target,Non-Compliant,Significantly Delayed,False
GOV-0001208,2022,11,November,Q4,2022-11-01,FAC-001,Chicago Main Plant,USA,North America,Conflict of Interest,44.18,81.26,0,0,0,45.2,3.96,0,0.0,75.43,Below Target,Non-Compliant,Significantly Delayed,False
GOV-0001209,2022,11,November,Q4,2022-11-01,FAC-001,Chicago Main Plant,USA,North America,Supplier Standards,46.16,82.74,3,2,1,51.4,3.68,0,0.0,75.41,Below Target,Non-Compliant,Significantly Delayed,False
GOV-0001210,2022,11,November,Q4,2022-11-01,FAC-001,Chicago Main Plant,USA,North America,Information Security,44.59,83.72,1,0,1,51.6,3.47,0,0.0,76.76,Below Target,Non-Compliant,Significantly Delayed,False
GOV-0001211,2022,11,November,Q4,2022-11-01,FAC-002,Detroit Assembly,USA,North America,Anti-Corruption,47.17,82.55,2,1,1,48.0,3.81,0,0.0,73.35,Below Target,Non-Compliant,Significantly Delayed,False
GOV-0001212,2022,11,November,Q4,2022-11-01,FAC-002,Detroit Assembly,USA,North America,Data Privacy,47.94,80.77,5,4,1,43.3,3.53,0,0.0,75.64,Below Target,Non-Compliant,Slightly Delayed,False
GOV-0001213,2022,11,November,Q4,2022-11-01,FAC-002,Detroit Assembly,USA,North America,Environmental,46.63,81.58,1,0,1,44.1,3.8,0,0.0,77.11,Below Target,Non-Compliant,Slightly Delayed,False
GOV-0001214,2022,11,November,Q4,2022-11-01,FAC-002,Detroit Assembly,USA,North America,Health & Safety,46.83,80.98,1,0,1,44.9,3.31,0,0.0,75.28,Below Target,Non-Compliant,Slightly Delayed,False
GOV-0001215,2022,11,November,Q4,2022-11-01,FAC-002,Detroit Assembly,USA,North America,Human Rights,43.87,80.55,2,1,1,48.7,3.98,0,0.0,74.71,Below Target,Non-Compliant,Significantly Delayed,False
GOV-0001216,2022,11,November,Q4,2022-11-01,FAC-002,Detroit Assembly,USA,North America,Whistleblower,44.84,79.96,5,4,1,54.6,3.52,0,0.0,78.25,Below Target,Non-Compliant,Significantly Delayed,False
GOV-0001217,2022,11,November,Q4,2022-11-01,FAC-002,Detroit Assembly,USA,North America,Code of Conduct,44.91,80.76,5,3,2,44.0,3.31,0,0.0,79.97,Below Target,Non-Compliant,Slightly Delayed,False
GOV-0001218,2022,11,November,Q4,2022-11-01,FAC-002,Detroit Assembly,USA,North America,Conflict of Interest,46.52,82.87,1,0,1,48.1,3.29,0,0.0,76.11,Below Target,Non-Compliant,Significantly Delayed,False
GOV-0001219,2022,11,November,Q4,2022-11-01,FAC-002,Detroit Assembly,USA,North America,Supplier Standards,45.19,81.64,0,0,0,49.6,3.37,0,0.0,73.71,Below Target,Non-Compliant,Significantly Delayed,False
GOV-0001220,2022,11,November,Q4,2022-11-01,FAC-002,Detroit Assembly,USA,North America,Information Security,44.76,85.64,5,4,1,49.0,3.4,0,0.0,74.69,Below Target,Near Compliant,Significantly Delayed,False
GOV-0001221,2022,11,November,Q4,2022-11-01,FAC-003,Toronto Operations,Canada,North America,Anti-Corruption,44.97,85.05,1,0,1,48.2,3.73,0,0.0,71.42,Below Target,Near Compliant,Significantly Delayed,False
GOV-0001222,2022,11,November,Q4,2022-11-01,FAC-003,Toronto Operations,Canada,North America,Data Privacy,45.12,81.9,2,1,1,45.1,3.58,0,0.0,74.29,Below Target,Non-Compliant,Significantly Delayed,False
GOV-0001223,2022,11,November,Q4,2022-11-01,FAC-003,Toronto Operations,Canada,North America,Environmental,43.89,82.65,2,1,1,45.0,3.35,0,0.0,77.09,Below Target,Non-Compliant,Slightly Delayed,False
GOV-0001224,2022,11,November,Q4,2022-11-01,FAC-003,Toronto Operations,Canada,North America,Health & Safety,46.07,82.91,2,1,1,46.8,3.84,0,0.0,77.55,Below Target,Non-Compliant,Significantly Delayed,False
GOV-0001225,2022,11,November,Q4,2022-11-01,FAC-003,Toronto Operations,Canada,North America,Human Rights,47.05,81.02,1,0,1,42.3,3.41,1,0.0,73.12,Below Target,Non-Compliant,Slightly Delayed,False
GOV-0001226,2022,11,November,Q4,2022-11-01,FAC-003,Toronto Operations,Canada,North America,Whistleblower,44.52,82.22,5,3,2,49.4,3.81,0,0.0,75.9,Below Target,Non-Compliant,Significantly Delayed,False
GOV-0001227,2022,11,November,Q4,2022-11-01,FAC-003,Toronto Operations,Canada,North America,Code of Conduct,46.07,82.5,2,1,1,44.4,3.4,0,0.0,79.2,Below Target,Non-Compliant,Slightly Delayed,False
GOV-0001228,2022,11,November,Q4,2022-11-01,FAC-003,Toronto Operations,Canada,North America,Conflict of Interest,44.05,81.18,0,0,0,47.4,3.79,0,0.0,75.17,Below Target,Non-Compliant,Significantly Delayed,False
GOV-0001229,2022,11,November,Q4,2022-11-01,FAC-003,Toronto Operations,Canada,North America,Supplier Standards,47.0,79.81,1,0,1,49.9,3.36,0,0.0,74.06,Below Target,Non-Compliant,Significantly Delayed,False
GOV-0001230,2022,11,November,Q4,2022-11-01,FAC-003,Toronto Operations,Canada,North America,Information Security,45.32,81.76,5,4,1,46.3,3.58,0,0.0,76.88,Below Target,Non-Compliant,Significantly Delayed,False
GOV-0001231,2022,11,November,Q4,2022-11-01,FAC-004,Munich Precision Works,Germany,Europe,Anti-Corruption,42.74,81.98,0,0,0,44.2,3.48,0,0.0,72.79,Below Target,Non-Compliant,Slightly Delayed,False
GOV-0001232,2022,11,November,Q4,2022-11-01,FAC-004,Munich Precision Works,Germany,Europe,Data Privacy,46.25,80.79,3,1,2,48.6,3.45,0,0.0,75.99,Below Target,Non-Compliant,Significantly Delayed,False
GOV-0001233,2022,11,November,Q4,2022-11-01,FAC-004,Munich Precision Works,Germany,Europe,Environmental,44.33,82.56,0,0,0,43.6,3.59,0,0.0,76.36,Below Target,Non-Compliant,Slightly Delayed,False
GOV-0001234,2022,11,November,Q4,2022-11-01,FAC-004,Munich Precision Works,Germany,Europe,Health & Safety,47.96,81.34,1,0,1,50.6,3.34,0,0.0,77.28,Below Target,Non-Compliant,Significantly Delayed,False
GOV-0001235,2022,11,November,Q4,2022-11-01,FAC-004,Munich Precision Works,Germany,Europe,Human Rights,46.13,81.33,4,2,2,42.4,3.69,0,0.0,74.95,Below Target,Non-Compliant,Slightly Delayed,False
GOV-0001236,2022,11,November,Q4,2022-11-01,FAC-004,Munich Precision Works,Germany,Europe,Whistleblower,46.96,83.71,5,3,2,47.1,3.63,0,0.0,75.99,Below Target,Non-Compliant,Significantly Delayed,False
GOV-0001237,2022,11,November,Q4,2022-11-01,FAC-004,Munich Precision Works,Germany,Europe,Code of Conduct,43.24,85.08,0,0,0,52.0,3.07,0,0.0,76.58,Below Target,Near Compliant,Significantly Delayed,False
GOV-0001238,2022,11,November,Q4,2022-11-01,FAC-004,Munich Precision Works,Germany,Europe,Conflict of Interest,47.49,78.57,3,2,1,47.7,3.59,0,0.0,75.05,Below Target,Non-Compliant,Significantly Delayed,False
GOV-0001239,2022,11,November,Q4,2022-11-01,FAC-004,Munich Precision Works,Germany,Europe,Supplier Standards,46.01,83.7,3,2,1,47.1,3.43,0,0.0,76.81,Below Target,Non-Compliant,Significantly Delayed,False
GOV-0001240,2022,11,November,Q4,2022-11-01,FAC-004,Munich Precision Works,Germany,Europe,Information Security,46.74,80.25,5,3,2,47.4,3.89,0,0.0,76.85,Below Target,Non-Compliant,Significantly Delayed,False
GOV-0001241,2022,11,November,Q4,2022-11-01,FAC-005,Stuttgart Engineering,Germany,Europe,Anti-Corruption,45.11,78.72,3,2,1,49.5,3.64,0,0.0,73.83,Below Target,Non-Compliant,Significantly Delayed,False
GOV-0001242,2022,11,November,Q4,2022-11-01,FAC-005,Stuttgart Engineering,Germany,Europe,Data Privacy,45.63,80.51,3,2,1,47.1,3.64,0,0.0,76.99,Below Target,Non-Compliant,Significantly Delayed,False
GOV-0001243,2022,11,November,Q4,2022-11-01,FAC-005,Stuttgart Engineering,Germany,Europe,Environmental,46.27,80.39,3,2,1,52.0,3.29,0,0.0,72.59,Below Target,Non-Compliant,Significantly Delayed,False
GOV-0001244,2022,11,November,Q4,2022-11-01,FAC-005,Stuttgart Engineering,Germany,Europe,Health & Safety,44.92,83.89,5,4,1,46.2,3.64,0,0.0,74.08,Below Target,Non-Compliant,Significantly Delayed,False
GOV-0001245,2022,11,November,Q4,2022-11-01,FAC-005,Stuttgart Engineering,Germany,Europe,Human Rights,45.82,81.22,0,0,0,45.9,3.59,0,0.0,77.16,Below Target,Non-Compliant,Significantly Delayed,False
GOV-0001246,2022,11,November,Q4,2022-11-01,FAC-005,Stuttgart Engineering,Germany,Europe,Whistleblower,44.85,82.8,4,3,1,51.9,3.57,0,0.0,75.24,Below Target,Non-Compliant,Significantly Delayed,False
GOV-0001247,2022,11,November,Q4,2022-11-01,FAC-005,Stuttgart Engineering,Germany,Europe,Code of Conduct,43.84,81.78,3,2,1,47.5,3.54,0,0.0,76.1,Below Target,Non-Compliant,Significantly Delayed,False
GOV-0001248,2022,11,November,Q4,2022-11-01,FAC-005,Stuttgart Engineering,Germany,Europe,Conflict of Interest,42.73,81.99,0,0,0,47.0,3.52,0,0.0,76.83,Below Target,Non-Compliant,Significantly Delayed,False
GOV-0001249,2022,11,November,Q4,2022-11-01,FAC-005,Stuttgart Engineering,Germany,Europe,Supplier Standards,50.0,84.53,3,1,2,49.1,3.5,0,0.0,76.34,Below Target,Non-Compliant,Significantly Delayed,False
GOV-0001250,2022,11,November,Q4,2022-11-01,FAC-005,Stuttgart Engineering,Germany,Europe,Information Security,46.87,81.68,4,3,1,46.5,3.75,0,0.0,76.79,Below Target,Non-Compliant,Significantly Delayed,False
GOV-0001251,2022,11,November,Q4,2022-11-01,FAC-006,Rotterdam Hub,Netherlands,Europe,Anti-Corruption,45.94,82.35,4,2,2,46.9,3.5,0,0.0,76.37,Below Target,Non-Compliant,Significantly Delayed,False
GOV-0001252,2022,11,November,Q4,2022-11-01,FAC-006,Rotterdam Hub,Netherlands,Europe,Data Privacy,48.14,82.16,3,2,1,45.3,3.9,0,0.0,75.94,Below Target,Non-Compliant,Significantly Delayed,False
GOV-0001253,2022,11,November,Q4,2022-11-01,FAC-006,Rotterdam Hub,Netherlands,Europe,Environmental,44.88,82.14,0,0,0,49.8,3.6,0,0.0,75.3,Below Target,Non-Compliant,Significantly Delayed,False
GOV-0001254,2022,11,November,Q4,2022-11-01,FAC-006,Rotterdam Hub,Netherlands,Europe,Health & Safety,45.38,81.48,0,0,0,44.3,3.54,0,0.0,78.61,Below Target,Non-Compliant,Slightly Delayed,False
GOV-0001255,2022,11,November,Q4,2022-11-01,FAC-006,Rotterdam Hub,Netherlands,Europe,Human Rights,46.67,81.63,2,1,1,46.5,3.73,0,0.0,78.07,Below Target,Non-Compliant,Significantly Delayed,False
GOV-0001256,2022,11,November,Q4,2022-11-01,FAC-006,Rotterdam Hub,Netherlands,Europe,Whistleblower,48.74,79.85,1,0,1,48.3,3.25,0,0.0,76.33,Below Target,Non-Compliant,Significantly Delayed,False
GOV-0001257,2022,11,November,Q4,2022-11-01,FAC-006,Rotterdam Hub,Netherlands,Europe,Code of Conduct,46.81,82.42,0,0,0,43.9,3.62,0,0.0,75.18,Below Target,Non-Compliant,Slightly Delayed,False
GOV-0001258,2022,11,November,Q4,2022-11-01,FAC-006,Rotterdam Hub,Netherlands,Europe,Conflict of Interest,44.33,80.21,5,3,2,52.1,3.79,0,0.0,76.57,Below Target,Non-Compliant,Significantly Delayed,False
GOV-0001259,2022,11,November,Q4,2022-11-01,FAC-006,Rotterdam Hub,Netherlands,Europe,Supplier Standards,45.61,81.75,1,0,1,52.1,3.5,0,0.0,77.07,Below Target,Non-Compliant,Significantly Delayed,False
GOV-0001260,2022,11,November,Q4,2022-11-01,FAC-006,Rotterdam Hub,Netherlands,Europe,Information Security,44.25,81.0,3,1,2,48.7,3.62,0,0.0,74.96,Below Target,Non-Compliant,Significantly Delayed,False
GOV-0001261,2022,11,November,Q4,2022-11-01,FAC-007,Lyon Components,France,Europe,Anti-Corruption,44.82,82.44,4,2,2,58.4,3.83,0,0.0,75.84,Below Target,Non-Compliant,Significantly Delayed,False
GOV-0001262,2022,11,November,Q4,2022-11-01,FAC-007,Lyon Components,France,Europe,Data Privacy,47.15,83.23,1,0,1,51.0,3.55,0,0.0,73.21,Below Target,Non-Compliant,Significantly Delayed,False
GOV-0001263,2022,11,November,Q4,2022-11-01,FAC-007,Lyon Components,France,Europe,Environmental,44.95,83.39,2,1,1,48.2,3.39,0,0.0,73.99,Below Target,Non-Compliant,Significantly Delayed,False
GOV-0001264,2022,11,November,Q4,2022-11-01,FAC-007,Lyon Components,France,Europe,Health & Safety,45.5,82.22,0,0,0,46.6,3.65,0,0.0,75.56,Below Target,Non-Compliant,Significantly Delayed,False
GOV-0001265,2022,11,November,Q4,2022-11-01,FAC-007,Lyon Components,France,Europe,Human Rights,46.31,82.36,5,4,1,46.8,3.35,0,0.0,74.02,Below Target,Non-Compliant,Significantly Delayed,False
GOV-0001266,2022,11,November,Q4,2022-11-01,FAC-007,Lyon Components,France,Europe,Whistleblower,45.13,81.46,2,1,1,46.8,3.56,0,0.0,77.96,Below Target,Non-Compliant,Significantly Delayed,False
GOV-0001267,2022,11,November,Q4,2022-11-01,FAC-007,Lyon Components,France,Europe,Code of Conduct,48.37,79.82,2,1,1,50.0,3.65,0,0.0,76.31,Below Target,Non-Compliant,Significantly Delayed,False
GOV-0001268,2022,11,November,Q4,2022-11-01,FAC-007,Lyon Components,France,Europe,Conflict of Interest,41.3,82.51,1,0,1,50.1,3.09,0,0.0,76.21,Below Target,Non-Compliant,Significantly Delayed,False
GOV-0001269,2022,11,November,Q4,2022-11-01,FAC-007,Lyon Components,France,Europe,Supplier Standards,45.89,82.07,1,0,1,52.1,3.36,0,0.0,73.79,Below Target,Non-Compliant,Significantly Delayed,False
GOV-0001270,2022,11,November,Q4,2022-11-01,FAC-007,Lyon Components,France,Europe,Information Security,46.44,81.35,2,1,1,45.8,3.63,0,0.0,74.27,Below Target,Non-Compliant,Significantly Delayed,False
GOV-0001271,2022,11,November,Q4,2022-11-01,FAC-008,Shanghai Manufacturing,China,Asia Pacific,Anti-Corruption,47.9,83.21,4,2,2,40.4,3.32,0,0.0,77.59,Below Target,Non-Compliant,Slightly Delayed,False
GOV-0001272,2022,11,November,Q4,2022-11-01,FAC-008,Shanghai Manufacturing,China,Asia Pacific,Data Privacy,45.19,80.92,1,0,1,48.6,3.63,0,0.0,74.52,Below Target,Non-Compliant,Significantly Delayed,False
GOV-0001273,2022,11,November,Q4,2022-11-01,FAC-008,Shanghai Manufacturing,China,Asia Pacific,Environmental,45.17,79.74,0,0,0,49.7,3.84,0,0.0,76.72,Below Target,Non-Compliant,Significantly Delayed,False
GOV-0001274,2022,11,November,Q4,2022-11-01,FAC-008,Shanghai Manufacturing,China,Asia Pacific,Health & Safety,45.32,83.73,4,3,1,51.7,3.5,0,0.0,76.49,Below Target,Non-Compliant,Significantly Delayed,False
GOV-0001275,2022,11,November,Q4,2022-11-01,FAC-008,Shanghai Manufacturing,China,Asia Pacific,Human Rights,46.06,80.82,1,0,1,46.2,3.74,0,0.0,76.09,Below Target,Non-Compliant,Significantly Delayed,False
GOV-0001276,2022,11,November,Q4,2022-11-01,FAC-008,Shanghai Manufacturing,China,Asia Pacific,Whistleblower,47.75,82.49,4,2,2,50.0,3.64,0,0.0,75.61,Below Target,Non-Compliant,Significantly Delayed,False
GOV-0001277,2022,11,November,Q4,2022-11-01,FAC-008,Shanghai Manufacturing,China,Asia Pacific,Code of Conduct,44.73,81.54,3,2,1,39.3,3.61,0,0.0,74.52,Below Target,Non-Compliant,Slightly Delayed,False
GOV-0001278,2022,11,November,Q4,2022-11-01,FAC-008,Shanghai Manufacturing,China,Asia Pacific,Conflict of Interest,44.34,80.68,2,1,1,50.8,3.33,0,0.0,74.73,Below Target,Non-Compliant,Significantly Delayed,False
GOV-0001279,2022,11,November,Q4,2022-11-01,FAC-008,Shanghai Manufacturing,China,Asia Pacific,Supplier Standards,41.8,79.93,0,0,0,45.7,3.98,0,0.0,75.54,Below Target,Non-Compliant,Significantly Delayed,False
GOV-0001280,2022,11,November,Q4,2022-11-01,FAC-008,Shanghai Manufacturing,China,Asia Pacific,Information Security,44.61,82.07,0,0,0,41.5,3.5,0,0.0,73.88,Below Target,Non-Compliant,Slightly Delayed,False
GOV-0001281,2022,11,November,Q4,2022-11-01,FAC-009,Bangalore Tech Centre,India,Asia Pacific,Anti-Corruption,45.37,83.23,3,1,2,48.4,3.48,0,0.0,75.09,Below Target,Non-Compliant,Significantly Delayed,False
GOV-0001282,2022,11,November,Q4,2022-11-01,FAC-009,Bangalore Tech Centre,India,Asia Pacific,Data Privacy,43.89,79.0,0,0,0,48.5,3.49,0,0.0,77.56,Below Target,Non-Compliant,Significantly Delayed,False
GOV-0001283,2022,11,November,Q4,2022-11-01,FAC-009,Bangalore Tech Centre,India,Asia Pacific,Environmental,44.32,81.74,1,0,1,48.3,3.2,0,0.0,77.46,Below Target,Non-Compliant,Significantly Delayed,False
GOV-0001284,2022,11,November,Q4,2022-11-01,FAC-009,Bangalore Tech Centre,India,Asia Pacific,Health & Safety,49.24,83.27,3,2,1,51.7,3.39,0,0.0,76.5,Below Target,Non-Compliant,Significantly Delayed,False
GOV-0001285,2022,11,November,Q4,2022-11-01,FAC-009,Bangalore Tech Centre,India,Asia Pacific,Human Rights,47.67,83.69,4,3,1,53.9,3.32,0,0.0,78.51,Below Target,Non-Compliant,Significantly Delayed,False
GOV-0001286,2022,11,November,Q4,2022-11-01,FAC-009,Bangalore Tech Centre,India,Asia Pacific,Whistleblower,45.26,83.31,2,1,1,48.8,3.81,0,0.0,80.2,Below Target,Non-Compliant,Significantly Delayed,False
GOV-0001287,2022,11,November,Q4,2022-11-01,FAC-009,Bangalore Tech Centre,India,Asia Pacific,Code of Conduct,46.78,81.76,5,4,1,48.5,3.29,0,0.0,76.04,Below Target,Non-Compliant,Significantly Delayed,False
GOV-0001288,2022,11,November,Q4,2022-11-01,FAC-009,Bangalore Tech Centre,India,Asia Pacific,Conflict of Interest,45.74,82.96,0,0,0,53.8,3.6,0,0.0,75.01,Below Target,Non-Compliant,Significantly Delayed,False
GOV-0001289,2022,11,November,Q4,2022-11-01,FAC-009,Bangalore Tech Centre,India,Asia Pacific,Supplier Standards,47.41,83.34,5,4,1,47.6,3.36,0,0.0,73.65,Below Target,Non-Compliant,Significantly Delayed,False
GOV-0001290,2022,11,November,Q4,2022-11-01,FAC-009,Bangalore Tech Centre,India,Asia Pacific,Information Security,45.75,80.83,0,0,0,52.6,3.48,0,0.0,76.45,Below Target,Non-Compliant,Significantly Delayed,False
GOV-0001291,2022,11,November,Q4,2022-11-01,FAC-010,Singapore Distribution,Singapore,Asia Pacific,Anti-Corruption,46.23,82.12,2,1,1,49.5,4.14,0,0.0,78.03,Below Target,Non-Compliant,Significantly Delayed,False
GOV-0001292,2022,11,November,Q4,2022-11-01,FAC-010,Singapore Distribution,Singapore,Asia Pacific,Data Privacy,46.64,83.38,3,2,1,50.5,3.44,0,0.0,77.06,Below Target,Non-Compliant,Significantly Delayed,False
GOV-0001293,2022,11,November,Q4,2022-11-01,FAC-010,Singapore Distribution,Singapore,Asia Pacific,Environmental,45.5,80.09,5,3,2,44.5,3.58,0,0.0,74.92,Below Target,Non-Compliant,Slightly Delayed,False
GOV-0001294,2022,11,November,Q4,2022-11-01,FAC-010,Singapore Distribution,Singapore,Asia Pacific,Health & Safety,45.59,82.77,2,1,1,43.8,3.19,0,0.0,76.29,Below Target,Non-Compliant,Slightly Delayed,False
GOV-0001295,2022,11,November,Q4,2022-11-01,FAC-010,Singapore Distribution,Singapore,Asia Pacific,Human Rights,47.62,84.52,3,2,1,48.2,3.71,0,0.0,75.65,Below Target,Non-Compliant,Significantly Delayed,False
GOV-0001296,2022,11,November,Q4,2022-11-01,FAC-010,Singapore Distribution,Singapore,Asia Pacific,Whistleblower,45.71,82.97,4,2,2,44.2,3.51,0,0.0,74.62,Below Target,Non-Compliant,Slightly Delayed,False
GOV-0001297,2022,11,November,Q4,2022-11-01,FAC-010,Singapore Distribution,Singapore,Asia Pacific,Code of Conduct,47.43,82.18,5,3,2,45.9,3.25,0,0.0,74.83,Below Target,Non-Compliant,Significantly Delayed,False
GOV-0001298,2022,11,November,Q4,2022-11-01,FAC-010,Singapore Distribution,Singapore,Asia Pacific,Conflict of Interest,48.57,82.0,0,0,0,44.9,3.04,0,0.0,74.89,Below Target,Non-Compliant,Slightly Delayed,False
GOV-0001299,2022,11,November,Q4,2022-11-01,FAC-010,Singapore Distribution,Singapore,Asia Pacific,Supplier Standards,43.6,82.34,3,2,1,53.1,3.3,0,0.0,75.13,Below Target,Non-Compliant,Significantly Delayed,False
GOV-0001300,2022,11,November,Q4,2022-11-01,FAC-010,Singapore Distribution,Singapore,Asia Pacific,Information Security,44.8,84.29,2,1,1,50.2,3.73,0,0.0,76.46,Below Target,Non-Compliant,Significantly Delayed,False
GOV-0001301,2022,11,November,Q4,2022-11-01,FAC-011,Monterrey Plant,Mexico,Latin America,Anti-Corruption,44.62,82.19,2,1,1,49.2,3.57,0,0.0,75.57,Below Target,Non-Compliant,Significantly Delayed,False
GOV-0001302,2022,11,November,Q4,2022-11-01,FAC-011,Monterrey Plant,Mexico,Latin America,Data Privacy,45.71,86.13,1,0,1,52.9,3.59,0,0.0,74.47,Below Target,Near Compliant,Significantly Delayed,False
GOV-0001303,2022,11,November,Q4,2022-11-01,FAC-011,Monterrey Plant,Mexico,Latin America,Environmental,45.22,82.51,2,1,1,44.5,3.62,0,0.0,74.36,Below Target,Non-Compliant,Slightly Delayed,False
GOV-0001304,2022,11,November,Q4,2022-11-01,FAC-011,Monterrey Plant,Mexico,Latin America,Health & Safety,45.82,80.52,4,3,1,45.5,3.78,0,0.0,77.76,Below Target,Non-Compliant,Significantly Delayed,False
GOV-0001305,2022,11,November,Q4,2022-11-01,FAC-011,Monterrey Plant,Mexico,Latin America,Human Rights,45.93,81.33,3,2,1,52.1,3.53,0,0.0,75.91,Below Target,Non-Compliant,Significantly Delayed,False
GOV-0001306,2022,11,November,Q4,2022-11-01,FAC-011,Monterrey Plant,Mexico,Latin America,Whistleblower,45.28,83.04,3,1,2,45.4,3.72,0,0.0,75.36,Below Target,Non-Compliant,Significantly Delayed,False
GOV-0001307,2022,11,November,Q4,2022-11-01,FAC-011,Monterrey Plant,Mexico,Latin America,Code of Conduct,46.78,81.0,1,0,1,43.4,3.28,0,0.0,78.42,Below Target,Non-Compliant,Slightly Delayed,False
GOV-0001308,2022,11,November,Q4,2022-11-01,FAC-011,Monterrey Plant,Mexico,Latin America,Conflict of Interest,46.29,82.83,4,3,1,44.0,3.37,0,0.0,77.02,Below Target,Non-Compliant,Slightly Delayed,False
GOV-0001309,2022,11,November,Q4,2022-11-01,FAC-011,Monterrey Plant,Mexico,Latin America,Supplier Standards,49.34,81.56,4,3,1,54.8,3.39,0,0.0,75.79,Below Target,Non-Compliant,Significantly Delayed,False
GOV-0001310,2022,11,November,Q4,2022-11-01,FAC-011,Monterrey Plant,Mexico,Latin America,Information Security,45.16,83.19,5,4,1,46.3,3.19,0,0.0,73.91,Below Target,Non-Compliant,Significantly Delayed,False
GOV-0001311,2022,11,November,Q4,2022-11-01,FAC-012,Sao Paulo Operations,Brazil,Latin America,Anti-Corruption,44.99,83.29,2,1,1,48.3,3.64,0,0.0,72.99,Below Target,Non-Compliant,Significantly Delayed,False
GOV-0001312,2022,11,November,Q4,2022-11-01,FAC-012,Sao Paulo Operations,Brazil,Latin America,Data Privacy,44.23,81.63,4,3,1,48.1,3.62,0,0.0,77.4,Below Target,Non-Compliant,Significantly Delayed,False
GOV-0001313,2022,11,November,Q4,2022-11-01,FAC-012,Sao Paulo Operations,Brazil,Latin America,Environmental,44.77,82.21,5,4,1,46.2,3.5,0,0.0,74.89,Below Target,Non-Compliant,Significantly Delayed,False
GOV-0001314,2022,11,November,Q4,2022-11-01,FAC-012,Sao Paulo Operations,Brazil,Latin America,Health & Safety,47.08,82.2,1,0,1,51.2,3.45,0,0.0,76.68,Below Target,Non-Compliant,Significantly Delayed,False
GOV-0001315,2022,11,November,Q4,2022-11-01,FAC-012,Sao Paulo Operations,Brazil,Latin America,Human Rights,46.3,82.05,2,1,1,49.0,3.94,0,0.0,76.6,Below Target,Non-Compliant,Significantly Delayed,False
GOV-0001316,2022,11,November,Q4,2022-11-01,FAC-012,Sao Paulo Operations,Brazil,Latin America,Whistleblower,47.26,83.85,4,3,1,44.3,3.44,0,0.0,76.67,Below Target,Non-Compliant,Slightly Delayed,False
GOV-0001317,2022,11,November,Q4,2022-11-01,FAC-012,Sao Paulo Operations,Brazil,Latin America,Code of Conduct,48.88,82.19,0,0,0,37.2,3.22,0,0.0,74.28,Below Target,Non-Compliant,Slightly Delayed,False
GOV-0001318,2022,11,November,Q4,2022-11-01,FAC-012,Sao Paulo Operations,Brazil,Latin America,Conflict of Interest,44.87,81.46,2,1,1,45.6,3.54,0,0.0,76.48,Below Target,Non-Compliant,Significantly Delayed,False
GOV-0001319,2022,11,November,Q4,2022-11-01,FAC-012,Sao Paulo Operations,Brazil,Latin America,Supplier Standards,45.54,81.58,2,1,1,47.4,3.46,0,0.0,77.29,Below Target,Non-Compliant,Significantly Delayed,False
GOV-0001320,2022,11,November,Q4,2022-11-01,FAC-012,Sao Paulo Operations,Brazil,Latin America,Information Security,49.75,84.82,5,4,1,49.9,2.94,0,0.0,75.37,Below Target,Non-Compliant,Significantly Delayed,False
GOV-0001321,2022,12,December,Q4,2022-12-01,FAC-001,Chicago Main Plant,USA,North America,Anti-Corruption,47.14,80.67,3,2,1,52.6,3.53,0,0.0,77.44,Below Target,Non-Compliant,Significantly Delayed,False
GOV-0001322,2022,12,December,Q4,2022-12-01,FAC-001,Chicago Main Plant,USA,North America,Data Privacy,44.68,84.39,4,2,2,45.4,3.45,0,39946.08,76.45,Below Target,Non-Compliant,Significantly Delayed,True
GOV-0001323,2022,12,December,Q4,2022-12-01,FAC-001,Chicago Main Plant,USA,North America,Environmental,46.32,83.01,2,1,1,48.3,3.66,0,0.0,76.93,Below Target,Non-Compliant,Significantly Delayed,False
GOV-0001324,2022,12,December,Q4,2022-12-01,FAC-001,Chicago Main Plant,USA,North America,Health & Safety,45.43,81.81,0,0,0,50.5,3.49,0,0.0,79.3,Below Target,Non-Compliant,Significantly Delayed,False
GOV-0001325,2022,12,December,Q4,2022-12-01,FAC-001,Chicago Main Plant,USA,North America,Human Rights,46.19,80.37,0,0,0,49.0,3.74,0,0.0,79.67,Below Target,Non-Compliant,Significantly Delayed,False
GOV-0001326,2022,12,December,Q4,2022-12-01,FAC-001,Chicago Main Plant,USA,North America,Whistleblower,46.78,83.91,3,2,1,48.9,3.37,0,0.0,76.76,Below Target,Non-Compliant,Significantly Delayed,False
GOV-0001327,2022,12,December,Q4,2022-12-01,FAC-001,Chicago Main Plant,USA,North America,Code of Conduct,45.35,83.81,1,0,1,53.0,3.64,0,0.0,74.23,Below Target,Non-Compliant,Significantly Delayed,False
GOV-0001328,2022,12,December,Q4,2022-12-01,FAC-001,Chicago Main Plant,USA,North America,Conflict of Interest,48.34,81.64,0,0,0,47.2,3.0,0,0.0,78.71,Below Target,Non-Compliant,Significantly Delayed,False
GOV-0001329,2022,12,December,Q4,2022-12-01,FAC-001,Chicago Main Plant,USA,North America,Supplier Standards,48.93,79.96,1,0,1,47.5,3.03,0,0.0,74.14,Below Target,Non-Compliant,Significantly Delayed,False
GOV-0001330,2022,12,December,Q4,2022-12-01,FAC-001,Chicago Main Plant,USA,North America,Information Security,49.51,83.41,2,1,1,42.8,3.46,0,0.0,76.37,Below Target,Non-Compliant,Slightly Delayed,False
GOV-0001331,2022,12,December,Q4,2022-12-01,FAC-002,Detroit Assembly,USA,North America,Anti-Corruption,47.93,82.4,2,1,1,46.9,3.24,0,0.0,75.28,Below Target,Non-Compliant,Significantly Delayed,False
GOV-0001332,2022,12,December,Q4,2022-12-01,FAC-002,Detroit Assembly,USA,North America,Data Privacy,43.26,82.01,5,3,2,46.5,3.59,0,0.0,75.46,Below Target,Non-Compliant,Significantly Delayed,False
GOV-0001333,2022,12,December,Q4,2022-12-01,FAC-002,Detroit Assembly,USA,North America,Environmental,46.93,81.14,0,0,0,54.7,3.34,0,0.0,75.59,Below Target,Non-Compliant,Significantly Delayed,False
GOV-0001334,2022,12,December,Q4,2022-12-01,FAC-002,Detroit Assembly,USA,North America,Health & Safety,44.57,80.66,1,0,1,45.4,3.52,0,0.0,74.57,Below Target,Non-Compliant,Significantly Delayed,False
GOV-0001335,2022,12,December,Q4,2022-12-01,FAC-002,Detroit Assembly,USA,North America,Human Rights,46.38,80.07,1,0,1,42.4,3.58,0,0.0,75.39,Below Target,Non-Compliant,Slightly Delayed,False
GOV-0001336,2022,12,December,Q4,2022-12-01,FAC-002,Detroit Assembly,USA,North America,Whistleblower,43.31,82.82,0,0,0,41.7,3.48,0,0.0,76.91,Below Target,Non-Compliant,Slightly Delayed,False
GOV-0001337,2022,12,December,Q4,2022-12-01,FAC-002,Detroit Assembly,USA,North America,Code of Conduct,46.73,81.15,2,1,1,49.9,3.84,0,0.0,74.76,Below Target,Non-Compliant,Significantly Delayed,False
GOV-0001338,2022,12,December,Q4,2022-12-01,FAC-002,Detroit Assembly,USA,North America,Conflict of Interest,46.71,81.44,1,0,1,48.6,3.1,0,136176.94,75.97,Below Target,Non-Compliant,Significantly Delayed,True
GOV-0001339,2022,12,December,Q4,2022-12-01,FAC-002,Detroit Assembly,USA,North America,Supplier Standards,48.98,82.32,0,0,0,46.3,3.5,0,0.0,74.79,Below Target,Non-Compliant,Significantly Delayed,False
GOV-0001340,2022,12,December,Q4,2022-12-01,FAC-002,Detroit Assembly,USA,North America,Information Security,46.1,83.92,0,0,0,47.3,3.5,0,0.0,77.94,Below Target,Non-Compliant,Significantly Delayed,False
GOV-0001341,2022,12,December,Q4,2022-12-01,FAC-003,Toronto Operations,Canada,North America,Anti-Corruption,44.24,81.2,5,4,1,45.7,3.46,0,0.0,76.13,Below Target,Non-Compliant,Significantly Delayed,False
GOV-0001342,2022,12,December,Q4,2022-12-01,FAC-003,Toronto Operations,Canada,North America,Data Privacy,44.91,81.62,3,2,1,46.7,3.8,0,0.0,74.4,Below Target,Non-Compliant,Significantly Delayed,False
GOV-0001343,2022,12,December,Q4,2022-12-01,FAC-003,Toronto Operations,Canada,North America,Environmental,48.74,79.05,2,1,1,47.9,3.63,0,0.0,76.72,Below Target,Non-Compliant,Significantly Delayed,False
GOV-0001344,2022,12,December,Q4,2022-12-01,FAC-003,Toronto Operations,Canada,North America,Health & Safety,44.78,83.35,3,2,1,46.1,3.5,0,0.0,77.4,Below Target,Non-Compliant,Significantly Delayed,False
GOV-0001345,2022,12,December,Q4,2022-12-01,FAC-003,Toronto Operations,Canada,North America,Human Rights,45.67,81.06,5,4,1,45.6,3.7,0,0.0,76.59,Below Target,Non-Compliant,Significantly Delayed,False
GOV-0001346,2022,12,December,Q4,2022-12-01,FAC-003,Toronto Operations,Canada,North America,Whistleblower,45.08,82.19,3,2,1,44.7,3.28,0,0.0,73.95,Below Target,Non-Compliant,Slightly Delayed,False
GOV-0001347,2022,12,December,Q4,2022-12-01,FAC-003,Toronto Operations,Canada,North America,Code of Conduct,46.52,80.44,2,1,1,50.4,3.49,0,0.0,74.55,Below Target,Non-Compliant,Significantly Delayed,False
GOV-0001348,2022,12,December,Q4,2022-12-01,FAC-003,Toronto Operations,Canada,North America,Conflict of Interest,44.74,81.44,2,1,1,48.8,3.44,0,0.0,75.9,Below Target,Non-Compliant,Significantly Delayed,False
GOV-0001349,2022,12,December,Q4,2022-12-01,FAC-003,Toronto Operations,Canada,North America,Supplier Standards,48.81,84.23,4,2,2,50.9,3.38,0,0.0,76.83,Below Target,Non-Compliant,Significantly Delayed,False
GOV-0001350,2022,12,December,Q4,2022-12-01,FAC-003,Toronto Operations,Canada,North America,Information Security,48.5,82.43,2,1,1,51.3,3.29,0,0.0,75.13,Below Target,Non-Compliant,Significantly Delayed,False
GOV-0001351,2022,12,December,Q4,2022-12-01,FAC-004,Munich Precision Works,Germany,Europe,Anti-Corruption,44.72,79.58,2,1,1,50.3,3.34,0,0.0,76.77,Below Target,Non-Compliant,Significantly Delayed,False
GOV-0001352,2022,12,December,Q4,2022-12-01,FAC-004,Munich Precision Works,Germany,Europe,Data Privacy,45.19,79.81,5,4,1,44.2,3.51,0,0.0,75.49,Below Target,Non-Compliant,Slightly Delayed,False
GOV-0001353,2022,12,December,Q4,2022-12-01,FAC-004,Munich Precision Works,Germany,Europe,Environmental,46.85,82.26,5,3,2,51.3,3.37,0,0.0,75.08,Below Target,Non-Compliant,Significantly Delayed,False
GOV-0001354,2022,12,December,Q4,2022-12-01,FAC-004,Munich Precision Works,Germany,Europe,Health & Safety,47.6,82.79,3,1,2,47.3,3.5,0,0.0,73.92,Below Target,Non-Compliant,Significantly Delayed,False
GOV-0001355,2022,12,December,Q4,2022-12-01,FAC-004,Munich Precision Works,Germany,Europe,Human Rights,46.32,82.23,4,2,2,47.7,3.24,0,0.0,73.97,Below Target,Non-Compliant,Significantly Delayed,False
GOV-0001356,2022,12,December,Q4,2022-12-01,FAC-004,Munich Precision Works,Germany,Europe,Whistleblower,45.45,84.34,2,1,1,45.6,3.11,0,0.0,76.09,Below Target,Non-Compliant,Significantly Delayed,False
GOV-0001357,2022,12,December,Q4,2022-12-01,FAC-004,Munich Precision Works,Germany,Europe,Code of Conduct,46.29,79.41,1,0,1,47.7,3.39,0,0.0,76.92,Below Target,Non-Compliant,Significantly Delayed,False
GOV-0001358,2022,12,December,Q4,2022-12-01,FAC-004,Munich Precision Works,Germany,Europe,Conflict of Interest,45.64,82.08,4,3,1,49.0,3.5,0,0.0,79.16,Below Target,Non-Compliant,Significantly Delayed,False
GOV-0001359,2022,12,December,Q4,2022-12-01,FAC-004,Munich Precision Works,Germany,Europe,Supplier Standards,45.63,81.7,5,3,2,45.0,3.68,0,0.0,74.51,Below Target,Non-Compliant,Slightly Delayed,False
GOV-0001360,2022,12,December,Q4,2022-12-01,FAC-004,Munich Precision Works,Germany,Europe,Information Security,46.05,78.81,5,4,1,40.4,3.39,0,0.0,77.49,Below Target,Non-Compliant,Slightly Delayed,False
GOV-0001361,2022,12,December,Q4,2022-12-01,FAC-005,Stuttgart Engineering,Germany,Europe,Anti-Corruption,43.65,81.7,3,2,1,52.3,3.52,0,0.0,77.05,Below Target,Non-Compliant,Significantly Delayed,False
GOV-0001362,2022,12,December,Q4,2022-12-01,FAC-005,Stuttgart Engineering,Germany,Europe,Data Privacy,46.43,82.08,5,3,2,49.5,3.24,0,0.0,74.32,Below Target,Non-Compliant,Significantly Delayed,False
GOV-0001363,2022,12,December,Q4,2022-12-01,FAC-005,Stuttgart Engineering,Germany,Europe,Environmental,44.97,82.13,0,0,0,54.0,3.61,0,0.0,75.93,Below Target,Non-Compliant,Significantly Delayed,False
GOV-0001364,2022,12,December,Q4,2022-12-01,FAC-005,Stuttgart Engineering,Germany,Europe,Health & Safety,44.82,82.72,2,1,1,48.3,3.62,0,0.0,76.35,Below Target,Non-Compliant,Significantly Delayed,False
GOV-0001365,2022,12,December,Q4,2022-12-01,FAC-005,Stuttgart Engineering,Germany,Europe,Human Rights,44.04,84.4,2,1,1,49.6,3.64,0,0.0,77.19,Below Target,Non-Compliant,Significantly Delayed,False
GOV-0001366,2022,12,December,Q4,2022-12-01,FAC-005,Stuttgart Engineering,Germany,Europe,Whistleblower,43.17,82.61,4,2,2,52.1,3.8,0,0.0,76.42,Below Target,Non-Compliant,Significantly Delayed,False
GOV-0001367,2022,12,December,Q4,2022-12-01,FAC-005,Stuttgart Engineering,Germany,Europe,Code of Conduct,43.33,83.47,3,1,2,45.6,3.47,0,0.0,76.2,Below Target,Non-Compliant,Significantly Delayed,False
GOV-0001368,2022,12,December,Q4,2022-12-01,FAC-005,Stuttgart Engineering,Germany,Europe,Conflict of Interest,46.54,80.01,4,3,1,49.8,3.81,0,0.0,76.09,Below Target,Non-Compliant,Significantly Delayed,False
GOV-0001369,2022,12,December,Q4,2022-12-01,FAC-005,Stuttgart Engineering,Germany,Europe,Supplier Standards,46.26,83.94,1,0,1,48.1,3.64,0,0.0,76.29,Below Target,Non-Compliant,Significantly Delayed,False
GOV-0001370,2022,12,December,Q4,2022-12-01,FAC-005,Stuttgart Engineering,Germany,Europe,Information Security,44.68,80.87,2,1,1,44.0,3.58,0,0.0,76.56,Below Target,Non-Compliant,Slightly Delayed,False
GOV-0001371,2022,12,December,Q4,2022-12-01,FAC-006,Rotterdam Hub,Netherlands,Europe,Anti-Corruption,46.61,83.9,1,0,1,47.9,3.67,0,0.0,73.91,Below Target,Non-Compliant,Significantly Delayed,False
GOV-0001372,2022,12,December,Q4,2022-12-01,FAC-006,Rotterdam Hub,Netherlands,Europe,Data Privacy,44.63,80.48,0,0,0,51.1,3.36,0,0.0,77.0,Below Target,Non-Compliant,Significantly Delayed,False
GOV-0001373,2022,12,December,Q4,2022-12-01,FAC-006,Rotterdam Hub,Netherlands,Europe,Environmental,45.87,79.96,2,1,1,44.9,3.36,0,0.0,73.57,Below Target,Non-Compliant,Slightly Delayed,False
GOV-0001374,2022,12,December,Q4,2022-12-01,FAC-006,Rotterdam Hub,Netherlands,Europe,Health & Safety,44.35,81.84,3,2,1,49.4,3.46,0,44769.52,77.83,Below Target,Non-Compliant,Significantly Delayed,True
GOV-0001375,2022,12,December,Q4,2022-12-01,FAC-006,Rotterdam Hub,Netherlands,Europe,Human Rights,47.69,82.66,4,3,1,45.0,3.59,0,0.0,75.53,Below Target,Non-Compliant,Slightly Delayed,False
GOV-0001376,2022,12,December,Q4,2022-12-01,FAC-006,Rotterdam Hub,Netherlands,Europe,Whistleblower,45.91,82.91,3,2,1,45.8,3.43,0,0.0,77.68,Below Target,Non-Compliant,Significantly Delayed,False
GOV-0001377,2022,12,December,Q4,2022-12-01,FAC-006,Rotterdam Hub,Netherlands,Europe,Code of Conduct,45.74,80.41,2,1,1,49.6,3.35,0,0.0,74.34,Below Target,Non-Compliant,Significantly Delayed,False
GOV-0001378,2022,12,December,Q4,2022-12-01,FAC-006,Rotterdam Hub,Netherlands,Europe,Conflict of Interest,43.47,83.51,3,2,1,49.9,3.62,0,0.0,73.86,Below Target,Non-Compliant,Significantly Delayed,False
GOV-0001379,2022,12,December,Q4,2022-12-01,FAC-006,Rotterdam Hub,Netherlands,Europe,Supplier Standards,42.47,82.56,2,1,1,40.6,3.58,0,0.0,78.41,Below Target,Non-Compliant,Slightly Delayed,False
GOV-0001380,2022,12,December,Q4,2022-12-01,FAC-006,Rotterdam Hub,Netherlands,Europe,Information Security,47.31,84.13,1,0,1,47.3,3.49,0,0.0,76.46,Below Target,Non-Compliant,Significantly Delayed,False
GOV-0001381,2022,12,December,Q4,2022-12-01,FAC-007,Lyon Components,France,Europe,Anti-Corruption,47.18,81.49,4,2,2,50.4,3.58,0,0.0,73.92,Below Target,Non-Compliant,Significantly Delayed,False
GOV-0001382,2022,12,December,Q4,2022-12-01,FAC-007,Lyon Components,France,Europe,Data Privacy,46.49,83.07,5,4,1,48.8,2.73,0,0.0,73.03,Below Target,Non-Compliant,Significantly Delayed,False
GOV-0001383,2022,12,December,Q4,2022-12-01,FAC-007,Lyon Components,France,Europe,Environmental,44.66,83.13,0,0,0,53.7,3.47,0,0.0,71.95,Below Target,Non-Compliant,Significantly Delayed,False
GOV-0001384,2022,12,December,Q4,2022-12-01,FAC-007,Lyon Components,France,Europe,Health & Safety,45.03,81.41,0,0,0,47.4,3.77,0,0.0,76.39,Below Target,Non-Compliant,Significantly Delayed,False
GOV-0001385,2022,12,December,Q4,2022-12-01,FAC-007,Lyon Components,France,Europe,Human Rights,47.61,81.12,4,3,1,49.5,3.26,0,0.0,74.56,Below Target,Non-Compliant,Significantly Delayed,False
GOV-0001386,2022,12,December,Q4,2022-12-01,FAC-007,Lyon Components,France,Europe,Whistleblower,46.37,79.49,1,0,1,47.2,3.32,0,0.0,77.87,Below Target,Non-Compliant,Significantly Delayed,False
GOV-0001387,2022,12,December,Q4,2022-12-01,FAC-007,Lyon Components,France,Europe,Code of Conduct,44.44,83.26,1,0,1,45.1,3.21,0,0.0,75.29,Below Target,Non-Compliant,Significantly Delayed,False
GOV-0001388,2022,12,December,Q4,2022-12-01,FAC-007,Lyon Components,France,Europe,Conflict of Interest,46.79,84.23,5,3,2,45.2,3.5,0,98139.65,73.32,Below Target,Non-Compliant,Significantly Delayed,True
GOV-0001389,2022,12,December,Q4,2022-12-01,FAC-007,Lyon Components,France,Europe,Supplier Standards,45.09,83.25,0,0,0,46.4,3.49,0,0.0,75.52,Below Target,Non-Compliant,Significantly Delayed,False
GOV-0001390,2022,12,December,Q4,2022-12-01,FAC-007,Lyon Components,France,Europe,Information Security,46.3,83.44,2,1,1,46.1,3.6,0,0.0,74.31,Below Target,Non-Compliant,Significantly Delayed,False
GOV-0001391,2022,12,December,Q4,2022-12-01,FAC-008,Shanghai Manufacturing,China,Asia Pacific,Anti-Corruption,46.67,82.05,3,2,1,45.2,3.01,0,0.0,77.94,Below Target,Non-Compliant,Significantly Delayed,False
GOV-0001392,2022,12,December,Q4,2022-12-01,FAC-008,Shanghai Manufacturing,China,Asia Pacific,Data Privacy,46.35,81.23,3,2,1,48.4,3.4,0,0.0,75.02,Below Target,Non-Compliant,Significantly Delayed,False
GOV-0001393,2022,12,December,Q4,2022-12-01,FAC-008,Shanghai Manufacturing,China,Asia Pacific,Environmental,46.7,82.28,4,2,2,51.7,3.42,0,0.0,77.93,Below Target,Non-Compliant,Significantly Delayed,False
GOV-0001394,2022,12,December,Q4,2022-12-01,FAC-008,Shanghai Manufacturing,China,Asia Pacific,Health & Safety,46.41,84.54,4,3,1,47.1,3.57,0,0.0,78.33,Below Target,Non-Compliant,Significantly Delayed,False
GOV-0001395,2022,12,December,Q4,2022-12-01,FAC-008,Shanghai Manufacturing,China,Asia Pacific,Human Rights,48.77,83.0,1,0,1,50.8,3.55,0,0.0,76.97,Below Target,Non-Compliant,Significantly Delayed,False
GOV-0001396,2022,12,December,Q4,2022-12-01,FAC-008,Shanghai Manufacturing,China,Asia Pacific,Whistleblower,43.97,82.44,2,1,1,47.8,3.28,0,0.0,73.67,Below Target,Non-Compliant,Significantly Delayed,False
GOV-0001397,2022,12,December,Q4,2022-12-01,FAC-008,Shanghai Manufacturing,China,Asia Pacific,Code of Conduct,44.39,82.58,2,1,1,49.8,3.37,0,0.0,75.88,Below Target,Non-Compliant,Significantly Delayed,False
GOV-0001398,2022,12,December,Q4,2022-12-01,FAC-008,Shanghai Manufacturing,China,Asia Pacific,Conflict of Interest,48.34,84.33,5,4,1,47.0,2.89,0,0.0,77.48,Below Target,Non-Compliant,Significantly Delayed,False
GOV-0001399,2022,12,December,Q4,2022-12-01,FAC-008,Shanghai Manufacturing,China,Asia Pacific,Supplier Standards,44.63,79.98,5,4,1,47.6,3.45,0,0.0,75.6,Below Target,Non-Compliant,Significantly Delayed,False
GOV-0001400,2022,12,December,Q4,2022-12-01,FAC-008,Shanghai Manufacturing,China,Asia Pacific,Information Security,46.22,80.89,1,0,1,47.8,3.27,0,47240.26,74.51,Below Target,Non-Compliant,Significantly Delayed,True
GOV-0001401,2022,12,December,Q4,2022-12-01,FAC-009,Bangalore Tech Centre,India,Asia Pacific,Anti-Corruption,46.11,84.08,2,1,1,47.8,3.33,0,0.0,76.19,Below Target,Non-Compliant,Significantly Delayed,False
GOV-0001402,2022,12,December,Q4,2022-12-01,FAC-009,Bangalore Tech Centre,India,Asia Pacific,Data Privacy,45.27,81.14,4,2,2,49.7,3.45,0,0.0,79.06,Below Target,Non-Compliant,Significantly Delayed,False
GOV-0001403,2022,12,December,Q4,2022-12-01,FAC-009,Bangalore Tech Centre,India,Asia Pacific,Environmental,46.05,82.77,0,0,0,47.4,3.73,0,0.0,74.35,Below Target,Non-Compliant,Significantly Delayed,False
GOV-0001404,2022,12,December,Q4,2022-12-01,FAC-009,Bangalore Tech Centre,India,Asia Pacific,Health & Safety,46.25,81.97,5,3,2,48.1,3.39,0,0.0,75.64,Below Target,Non-Compliant,Significantly Delayed,False
GOV-0001405,2022,12,December,Q4,2022-12-01,FAC-009,Bangalore Tech Centre,India,Asia Pacific,Human Rights,44.76,79.14,1,0,1,49.8,3.88,0,0.0,76.03,Below Target,Non-Compliant,Significantly Delayed,False
GOV-0001406,2022,12,December,Q4,2022-12-01,FAC-009,Bangalore Tech Centre,India,Asia Pacific,Whistleblower,45.58,80.46,3,1,2,43.5,3.59,0,0.0,76.68,Below Target,Non-Compliant,Slightly Delayed,False
GOV-0001407,2022,12,December,Q4,2022-12-01,FAC-009,Bangalore Tech Centre,India,Asia Pacific,Code of Conduct,47.46,80.57,2,1,1,57.7,3.78,0,0.0,76.52,Below Target,Non-Compliant,Significantly Delayed,False
GOV-0001408,2022,12,December,Q4,2022-12-01,FAC-009,Bangalore Tech Centre,India,Asia Pacific,Conflict of Interest,45.78,80.48,5,4,1,48.4,3.66,0,0.0,75.42,Below Target,Non-Compliant,Significantly Delayed,False
GOV-0001409,2022,12,December,Q4,2022-12-01,FAC-009,Bangalore Tech Centre,India,Asia Pacific,Supplier Standards,46.3,81.57,2,1,1,42.7,3.32,0,0.0,75.76,Below Target,Non-Compliant,Slightly Delayed,False
GOV-0001410,2022,12,December,Q4,2022-12-01,FAC-009,Bangalore Tech Centre,India,Asia Pacific,Information Security,45.2,81.58,2,1,1,43.9,3.38,0,0.0,76.49,Below Target,Non-Compliant,Slightly Delayed,False
GOV-0001411,2022,12,December,Q4,2022-12-01,FAC-010,Singapore Distribution,Singapore,Asia Pacific,Anti-Corruption,46.8,80.8,5,3,2,49.8,3.4,0,0.0,75.75,Below Target,Non-Compliant,Significantly Delayed,False
GOV-0001412,2022,12,December,Q4,2022-12-01,FAC-010,Singapore Distribution,Singapore,Asia Pacific,Data Privacy,46.56,82.33,5,3,2,46.5,3.68,0,0.0,77.78,Below Target,Non-Compliant,Significantly Delayed,False
GOV-0001413,2022,12,December,Q4,2022-12-01,FAC-010,Singapore Distribution,Singapore,Asia Pacific,Environmental,45.05,83.59,0,0,0,48.4,3.75,0,0.0,75.91,Below Target,Non-Compliant,Significantly Delayed,False
GOV-0001414,2022,12,December,Q4,2022-12-01,FAC-010,Singapore Distribution,Singapore,Asia Pacific,Health & Safety,48.64,82.55,2,1,1,39.7,3.83,0,0.0,74.27,Below Target,Non-Compliant,Slightly Delayed,False
GOV-0001415,2022,12,December,Q4,2022-12-01,FAC-010,Singapore Distribution,Singapore,Asia Pacific,Human Rights,43.74,81.48,0,0,0,46.4,3.33,0,0.0,79.27,Below Target,Non-Compliant,Significantly Delayed,False
GOV-0001416,2022,12,December,Q4,2022-12-01,FAC-010,Singapore Distribution,Singapore,Asia Pacific,Whistleblower,45.94,82.53,0,0,0,52.1,3.07,0,0.0,75.6,Below Target,Non-Compliant,Significantly Delayed,False
GOV-0001417,2022,12,December,Q4,2022-12-01,FAC-010,Singapore Distribution,Singapore,Asia Pacific,Code of Conduct,43.38,81.88,5,3,2,46.8,3.67,0,0.0,74.55,Below Target,Non-Compliant,Significantly Delayed,False
GOV-0001418,2022,12,December,Q4,2022-12-01,FAC-010,Singapore Distribution,Singapore,Asia Pacific,Conflict of Interest,44.61,81.37,1,0,1,50.3,3.5,0,0.0,76.58,Below Target,Non-Compliant,Significantly Delayed,False
GOV-0001419,2022,12,December,Q4,2022-12-01,FAC-010,Singapore Distribution,Singapore,Asia Pacific,Supplier Standards,47.16,85.0,3,2,1,47.4,3.42,0,0.0,78.36,Below Target,Near Compliant,Significantly Delayed,False
GOV-0001420,2022,12,December,Q4,2022-12-01,FAC-010,Singapore Distribution,Singapore,Asia Pacific,Information Security,46.2,79.34,4,3,1,43.7,3.39,0,0.0,76.97,Below Target,Non-Compliant,Slightly Delayed,False
GOV-0001421,2022,12,December,Q4,2022-12-01,FAC-011,Monterrey Plant,Mexico,Latin America,Anti-Corruption,47.59,83.19,2,1,1,42.5,3.56,0,0.0,78.86,Below Target,Non-Compliant,Slightly Delayed,False
GOV-0001422,2022,12,December,Q4,2022-12-01,FAC-011,Monterrey Plant,Mexico,Latin America,Data Privacy,46.91,81.25,2,1,1,50.2,3.8,0,0.0,71.99,Below Target,Non-Compliant,Significantly Delayed,False
GOV-0001423,2022,12,December,Q4,2022-12-01,FAC-011,Monterrey Plant,Mexico,Latin America,Environmental,48.14,79.63,5,4,1,51.1,3.64,0,0.0,74.12,Below Target,Non-Compliant,Significantly Delayed,False
GOV-0001424,2022,12,December,Q4,2022-12-01,FAC-011,Monterrey Plant,Mexico,Latin America,Health & Safety,45.57,81.53,5,3,2,51.1,3.47,0,0.0,78.14,Below Target,Non-Compliant,Significantly Delayed,False
GOV-0001425,2022,12,December,Q4,2022-12-01,FAC-011,Monterrey Plant,Mexico,Latin America,Human Rights,46.58,82.88,5,4,1,48.3,3.64,0,0.0,75.87,Below Target,Non-Compliant,Significantly Delayed,False
GOV-0001426,2022,12,December,Q4,2022-12-01,FAC-011,Monterrey Plant,Mexico,Latin America,Whistleblower,47.27,82.84,2,1,1,45.4,3.42,0,0.0,74.78,Below Target,Non-Compliant,Significantly Delayed,False
GOV-0001427,2022,12,December,Q4,2022-12-01,FAC-011,Monterrey Plant,Mexico,Latin America,Code of Conduct,46.37,83.8,0,0,0,49.1,3.59,0,0.0,73.65,Below Target,Non-Compliant,Significantly Delayed,False
GOV-0001428,2022,12,December,Q4,2022-12-01,FAC-011,Monterrey Plant,Mexico,Latin America,Conflict of Interest,48.36,83.11,3,2,1,47.6,4.0,0,0.0,76.51,Below Target,Non-Compliant,Significantly Delayed,False
GOV-0001429,2022,12,December,Q4,2022-12-01,FAC-011,Monterrey Plant,Mexico,Latin America,Supplier Standards,43.25,82.67,5,3,2,48.6,3.2,0,0.0,74.12,Below Target,Non-Compliant,Significantly Delayed,False
GOV-0001430,2022,12,December,Q4,2022-12-01,FAC-011,Monterrey Plant,Mexico,Latin America,Information Security,46.73,82.98,0,0,0,52.6,3.26,0,0.0,72.9,Below Target,Non-Compliant,Significantly Delayed,False
GOV-0001431,2022,12,December,Q4,2022-12-01,FAC-012,Sao Paulo Operations,Brazil,Latin America,Anti-Corruption,47.16,81.29,3,2,1,46.7,3.72,0,0.0,76.25,Below Target,Non-Compliant,Significantly Delayed,False
GOV-0001432,2022,12,December,Q4,2022-12-01,FAC-012,Sao Paulo Operations,Brazil,Latin America,Data Privacy,43.06,80.27,4,3,1,48.2,3.45,0,0.0,77.77,Below Target,Non-Compliant,Significantly Delayed,False
GOV-0001433,2022,12,December,Q4,2022-12-01,FAC-012,Sao Paulo Operations,Brazil,Latin America,Environmental,45.4,81.78,2,1,1,51.9,3.6,0,0.0,73.87,Below Target,Non-Compliant,Significantly Delayed,False
GOV-0001434,2022,12,December,Q4,2022-12-01,FAC-012,Sao Paulo Operations,Brazil,Latin America,Health & Safety,45.37,82.62,3,2,1,47.8,3.74,0,0.0,76.74,Below Target,Non-Compliant,Significantly Delayed,False
GOV-0001435,2022,12,December,Q4,2022-12-01,FAC-012,Sao Paulo Operations,Brazil,Latin America,Human Rights,49.16,81.41,1,0,1,51.9,3.28,0,0.0,75.51,Below Target,Non-Compliant,Significantly Delayed,False
GOV-0001436,2022,12,December,Q4,2022-12-01,FAC-012,Sao Paulo Operations,Brazil,Latin America,Whistleblower,44.9,82.29,3,2,1,56.2,3.47,0,0.0,77.89,Below Target,Non-Compliant,Significantly Delayed,False
GOV-0001437,2022,12,December,Q4,2022-12-01,FAC-012,Sao Paulo Operations,Brazil,Latin America,Code of Conduct,46.26,84.16,1,0,1,44.8,3.44,0,0.0,73.16,Below Target,Non-Compliant,Slightly Delayed,False
GOV-0001438,2022,12,December,Q4,2022-12-01,FAC-012,Sao Paulo Operations,Brazil,Latin America,Conflict of Interest,45.08,80.7,2,1,1,50.2,3.7,0,0.0,76.73,Below Target,Non-Compliant,Significantly Delayed,False
GOV-0001439,2022,12,December,Q4,2022-12-01,FAC-012,Sao Paulo Operations,Brazil,Latin America,Supplier Standards,46.26,82.28,0,0,0,46.9,3.74,0,0.0,73.19,Below Target,Non-Compliant,Significantly Delayed,False
GOV-0001440,2022,12,December,Q4,2022-12-01,FAC-012,Sao Paulo Operations,Brazil,Latin America,Information Security,43.09,80.25,1,0,1,51.9,3.28,0,0.0,76.8,Below Target,Non-Compliant,Significantly Delayed,False
GOV-0001441,2023,1,January,Q1,2023-01-01,FAC-001,Chicago Main Plant,USA,North America,Anti-Corruption,49.43,86.32,2,1,1,41.4,2.95,0,0.0,84.87,Below Target,Near Compliant,Slightly Delayed,False
GOV-0001442,2023,1,January,Q1,2023-01-01,FAC-001,Chicago Main Plant,USA,North America,Data Privacy,50.52,85.39,0,0,0,44.9,3.47,0,0.0,80.83,Below Target,Near Compliant,Slightly Delayed,False
GOV-0001443,2023,1,January,Q1,2023-01-01,FAC-001,Chicago Main Plant,USA,North America,Environmental,50.1,83.64,4,3,1,38.6,3.42,0,0.0,81.52,Below Target,Non-Compliant,Slightly Delayed,False
GOV-0001444,2023,1,January,Q1,2023-01-01,FAC-001,Chicago Main Plant,USA,North America,Health & Safety,50.21,84.31,3,2,1,45.5,3.53,0,0.0,79.11,Below Target,Non-Compliant,Significantly Delayed,False
GOV-0001445,2023,1,January,Q1,2023-01-01,FAC-001,Chicago Main Plant,USA,North America,Human Rights,47.14,82.86,2,1,1,41.3,3.62,0,0.0,79.09,Below Target,Non-Compliant,Slightly Delayed,False
GOV-0001446,2023,1,January,Q1,2023-01-01,FAC-001,Chicago Main Plant,USA,North America,Whistleblower,50.03,83.86,1,0,1,51.3,3.16,0,0.0,81.88,Below Target,Non-Compliant,Significantly Delayed,False
GOV-0001447,2023,1,January,Q1,2023-01-01,FAC-001,Chicago Main Plant,USA,North America,Code of Conduct,51.56,84.25,1,0,1,41.8,2.99,0,0.0,78.64,Below Target,Non-Compliant,Slightly Delayed,False
GOV-0001448,2023,1,January,Q1,2023-01-01,FAC-001,Chicago Main Plant,USA,North America,Conflict of Interest,50.56,86.14,3,2,1,42.7,3.29,0,0.0,79.05,Below Target,Near Compliant,Slightly Delayed,False
GOV-0001449,2023,1,January,Q1,2023-01-01,FAC-001,Chicago Main Plant,USA,North America,Supplier Standards,51.4,84.32,1,0,1,44.5,3.07,0,0.0,80.19,Below Target,Non-Compliant,Slightly Delayed,False
GOV-0001450,2023,1,January,Q1,2023-01-01,FAC-001,Chicago Main Plant,USA,North America,Information Security,47.39,86.19,4,2,2,41.3,3.18,0,0.0,80.99,Below Target,Near Compliant,Slightly Delayed,False
GOV-0001451,2023,1,January,Q1,2023-01-01,FAC-002,Detroit Assembly,USA,North America,Anti-Corruption,48.92,85.68,2,1,1,41.4,3.56,0,0.0,79.27,Below Target,Near Compliant,Slightly Delayed,False
GOV-0001452,2023,1,January,Q1,2023-01-01,FAC-002,Detroit Assembly,USA,North America,Data Privacy,47.28,87.69,2,1,1,48.5,3.21,0,0.0,81.28,Below Target,Near Compliant,Significantly Delayed,False
GOV-0001453,2023,1,January,Q1,2023-01-01,FAC-002,Detroit Assembly,USA,North America,Environmental,52.33,83.84,3,2,1,45.8,3.69,0,28081.19,80.14,Below Target,Non-Compliant,Significantly Delayed,True
GOV-0001454,2023,1,January,Q1,2023-01-01,FAC-002,Detroit Assembly,USA,North America,Health & Safety,48.52,84.33,3,2,1,42.8,3.06,0,0.0,79.88,Below Target,Non-Compliant,Slightly Delayed,False
GOV-0001455,2023,1,January,Q1,2023-01-01,FAC-002,Detroit Assembly,USA,North America,Human Rights,48.96,85.04,4,3,1,44.3,3.42,0,143356.01,80.4,Below Target,Near Compliant,Slightly Delayed,True
GOV-0001456,2023,1,January,Q1,2023-01-01,FAC-002,Detroit Assembly,USA,North America,Whistleblower,48.72,83.07,4,2,2,39.2,2.98,0,0.0,78.67,Below Target,Non-Compliant,Slightly Delayed,False
GOV-0001457,2023,1,January,Q1,2023-01-01,FAC-002,Detroit Assembly,USA,North America,Code of Conduct,51.41,89.78,3,2,1,41.9,3.51,0,0.0,78.18,Below Target,Near Compliant,Slightly Delayed,False
GOV-0001458,2023,1,January,Q1,2023-01-01,FAC-002,Detroit Assembly,USA,North America,Conflict of Interest,49.76,85.33,0,0,0,46.8,3.25,0,0.0,81.47,Below Target,Near Compliant,Significantly Delayed,False
GOV-0001459,2023,1,January,Q1,2023-01-01,FAC-002,Detroit Assembly,USA,North America,Supplier Standards,47.42,82.71,5,3,2,43.8,3.37,0,0.0,81.62,Below Target,Non-Compliant,Slightly Delayed,False
GOV-0001460,2023,1,January,Q1,2023-01-01,FAC-002,Detroit Assembly,USA,North America,Information Security,48.94,85.27,3,2,1,44.0,3.25,0,0.0,76.13,Below Target,Near Compliant,Slightly Delayed,False
GOV-0001461,2023,1,January,Q1,2023-01-01,FAC-003,Toronto Operations,Canada,North America,Anti-Corruption,49.77,84.07,4,2,2,41.7,3.38,0,0.0,81.26,Below Target,Non-Compliant,Slightly Delayed,False
GOV-0001462,2023,1,January,Q1,2023-01-01,FAC-003,Toronto Operations,Canada,North America,Data Privacy,51.27,83.87,0,0,0,50.3,3.0,0,0.0,79.48,Below Target,Non-Compliant,Significantly Delayed,False
GOV-0001463,2023,1,January,Q1,2023-01-01,FAC-003,Toronto Operations,Canada,North America,Environmental,50.26,84.12,2,1,1,39.2,3.34,0,0.0,81.04,Below Target,Non-Compliant,Slightly Delayed,False
GOV-0001464,2023,1,January,Q1,2023-01-01,FAC-003,Toronto Operations,Canada,North America,Health & Safety,51.12,86.03,4,3,1,43.9,3.38,0,0.0,79.95,Below Target,Near Compliant,Slightly Delayed,False
GOV-0001465,2023,1,January,Q1,2023-01-01,FAC-003,Toronto Operations,Canada,North America,Human Rights,47.9,81.87,4,2,2,44.7,2.96,0,0.0,81.12,Below Target,Non-Compliant,Slightly Delayed,False
GOV-0001466,2023,1,January,Q1,2023-01-01,FAC-003,Toronto Operations,Canada,North America,Whistleblower,49.2,83.08,2,1,1,42.8,3.49,0,0.0,79.74,Below Target,Non-Compliant,Slightly Delayed,False
GOV-0001467,2023,1,January,Q1,2023-01-01,FAC-003,Toronto Operations,Canada,North America,Code of Conduct,52.03,86.33,5,3,2,41.2,3.13,0,0.0,83.28,Below Target,Near Compliant,Slightly Delayed,False
GOV-0001468,2023,1,January,Q1,2023-01-01,FAC-003,Toronto Operations,Canada,North America,Conflict of Interest,51.72,86.04,3,2,1,45.5,3.48,0,50322.17,79.41,Below Target,Near Compliant,Significantly Delayed,True
GOV-0001469,2023,1,January,Q1,2023-01-01,FAC-003,Toronto Operations,Canada,North America,Supplier Standards,47.68,84.42,2,1,1,38.7,3.46,0,0.0,79.0,Below Target,Non-Compliant,Slightly Delayed,False
GOV-0001470,2023,1,January,Q1,2023-01-01,FAC-003,Toronto Operations,Canada,North America,Information Security,51.08,85.58,3,2,1,47.9,3.42,0,0.0,82.5,Below Target,Near Compliant,Significantly Delayed,False
GOV-0001471,2023,1,January,Q1,2023-01-01,FAC-004,Munich Precision Works,Germany,Europe,Anti-Corruption,47.83,82.81,1,0,1,39.4,3.52,0,0.0,82.05,Below Target,Non-Compliant,Slightly Delayed,False
GOV-0001472,2023,1,January,Q1,2023-01-01,FAC-004,Munich Precision Works,Germany,Europe,Data Privacy,51.45,82.2,4,2,2,42.4,3.03,0,0.0,80.36,Below Target,Non-Compliant,Slightly Delayed,False
GOV-0001473,2023,1,January,Q1,2023-01-01,FAC-004,Munich Precision Works,Germany,Europe,Environmental,46.76,85.96,1,0,1,46.5,3.25,0,139499.05,79.65,Below Target,Near Compliant,Significantly Delayed,True
GOV-0001474,2023,1,January,Q1,2023-01-01,FAC-004,Munich Precision Works,Germany,Europe,Health & Safety,49.68,87.27,2,1,1,43.2,3.3,0,0.0,82.08,Below Target,Near Compliant,Slightly Delayed,False
GOV-0001475,2023,1,January,Q1,2023-01-01,FAC-004,Munich Precision Works,Germany,Europe,Human Rights,47.37,83.67,1,0,1,41.2,3.57,1,0.0,75.72,Below Target,Non-Compliant,Slightly Delayed,False
GOV-0001476,2023,1,January,Q1,2023-01-01,FAC-004,Munich Precision Works,Germany,Europe,Whistleblower,47.88,81.22,2,1,1,42.2,2.86,0,0.0,80.1,Below Target,Non-Compliant,Slightly Delayed,False
GOV-0001477,2023,1,January,Q1,2023-01-01,FAC-004,Munich Precision Works,Germany,Europe,Code of Conduct,50.5,86.16,5,4,1,43.3,3.43,0,0.0,75.64,Below Target,Near Compliant,Slightly Delayed,False
GOV-0001478,2023,1,January,Q1,2023-01-01,FAC-004,Munich Precision Works,Germany,Europe,Conflict of Interest,51.89,84.81,3,2,1,44.6,3.36,0,0.0,79.99,Below Target,Non-Compliant,Slightly Delayed,False
GOV-0001479,2023,1,January,Q1,2023-01-01,FAC-004,Munich Precision Works,Germany,Europe,Supplier Standards,51.34,83.63,1,0,1,44.1,3.83,0,0.0,77.27,Below Target,Non-Compliant,Slightly Delayed,False
GOV-0001480,2023,1,January,Q1,2023-01-01,FAC-004,Munich Precision Works,Germany,Europe,Information Security,49.65,86.38,5,3,2,39.0,3.36,0,0.0,80.68,Below Target,Near Compliant,Slightly Delayed,False
GOV-0001481,2023,1,January,Q1,2023-01-01,FAC-005,Stuttgart Engineering,Germany,Europe,Anti-Corruption,49.88,85.29,1,0,1,49.5,3.26,0,0.0,80.66,Below Target,Near Compliant,Significantly Delayed,False
GOV-0001482,2023,1,January,Q1,2023-01-01,FAC-005,Stuttgart Engineering,Germany,Europe,Data Privacy,47.57,81.85,2,1,1,44.9,2.81,0,0.0,78.74,Below Target,Non-Compliant,Slightly Delayed,False
GOV-0001483,2023,1,January,Q1,2023-01-01,FAC-005,Stuttgart Engineering,Germany,Europe,Environmental,46.85,86.15,3,2,1,43.3,3.62,0,0.0,81.24,Below Target,Near Compliant,Slightly Delayed,False
GOV-0001484,2023,1,January,Q1,2023-01-01,FAC-005,Stuttgart Engineering,Germany,Europe,Health & Safety,50.05,86.57,1,0,1,42.7,3.32,0,0.0,79.41,Below Target,Near Compliant,Slightly Delayed,False
GOV-0001485,2023,1,January,Q1,2023-01-01,FAC-005,Stuttgart Engineering,Germany,Europe,Human Rights,51.24,86.89,2,1,1,48.6,3.33,0,0.0,77.66,Below Target,Near Compliant,Significantly Delayed,False
GOV-0001486,2023,1,January,Q1,2023-01-01,FAC-005,Stuttgart Engineering,Germany,Europe,Whistleblower,51.79,84.47,2,1,1,46.2,2.82,0,0.0,79.42,Below Target,Non-Compliant,Significantly Delayed,False
GOV-0001487,2023,1,January,Q1,2023-01-01,FAC-005,Stuttgart Engineering,Germany,Europe,Code of Conduct,50.89,83.79,4,2,2,45.7,3.19,0,29942.02,82.24,Below Target,Non-Compliant,Significantly Delayed,True
GOV-0001488,2023,1,January,Q1,2023-01-01,FAC-005,Stuttgart Engineering,Germany,Europe,Conflict of Interest,48.67,84.54,5,3,2,44.1,2.94,0,0.0,77.35,Below Target,Non-Compliant,Slightly Delayed,False
GOV-0001489,2023,1,January,Q1,2023-01-01,FAC-005,Stuttgart Engineering,Germany,Europe,Supplier Standards,51.35,87.29,0,0,0,45.9,3.3,0,0.0,80.19,Below Target,Near Compliant,Significantly Delayed,False
GOV-0001490,2023,1,January,Q1,2023-01-01,FAC-005,Stuttgart Engineering,Germany,Europe,Information Security,49.95,85.13,4,3,1,41.4,3.29,0,0.0,78.32,Below Target,Near Compliant,Slightly Delayed,False
GOV-0001491,2023,1,January,Q1,2023-01-01,FAC-006,Rotterdam Hub,Netherlands,Europe,Anti-Corruption,51.35,85.81,1,0,1,47.8,3.03,0,0.0,81.28,Below Target,Near Compliant,Significantly Delayed,False
GOV-0001492,2023,1,January,Q1,2023-01-01,FAC-006,Rotterdam Hub,Netherlands,Europe,Data Privacy,47.88,85.5,4,2,2,41.0,3.29,0,0.0,78.5,Below Target,Near Compliant,Slightly Delayed,False
GOV-0001493,2023,1,January,Q1,2023-01-01,FAC-006,Rotterdam Hub,Netherlands,Europe,Environmental,46.37,85.2,0,0,0,48.5,2.89,0,0.0,79.9,Below Target,Near Compliant,Significantly Delayed,False
GOV-0001494,2023,1,January,Q1,2023-01-01,FAC-006,Rotterdam Hub,Netherlands,Europe,Health & Safety,53.43,85.39,5,3,2,41.7,3.52,0,0.0,76.11,Below Target,Near Compliant,Slightly Delayed,False
GOV-0001495,2023,1,January,Q1,2023-01-01,FAC-006,Rotterdam Hub,Netherlands,Europe,Human Rights,46.86,85.27,0,0,0,45.3,3.05,0,0.0,76.94,Below Target,Near Compliant,Significantly Delayed,False
GOV-0001496,2023,1,January,Q1,2023-01-01,FAC-006,Rotterdam Hub,Netherlands,Europe,Whistleblower,50.5,86.57,4,2,2,40.0,3.07,0,0.0,76.54,Below Target,Near Compliant,Slightly Delayed,False
GOV-0001497,2023,1,January,Q1,2023-01-01,FAC-006,Rotterdam Hub,Netherlands,Europe,Code of Conduct,49.53,85.79,4,2,2,44.4,3.34,0,0.0,77.59,Below Target,Near Compliant,Slightly Delayed,False
GOV-0001498,2023,1,January,Q1,2023-01-01,FAC-006,Rotterdam Hub,Netherlands,Europe,Conflict of Interest,51.66,83.98,2,1,1,41.3,3.32,0,0.0,78.52,Below Target,Non-Compliant,Slightly Delayed,False
GOV-0001499,2023,1,January,Q1,2023-01-01,FAC-006,Rotterdam Hub,Netherlands,Europe,Supplier Standards,48.09,85.14,1,0,1,45.9,3.01,0,0.0,79.94,Below Target,Near Compliant,Significantly Delayed,False
GOV-0001500,2023,1,January,Q1,2023-01-01,FAC-006,Rotterdam Hub,Netherlands,Europe,Information Security,45.64,84.12,5,4,1,42.0,3.31,0,0.0,80.46,Below Target,Non-Compliant,Slightly Delayed,False
GOV-0001501,2023,1,January,Q1,2023-01-01,FAC-007,Lyon Components,France,Europe,Anti-Corruption,51.16,85.38,0,0,0,44.1,3.26,0,0.0,82.2,Below Target,Near Compliant,Slightly Delayed,False
GOV-0001502,2023,1,January,Q1,2023-01-01,FAC-007,Lyon Components,France,Europe,Data Privacy,46.48,82.89,5,3,2,45.7,3.25,0,0.0,79.53,Below Target,Non-Compliant,Significantly Delayed,False
GOV-0001503,2023,1,January,Q1,2023-01-01,FAC-007,Lyon Components,France,Europe,Environmental,48.27,81.71,0,0,0,41.3,3.36,0,0.0,80.99,Below Target,Non-Compliant,Slightly Delayed,False
GOV-0001504,2023,1,January,Q1,2023-01-01,FAC-007,Lyon Components,France,Europe,Health & Safety,49.03,86.67,2,1,1,48.0,3.16,0,0.0,80.38,Below Target,Near Compliant,Significantly Delayed,False
GOV-0001505,2023,1,January,Q1,2023-01-01,FAC-007,Lyon Components,France,Europe,Human Rights,49.42,84.4,5,4,1,36.0,2.98,0,0.0,80.45,Below Target,Non-Compliant,Slightly Delayed,False
GOV-0001506,2023,1,January,Q1,2023-01-01,FAC-007,Lyon Components,France,Europe,Whistleblower,47.75,83.78,5,4,1,41.8,3.06,0,0.0,79.16,Below Target,Non-Compliant,Slightly Delayed,False
GOV-0001507,2023,1,January,Q1,2023-01-01,FAC-007,Lyon Components,France,Europe,Code of Conduct,46.99,85.11,0,0,0,45.1,3.41,0,89133.14,80.78,Below Target,Near Compliant,Significantly Delayed,True
GOV-0001508,2023,1,January,Q1,2023-01-01,FAC-007,Lyon Components,France,Europe,Conflict of Interest,48.01,84.12,3,2,1,45.2,3.27,0,0.0,80.49,Below Target,Non-Compliant,Significantly Delayed,False
GOV-0001509,2023,1,January,Q1,2023-01-01,FAC-007,Lyon Components,France,Europe,Supplier Standards,48.53,83.39,4,3,1,47.6,3.18,0,0.0,77.9,Below Target,Non-Compliant,Significantly Delayed,False
GOV-0001510,2023,1,January,Q1,2023-01-01,FAC-007,Lyon Components,France,Europe,Information Security,49.27,81.71,3,2,1,43.8,3.0,0,0.0,80.99,Below Target,Non-Compliant,Slightly Delayed,False
GOV-0001511,2023,1,January,Q1,2023-01-01,FAC-008,Shanghai Manufacturing,China,Asia Pacific,Anti-Corruption,47.82,86.26,5,4,1,48.5,3.13,1,0.0,77.28,Below Target,Near Compliant,Significantly Delayed,False
GOV-0001512,2023,1,January,Q1,2023-01-01,FAC-008,Shanghai Manufacturing,China,Asia Pacific,Data Privacy,49.97,88.73,4,3,1,49.2,2.78,0,0.0,78.38,Below Target,Near Compliant,Significantly Delayed,False
GOV-0001513,2023,1,January,Q1,2023-01-01,FAC-008,Shanghai Manufacturing,China,Asia Pacific,Environmental,48.09,87.14,3,1,2,42.9,3.39,0,0.0,80.29,Below Target,Near Compliant,Slightly Delayed,False
GOV-0001514,2023,1,January,Q1,2023-01-01,FAC-008,Shanghai Manufacturing,China,Asia Pacific,Health & Safety,48.12,84.13,2,1,1,44.5,2.96,0,0.0,78.27,Below Target,Non-Compliant,Slightly Delayed,False
GOV-0001515,2023,1,January,Q1,2023-01-01,FAC-008,Shanghai Manufacturing,China,Asia Pacific,Human Rights,51.76,81.79,3,2,1,43.0,3.36,0,0.0,80.66,Below Target,Non-Compliant,Slightly Delayed,False
GOV-0001516,2023,1,January,Q1,2023-01-01,FAC-008,Shanghai Manufacturing,China,Asia Pacific,Whistleblower,48.63,84.91,0,0,0,46.6,3.06,0,0.0,77.48,Below Target,Non-Compliant,Significantly Delayed,False
GOV-0001517,2023,1,January,Q1,2023-01-01,FAC-008,Shanghai Manufacturing,China,Asia Pacific,Code of Conduct,45.79,84.8,4,3,1,46.8,3.44,0,0.0,78.16,Below Target,Non-Compliant,Significantly Delayed,False
GOV-0001518,2023,1,January,Q1,2023-01-01,FAC-008,Shanghai Manufacturing,China,Asia Pacific,Conflict of Interest,48.5,85.28,0,0,0,44.9,3.29,1,0.0,79.79,Below Target,Near Compliant,Slightly Delayed,False
GOV-0001519,2023,1,January,Q1,2023-01-01,FAC-008,Shanghai Manufacturing,China,Asia Pacific,Supplier Standards,49.22,85.71,0,0,0,42.0,3.16,0,0.0,78.88,Below Target,Near Compliant,Slightly Delayed,False
GOV-0001520,2023,1,January,Q1,2023-01-01,FAC-008,Shanghai Manufacturing,China,Asia Pacific,Information Security,53.67,85.5,5,4,1,43.8,3.42,0,0.0,77.79,Below Target,Near Compliant,Slightly Delayed,False
GOV-0001521,2023,1,January,Q1,2023-01-01,FAC-009,Bangalore Tech Centre,India,Asia Pacific,Anti-Corruption,48.33,85.05,2,1,1,46.3,3.54,0,0.0,77.62,Below Target,Near Compliant,Significantly Delayed,False
GOV-0001522,2023,1,January,Q1,2023-01-01,FAC-009,Bangalore Tech Centre,India,Asia Pacific,Data Privacy,50.42,86.13,1,0,1,44.5,3.35,0,0.0,80.13,Below Target,Near Compliant,Slightly Delayed,False
GOV-0001523,2023,1,January,Q1,2023-01-01,FAC-009,Bangalore Tech Centre,India,Asia Pacific,Environmental,48.63,82.69,3,2,1,40.1,3.21,0,0.0,82.0,Below Target,Non-Compliant,Slightly Delayed,False
GOV-0001524,2023,1,January,Q1,2023-01-01,FAC-009,Bangalore Tech Centre,India,Asia Pacific,Health & Safety,49.08,86.43,4,2,2,48.1,3.01,0,0.0,81.15,Below Target,Near Compliant,Significantly Delayed,False
GOV-0001525,2023,1,January,Q1,2023-01-01,FAC-009,Bangalore Tech Centre,India,Asia Pacific,Human Rights,51.84,82.08,0,0,0,44.3,3.14,0,0.0,79.19,Below Target,Non-Compliant,Slightly Delayed,False
GOV-0001526,2023,1,January,Q1,2023-01-01,FAC-009,Bangalore Tech Centre,India,Asia Pacific,Whistleblower,51.78,85.05,4,2,2,43.7,3.15,0,0.0,81.84,Below Target,Near Compliant,Slightly Delayed,False
GOV-0001527,2023,1,January,Q1,2023-01-01,FAC-009,Bangalore Tech Centre,India,Asia Pacific,Code of Conduct,49.62,85.01,0,0,0,38.5,2.83,0,0.0,79.37,Below Target,Near Compliant,Slightly Delayed,False
GOV-0001528,2023,1,January,Q1,2023-01-01,FAC-009,Bangalore Tech Centre,India,Asia Pacific,Conflict of Interest,46.97,83.99,5,3,2,40.8,3.29,0,0.0,77.76,Below Target,Non-Compliant,Slightly Delayed,False
GOV-0001529,2023,1,January,Q1,2023-01-01,FAC-009,Bangalore Tech Centre,India,Asia Pacific,Supplier Standards,52.86,85.06,3,2,1,47.3,3.41,0,0.0,75.05,Below Target,Near Compliant,Significantly Delayed,False
GOV-0001530,2023,1,January,Q1,2023-01-01,FAC-009,Bangalore Tech Centre,India,Asia Pacific,Information Security,51.59,86.22,1,0,1,44.3,3.43,0,0.0,80.02,Below Target,Near Compliant,Slightly Delayed,False
GOV-0001531,2023,1,January,Q1,2023-01-01,FAC-010,Singapore Distribution,Singapore,Asia Pacific,Anti-Corruption,51.01,87.13,1,0,1,42.9,3.46,1,0.0,81.2,Below Target,Near Compliant,Slightly Delayed,False
GOV-0001532,2023,1,January,Q1,2023-01-01,FAC-010,Singapore Distribution,Singapore,Asia Pacific,Data Privacy,49.11,86.15,1,0,1,43.2,3.16,0,0.0,80.69,Below Target,Near Compliant,Slightly Delayed,False
GOV-0001533,2023,1,January,Q1,2023-01-01,FAC-010,Singapore Distribution,Singapore,Asia Pacific,Environmental,45.37,83.43,3,1,2,44.1,3.57,0,0.0,79.5,Below Target,Non-Compliant,Slightly Delayed,False
GOV-0001534,2023,1,January,Q1,2023-01-01,FAC-010,Singapore Distribution,Singapore,Asia Pacific,Health & Safety,51.15,85.0,3,2,1,47.5,3.37,0,0.0,79.26,Below Target,Near Compliant,Significantly Delayed,False
GOV-0001535,2023,1,January,Q1,2023-01-01,FAC-010,Singapore Distribution,Singapore,Asia Pacific,Human Rights,46.29,85.2,1,0,1,43.9,3.38,0,0.0,82.01,Below Target,Near Compliant,Slightly Delayed,False
GOV-0001536,2023,1,January,Q1,2023-01-01,FAC-010,Singapore Distribution,Singapore,Asia Pacific,Whistleblower,48.69,88.44,2,1,1,44.1,3.31,0,0.0,78.94,Below Target,Near Compliant,Slightly Delayed,False
GOV-0001537,2023,1,January,Q1,2023-01-01,FAC-010,Singapore Distribution,Singapore,Asia Pacific,Code of Conduct,46.97,86.25,2,1,1,43.3,3.09,0,0.0,80.86,Below Target,Near Compliant,Slightly Delayed,False
GOV-0001538,2023,1,January,Q1,2023-01-01,FAC-010,Singapore Distribution,Singapore,Asia Pacific,Conflict of Interest,49.12,86.04,0,0,0,38.1,3.28,0,0.0,76.93,Below Target,Near Compliant,Slightly Delayed,False
GOV-0001539,2023,1,January,Q1,2023-01-01,FAC-010,Singapore Distribution,Singapore,Asia Pacific,Supplier Standards,51.49,85.3,5,4,1,44.8,3.39,0,146270.09,78.74,Below Target,Near Compliant,Slightly Delayed,True
GOV-0001540,2023,1,January,Q1,2023-01-01,FAC-010,Singapore Distribution,Singapore,Asia Pacific,Information Security,46.15,87.33,3,2,1,40.3,2.96,0,0.0,79.53,Below Target,Near Compliant,Slightly Delayed,False
GOV-0001541,2023,1,January,Q1,2023-01-01,FAC-011,Monterrey Plant,Mexico,Latin America,Anti-Corruption,47.84,86.8,0,0,0,45.0,3.05,0,0.0,80.42,Below Target,Near Compliant,Slightly Delayed,False
GOV-0001542,2023,1,January,Q1,2023-01-01,FAC-011,Monterrey Plant,Mexico,Latin America,Data Privacy,48.85,85.37,2,1,1,39.7,3.16,0,0.0,77.92,Below Target,Near Compliant,Slightly Delayed,False
GOV-0001543,2023,1,January,Q1,2023-01-01,FAC-011,Monterrey Plant,Mexico,Latin America,Environmental,48.72,84.04,5,3,2,45.4,2.84,0,0.0,78.07,Below Target,Non-Compliant,Significantly Delayed,False
GOV-0001544,2023,1,January,Q1,2023-01-01,FAC-011,Monterrey Plant,Mexico,Latin America,Health & Safety,52.11,83.8,5,4,1,43.1,3.34,0,0.0,77.3,Below Target,Non-Compliant,Slightly Delayed,False
GOV-0001545,2023,1,January,Q1,2023-01-01,FAC-011,Monterrey Plant,Mexico,Latin America,Human Rights,47.64,84.0,1,0,1,45.1,2.63,0,0.0,82.04,Below Target,Non-Compliant,Significantly Delayed,False
GOV-0001546,2023,1,January,Q1,2023-01-01,FAC-011,Monterrey Plant,Mexico,Latin America,Whistleblower,47.54,83.96,4,2,2,49.7,3.46,0,0.0,77.1,Below Target,Non-Compliant,Significantly Delayed,False
GOV-0001547,2023,1,January,Q1,2023-01-01,FAC-011,Monterrey Plant,Mexico,Latin America,Code of Conduct,50.63,84.92,4,3,1,44.1,3.34,0,0.0,80.51,Below Target,Non-Compliant,Slightly Delayed,False
GOV-0001548,2023,1,January,Q1,2023-01-01,FAC-011,Monterrey Plant,Mexico,Latin America,Conflict of Interest,50.89,86.37,3,2,1,38.7,2.77,0,66774.03,80.07,Below Target,Near Compliant,Slightly Delayed,True
GOV-0001549,2023,1,January,Q1,2023-01-01,FAC-011,Monterrey Plant,Mexico,Latin America,Supplier Standards,48.04,83.06,0,0,0,45.0,3.18,0,0.0,79.37,Below Target,Non-Compliant,Slightly Delayed,False
GOV-0001550,2023,1,January,Q1,2023-01-01,FAC-011,Monterrey Plant,Mexico,Latin America,Information Security,49.29,84.28,0,0,0,43.7,2.79,0,0.0,83.23,Below Target,Non-Compliant,Slightly Delayed,False
GOV-0001551,2023,1,January,Q1,2023-01-01,FAC-012,Sao Paulo Operations,Brazil,Latin America,Anti-Corruption,49.4,82.6,2,1,1,44.0,3.34,0,0.0,79.76,Below Target,Non-Compliant,Slightly Delayed,False
GOV-0001552,2023,1,January,Q1,2023-01-01,FAC-012,Sao Paulo Operations,Brazil,Latin America,Data Privacy,51.39,81.87,3,2,1,43.2,3.33,0,0.0,81.34,Below Target,Non-Compliant,Slightly Delayed,False
GOV-0001553,2023,1,January,Q1,2023-01-01,FAC-012,Sao Paulo Operations,Brazil,Latin America,Environmental,49.8,85.47,4,3,1,42.6,3.01,0,0.0,77.69,Below Target,Near Compliant,Slightly Delayed,False
GOV-0001554,2023,1,January,Q1,2023-01-01,FAC-012,Sao Paulo Operations,Brazil,Latin America,Health & Safety,49.12,85.52,2,1,1,42.7,3.33,0,0.0,80.88,Below Target,Near Compliant,Slightly Delayed,False
GOV-0001555,2023,1,January,Q1,2023-01-01,FAC-012,Sao Paulo Operations,Brazil,Latin America,Human Rights,50.63,84.0,2,1,1,46.5,3.54,0,0.0,79.35,Below Target,Non-Compliant,Significantly Delayed,False
GOV-0001556,2023,1,January,Q1,2023-01-01,FAC-012,Sao Paulo Operations,Brazil,Latin America,Whistleblower,47.15,85.87,0,0,0,41.2,3.11,0,0.0,78.97,Below Target,Near Compliant,Slightly Delayed,False
GOV-0001557,2023,1,January,Q1,2023-01-01,FAC-012,Sao Paulo Operations,Brazil,Latin America,Code of Conduct,48.1,83.88,0,0,0,45.6,2.81,0,0.0,80.33,Below Target,Non-Compliant,Significantly Delayed,False
GOV-0001558,2023,1,January,Q1,2023-01-01,FAC-012,Sao Paulo Operations,Brazil,Latin America,Conflict of Interest,50.2,84.85,1,0,1,46.8,3.43,0,0.0,81.25,Below Target,Non-Compliant,Significantly Delayed,False
GOV-0001559,2023,1,January,Q1,2023-01-01,FAC-012,Sao Paulo Operations,Brazil,Latin America,Supplier Standards,49.34,87.48,5,3,2,42.2,3.22,0,0.0,78.49,Below Target,Near Compliant,Slightly Delayed,False
GOV-0001560,2023,1,January,Q1,2023-01-01,FAC-012,Sao Paulo Operations,Brazil,Latin America,Information Security,52.77,83.01,1,0,1,41.2,3.11,0,0.0,75.68,Below Target,Non-Compliant,Slightly Delayed,False
GOV-0001561,2023,2,February,Q1,2023-02-01,FAC-001,Chicago Main Plant,USA,North America,Anti-Corruption,48.94,84.3,3,2,1,42.8,3.49,0,0.0,78.65,Below Target,Non-Compliant,Slightly Delayed,False
GOV-0001562,2023,2,February,Q1,2023-02-01,FAC-001,Chicago Main Plant,USA,North America,Data Privacy,47.38,84.05,4,3,1,40.2,3.15,0,59102.62,80.6,Below Target,Non-Compliant,Slightly Delayed,True
GOV-0001563,2023,2,February,Q1,2023-02-01,FAC-001,Chicago Main Plant,USA,North America,Environmental,52.72,83.68,2,1,1,46.7,3.17,0,113224.21,80.71,Below Target,Non-Compliant,Significantly Delayed,True
GOV-0001564,2023,2,February,Q1,2023-02-01,FAC-001,Chicago Main Plant,USA,North America,Health & Safety,49.89,84.36,1,0,1,38.9,3.03,0,0.0,77.98,Below Target,Non-Compliant,Slightly Delayed,False
GOV-0001565,2023,2,February,Q1,2023-02-01,FAC-001,Chicago Main Plant,USA,North America,Human Rights,50.72,79.3,0,0,0,44.3,3.25,0,0.0,82.28,Below Target,Non-Compliant,Slightly Delayed,False
GOV-0001566,2023,2,February,Q1,2023-02-01,FAC-001,Chicago Main Plant,USA,North America,Whistleblower,46.06,85.82,2,1,1,42.4,3.61,0,0.0,75.63,Below Target,Near Compliant,Slightly Delayed,False
GOV-0001567,2023,2,February,Q1,2023-02-01,FAC-001,Chicago Main Plant,USA,North America,Code of Conduct,48.94,84.27,0,0,0,50.3,2.91,0,0.0,81.05,Below Target,Non-Compliant,Significantly Delayed,False
GOV-0001568,2023,2,February,Q1,2023-02-01,FAC-001,Chicago Main Plant,USA,North America,Conflict of Interest,46.99,87.08,0,0,0,50.7,3.29,0,0.0,82.51,Below Target,Near Compliant,Significantly Delayed,False
GOV-0001569,2023,2,February,Q1,2023-02-01,FAC-001,Chicago Main Plant,USA,North America,Supplier Standards,49.15,86.55,0,0,0,47.5,3.06,0,0.0,79.33,Below Target,Near Compliant,Significantly Delayed,False
GOV-0001570,2023,2,February,Q1,2023-02-01,FAC-001,Chicago Main Plant,USA,North America,Information Security,47.57,82.85,3,1,2,40.0,3.41,0,0.0,78.98,Below Target,Non-Compliant,Slightly Delayed,False
GOV-0001571,2023,2,February,Q1,2023-02-01,FAC-002,Detroit Assembly,USA,North America,Anti-Corruption,46.45,84.84,3,2,1,41.2,3.31,0,0.0,80.26,Below Target,Non-Compliant,Slightly Delayed,False
GOV-0001572,2023,2,February,Q1,2023-02-01,FAC-002,Detroit Assembly,USA,North America,Data Privacy,50.56,87.78,1,0,1,45.3,3.39,0,0.0,76.9,Below Target,Near Compliant,Significantly Delayed,False
GOV-0001573,2023,2,February,Q1,2023-02-01,FAC-002,Detroit Assembly,USA,North America,Environmental,50.71,84.49,4,3,1,44.5,2.98,0,0.0,82.36,Below Target,Non-Compliant,Slightly Delayed,False
GOV-0001574,2023,2,February,Q1,2023-02-01,FAC-002,Detroit Assembly,USA,North America,Health & Safety,51.45,87.29,0,0,0,44.9,3.01,0,0.0,78.49,Below Target,Near Compliant,Slightly Delayed,False
GOV-0001575,2023,2,February,Q1,2023-02-01,FAC-002,Detroit Assembly,USA,North America,Human Rights,51.81,85.49,0,0,0,43.8,3.24,0,0.0,79.63,Below Target,Near Compliant,Slightly Delayed,False
GOV-0001576,2023,2,February,Q1,2023-02-01,FAC-002,Detroit Assembly,USA,North America,Whistleblower,53.07,83.23,0,0,0,44.9,3.21,0,0.0,79.86,Below Target,Non-Compliant,Slightly Delayed,False
GOV-0001577,2023,2,February,Q1,2023-02-01,FAC-002,Detroit Assembly,USA,North America,Code of Conduct,49.8,84.7,4,3,1,45.3,2.94,0,0.0,81.44,Below Target,Non-Compliant,Significantly Delayed,False
GOV-0001578,2023,2,February,Q1,2023-02-01,FAC-002,Detroit Assembly,USA,North America,Conflict of Interest,49.38,83.58,2,1,1,45.1,3.16,0,0.0,76.4,Below Target,Non-Compliant,Significantly Delayed,False
GOV-0001579,2023,2,February,Q1,2023-02-01,FAC-002,Detroit Assembly,USA,North America,Supplier Standards,48.47,83.63,5,4,1,45.0,3.28,0,0.0,78.48,Below Target,Non-Compliant,Slightly Delayed,False
GOV-0001580,2023,2,February,Q1,2023-02-01,FAC-002,Detroit Assembly,USA,North America,Information Security,49.25,85.99,0,0,0,47.3,2.65,0,0.0,79.11,Below Target,Near Compliant,Significantly Delayed,False
GOV-0001581,2023,2,February,Q1,2023-02-01,FAC-003,Toronto Operations,Canada,North America,Anti-Corruption,52.84,85.0,3,2,1,42.3,3.02,0,0.0,76.43,Below Target,Near Compliant,Slightly Delayed,False
GOV-0001582,2023,2,February,Q1,2023-02-01,FAC-003,Toronto Operations,Canada,North America,Data Privacy,48.76,88.52,0,0,0,44.2,3.26,0,0.0,77.98,Below Target,Near Compliant,Slightly Delayed,False
GOV-0001583,2023,2,February,Q1,2023-02-01,FAC-003,Toronto Operations,Canada,North America,Environmental,51.27,83.84,4,2,2,44.4,3.03,0,0.0,79.71,Below Target,Non-Compliant,Slightly Delayed,False
GOV-0001584,2023,2,February,Q1,2023-02-01,FAC-003,Toronto Operations,Canada,North America,Health & Safety,47.95,86.6,0,0,0,45.1,2.92,0,0.0,84.66,Below Target,Near Compliant,Significantly Delayed,False
GOV-0001585,2023,2,February,Q1,2023-02-01,FAC-003,Toronto Operations,Canada,North America,Human Rights,49.76,86.84,5,3,2,44.6,3.07,0,0.0,78.31,Below Target,Near Compliant,Slightly Delayed,False
GOV-0001586,2023,2,February,Q1,2023-02-01,FAC-003,Toronto Operations,Canada,North America,Whistleblower,51.54,84.44,3,2,1,44.3,3.34,0,0.0,78.93,Below Target,Non-Compliant,Slightly Delayed,False
GOV-0001587,2023,2,February,Q1,2023-02-01,FAC-003,Toronto Operations,Canada,North America,Code of Conduct,49.52,87.58,1,0,1,41.0,3.49,0,0.0,79.36,Below Target,Near Compliant,Slightly Delayed,False
GOV-0001588,2023,2,February,Q1,2023-02-01,FAC-003,Toronto Operations,Canada,North America,Conflict of Interest,50.29,84.82,5,4,1,40.3,2.92,0,0.0,78.53,Below Target,Non-Compliant,Slightly Delayed,False
GOV-0001589,2023,2,February,Q1,2023-02-01,FAC-003,Toronto Operations,Canada,North America,Supplier Standards,51.45,82.83,2,1,1,42.8,3.15,0,0.0,78.72,Below Target,Non-Compliant,Slightly Delayed,False
GOV-0001590,2023,2,February,Q1,2023-02-01,FAC-003,Toronto Operations,Canada,North America,Information Security,49.79,82.74,1,0,1,44.0,2.84,0,0.0,79.27,Below Target,Non-Compliant,Slightly Delayed,False
GOV-0001591,2023,2,February,Q1,2023-02-01,FAC-004,Munich Precision Works,Germany,Europe,Anti-Corruption,46.66,84.23,2,1,1,39.8,2.99,0,0.0,76.84,Below Target,Non-Compliant,Slightly Delayed,False
GOV-0001592,2023,2,February,Q1,2023-02-01,FAC-004,Munich Precision Works,Germany,Europe,Data Privacy,48.36,82.64,4,2,2,43.9,3.29,0,0.0,79.82,Below Target,Non-Compliant,Slightly Delayed,False
GOV-0001593,2023,2,February,Q1,2023-02-01,FAC-004,Munich Precision Works,Germany,Europe,Environmental,49.2,84.42,3,2,1,43.4,3.04,0,0.0,77.77,Below Target,Non-Compliant,Slightly Delayed,False
GOV-0001594,2023,2,February,Q1,2023-02-01,FAC-004,Munich Precision Works,Germany,Europe,Health & Safety,48.05,84.9,3,2,1,41.1,3.28,0,0.0,80.38,Below Target,Non-Compliant,Slightly Delayed,False
GOV-0001595,2023,2,February,Q1,2023-02-01,FAC-004,Munich Precision Works,Germany,Europe,Human Rights,48.45,87.41,4,3,1,41.4,3.28,0,0.0,80.74,Below Target,Near Compliant,Slightly Delayed,False
GOV-0001596,2023,2,February,Q1,2023-02-01,FAC-004,Munich Precision Works,Germany,Europe,Whistleblower,52.02,84.56,4,2,2,36.6,3.0,0,0.0,81.67,Below Target,Non-Compliant,Slightly Delayed,False
GOV-0001597,2023,2,February,Q1,2023-02-01,FAC-004,Munich Precision Works,Germany,Europe,Code of Conduct,51.09,87.63,3,2,1,45.0,3.11,0,0.0,80.83,Below Target,Near Compliant,Slightly Delayed,False
GOV-0001598,2023,2,February,Q1,2023-02-01,FAC-004,Munich Precision Works,Germany,Europe,Conflict of Interest,52.23,82.59,2,1,1,47.8,3.58,0,0.0,78.42,Below Target,Non-Compliant,Significantly Delayed,False
GOV-0001599,2023,2,February,Q1,2023-02-01,FAC-004,Munich Precision Works,Germany,Europe,Supplier Standards,47.04,82.87,0,0,0,51.0,3.18,0,0.0,80.19,Below Target,Non-Compliant,Significantly Delayed,False
GOV-0001600,2023,2,February,Q1,2023-02-01,FAC-004,Munich Precision Works,Germany,Europe,Information Security,48.48,85.92,0,0,0,49.4,3.18,0,0.0,77.67,Below Target,Near Compliant,Significantly Delayed,False
GOV-0001601,2023,2,February,Q1,2023-02-01,FAC-005,Stuttgart Engineering,Germany,Europe,Anti-Corruption,52.5,81.76,5,4,1,45.4,3.03,0,0.0,80.04,Below Target,Non-Compliant,Significantly Delayed,False
GOV-0001602,2023,2,February,Q1,2023-02-01,FAC-005,Stuttgart Engineering,Germany,Europe,Data Privacy,50.3,84.68,4,2,2,43.6,3.76,0,0.0,80.85,Below Target,Non-Compliant,Slightly Delayed,False
GOV-0001603,2023,2,February,Q1,2023-02-01,FAC-005,Stuttgart Engineering,Germany,Europe,Environmental,47.14,86.08,5,4,1,46.2,2.73,0,46452.73,78.58,Below Target,Near Compliant,Significantly Delayed,True
GOV-0001604,2023,2,February,Q1,2023-02-01,FAC-005,Stuttgart Engineering,Germany,Europe,Health & Safety,48.4,84.35,4,3,1,41.4,3.31,0,0.0,78.47,Below Target,Non-Compliant,Slightly Delayed,False
GOV-0001605,2023,2,February,Q1,2023-02-01,FAC-005,Stuttgart Engineering,Germany,Europe,Human Rights,49.89,83.12,4,3,1,37.1,3.45,0,0.0,80.07,Below Target,Non-Compliant,Slightly Delayed,False
GOV-0001606,2023,2,February,Q1,2023-02-01,FAC-005,Stuttgart Engineering,Germany,Europe,Whistleblower,51.62,83.56,4,2,2,47.0,3.21,0,0.0,80.14,Below Target,Non-Compliant,Significantly Delayed,False
GOV-0001607,2023,2,February,Q1,2023-02-01,FAC-005,Stuttgart Engineering,Germany,Europe,Code of Conduct,47.29,85.05,2,1,1,42.0,3.26,0,0.0,80.0,Below Target,Near Compliant,Slightly Delayed,False
GOV-0001608,2023,2,February,Q1,2023-02-01,FAC-005,Stuttgart Engineering,Germany,Europe,Conflict of Interest,47.63,84.99,4,3,1,43.8,3.06,0,0.0,80.21,Below Target,Non-Compliant,Slightly Delayed,False
GOV-0001609,2023,2,February,Q1,2023-02-01,FAC-005,Stuttgart Engineering,Germany,Europe,Supplier Standards,47.62,87.13,2,1,1,44.2,3.12,0,0.0,77.42,Below Target,Near Compliant,Slightly Delayed,False
GOV-0001610,2023,2,February,Q1,2023-02-01,FAC-005,Stuttgart Engineering,Germany,Europe,Information Security,53.29,81.59,1,0,1,46.6,2.89,0,0.0,81.68,Below Target,Non-Compliant,Significantly Delayed,False
GOV-0001611,2023,2,February,Q1,2023-02-01,FAC-006,Rotterdam Hub,Netherlands,Europe,Anti-Corruption,49.72,81.37,4,2,2,43.9,3.44,0,0.0,80.16,Below Target,Non-Compliant,Slightly Delayed,False
GOV-0001612,2023,2,February,Q1,2023-02-01,FAC-006,Rotterdam Hub,Netherlands,Europe,Data Privacy,51.41,86.61,4,2,2,39.5,3.22,0,0.0,79.5,Below Target,Near Compliant,Slightly Delayed,False
GOV-0001613,2023,2,February,Q1,2023-02-01,FAC-006,Rotterdam Hub,Netherlands,Europe,Environmental,50.32,86.09,2,1,1,47.2,3.01,0,0.0,81.86,Below Target,Near Compliant,Significantly Delayed,False
GOV-0001614,2023,2,February,Q1,2023-02-01,FAC-006,Rotterdam Hub,Netherlands,Europe,Health & Safety,49.11,84.28,0,0,0,46.1,2.81,0,0.0,78.34,Below Target,Non-Compliant,Significantly Delayed,False
GOV-0001615,2023,2,February,Q1,2023-02-01,FAC-006,Rotterdam Hub,Netherlands,Europe,Human Rights,47.56,86.9,0,0,0,40.3,3.47,0,0.0,82.21,Below Target,Near Compliant,Slightly Delayed,False
GOV-0001616,2023,2,February,Q1,2023-02-01,FAC-006,Rotterdam Hub,Netherlands,Europe,Whistleblower,49.2,88.14,2,1,1,43.5,3.17,0,0.0,78.05,Below Target,Near Compliant,Slightly Delayed,False
GOV-0001617,2023,2,February,Q1,2023-02-01,FAC-006,Rotterdam Hub,Netherlands,Europe,Code of Conduct,48.97,86.33,0,0,0,43.1,3.38,0,0.0,79.43,Below Target,Near Compliant,Slightly Delayed,False
GOV-0001618,2023,2,February,Q1,2023-02-01,FAC-006,Rotterdam Hub,Netherlands,Europe,Conflict of Interest,49.32,83.39,4,2,2,39.5,3.06,0,0.0,79.09,Below Target,Non-Compliant,Slightly Delayed,False
GOV-0001619,2023,2,February,Q1,2023-02-01,FAC-006,Rotterdam Hub,Netherlands,Europe,Supplier Standards,47.65,83.23,4,2,2,41.3,3.08,0,0.0,79.17,Below Target,Non-Compliant,Slightly Delayed,False
GOV-0001620,2023,2,February,Q1,2023-02-01,FAC-006,Rotterdam Hub,Netherlands,Europe,Information Security,50.14,86.55,4,3,1,47.5,3.25,0,0.0,79.89,Below Target,Near Compliant,Significantly Delayed,False
GOV-0001621,2023,2,February,Q1,2023-02-01,FAC-007,Lyon Components,France,Europe,Anti-Corruption,48.04,82.33,3,2,1,43.6,3.2,0,0.0,80.85,Below Target,Non-Compliant,Slightly Delayed,False
GOV-0001622,2023,2,February,Q1,2023-02-01,FAC-007,Lyon Components,France,Europe,Data Privacy,49.4,85.32,0,0,0,45.6,3.0,0,0.0,82.24,Below Target,Near Compliant,Significantly Delayed,False
GOV-0001623,2023,2,February,Q1,2023-02-01,FAC-007,Lyon Components,France,Europe,Environmental,49.28,83.75,2,1,1,41.8,3.01,0,0.0,81.89,Below Target,Non-Compliant,Slightly Delayed,False
GOV-0001624,2023,2,February,Q1,2023-02-01,FAC-007,Lyon Components,France,Europe,Health & Safety,49.57,87.57,4,2,2,42.2,3.22,0,0.0,81.23,Below Target,Near Compliant,Slightly Delayed,False
GOV-0001625,2023,2,February,Q1,2023-02-01,FAC-007,Lyon Components,France,Europe,Human Rights,50.92,84.63,3,2,1,46.4,3.09,0,0.0,80.4,Below Target,Non-Compliant,Significantly Delayed,False
GOV-0001626,2023,2,February,Q1,2023-02-01,FAC-007,Lyon Components,France,Europe,Whistleblower,47.68,84.2,4,3,1,50.8,3.56,0,0.0,81.18,Below Target,Non-Compliant,Significantly Delayed,False
GOV-0001627,2023,2,February,Q1,2023-02-01,FAC-007,Lyon Components,France,Europe,Code of Conduct,51.37,85.61,2,1,1,42.3,3.18,0,0.0,80.33,Below Target,Near Compliant,Slightly Delayed,False
GOV-0001628,2023,2,February,Q1,2023-02-01,FAC-007,Lyon Components,France,Europe,Conflict of Interest,49.94,86.69,5,4,1,43.6,3.03,0,0.0,81.76,Below Target,Near Compliant,Slightly Delayed,False
GOV-0001629,2023,2,February,Q1,2023-02-01,FAC-007,Lyon Components,France,Europe,Supplier Standards,48.34,84.44,2,1,1,44.8,3.31,0,0.0,79.42,Below Target,Non-Compliant,Slightly Delayed,False
GOV-0001630,2023,2,February,Q1,2023-02-01,FAC-007,Lyon Components,France,Europe,Information Security,47.56,84.49,0,0,0,44.6,3.44,0,0.0,81.17,Below Target,Non-Compliant,Slightly Delayed,False
GOV-0001631,2023,2,February,Q1,2023-02-01,FAC-008,Shanghai Manufacturing,China,Asia Pacific,Anti-Corruption,54.59,83.28,3,2,1,43.2,3.11,0,0.0,78.62,Below Target,Non-Compliant,Slightly Delayed,False
GOV-0001632,2023,2,February,Q1,2023-02-01,FAC-008,Shanghai Manufacturing,China,Asia Pacific,Data Privacy,49.38,82.62,2,1,1,47.4,3.14,0,0.0,79.21,Below Target,Non-Compliant,Significantly Delayed,False
GOV-0001633,2023,2,February,Q1,2023-02-01,FAC-008,Shanghai Manufacturing,China,Asia Pacific,Environmental,47.74,83.27,1,0,1,42.9,3.28,0,0.0,77.97,Below Target,Non-Compliant,Slightly Delayed,False
GOV-0001634,2023,2,February,Q1,2023-02-01,FAC-008,Shanghai Manufacturing,China,Asia Pacific,Health & Safety,49.89,83.68,1,0,1,49.9,3.0,0,0.0,80.11,Below Target,Non-Compliant,Significantly Delayed,False
GOV-0001635,2023,2,February,Q1,2023-02-01,FAC-008,Shanghai Manufacturing,China,Asia Pacific,Human Rights,48.96,84.16,3,2,1,39.6,3.19,0,112807.3,79.67,Below Target,Non-Compliant,Slightly Delayed,True
GOV-0001636,2023,2,February,Q1,2023-02-01,FAC-008,Shanghai Manufacturing,China,Asia Pacific,Whistleblower,51.07,86.45,4,3,1,40.9,3.39,0,0.0,76.64,Below Target,Near Compliant,Slightly Delayed,False
GOV-0001637,2023,2,February,Q1,2023-02-01,FAC-008,Shanghai Manufacturing,China,Asia Pacific,Code of Conduct,47.61,85.78,2,1,1,43.0,3.32,0,0.0,79.61,Below Target,Near Compliant,Slightly Delayed,False
GOV-0001638,2023,2,February,Q1,2023-02-01,FAC-008,Shanghai Manufacturing,China,Asia Pacific,Conflict of Interest,48.87,88.29,2,1,1,44.7,3.22,0,0.0,78.43,Below Target,Near Compliant,Slightly Delayed,False
GOV-0001639,2023,2,February,Q1,2023-02-01,FAC-008,Shanghai Manufacturing,China,Asia Pacific,Supplier Standards,50.08,86.66,3,2,1,51.8,2.86,0,0.0,80.78,Below Target,Near Compliant,Significantly Delayed,False
GOV-0001640,2023,2,February,Q1,2023-02-01,FAC-008,Shanghai Manufacturing,China,Asia Pacific,Information Security,45.84,85.99,0,0,0,34.4,3.13,0,0.0,76.64,Below Target,Near Compliant,Slightly Delayed,False
GOV-0001641,2023,2,February,Q1,2023-02-01,FAC-009,Bangalore Tech Centre,India,Asia Pacific,Anti-Corruption,50.78,84.92,5,4,1,42.5,3.59,0,0.0,78.67,Below Target,Non-Compliant,Slightly Delayed,False
GOV-0001642,2023,2,February,Q1,2023-02-01,FAC-009,Bangalore Tech Centre,India,Asia Pacific,Data Privacy,45.48,89.02,4,3,1,48.4,2.97,0,0.0,76.86,Below Target,Near Compliant,Significantly Delayed,False
GOV-0001643,2023,2,February,Q1,2023-02-01,FAC-009,Bangalore Tech Centre,India,Asia Pacific,Environmental,49.3,84.54,2,1,1,35.5,3.18,0,0.0,80.88,Below Target,Non-Compliant,Slightly Delayed,False
GOV-0001644,2023,2,February,Q1,2023-02-01,FAC-009,Bangalore Tech Centre,India,Asia Pacific,Health & Safety,49.99,88.15,0,0,0,49.1,3.34,0,0.0,79.04,Below Target,Near Compliant,Significantly Delayed,False
GOV-0001645,2023,2,February,Q1,2023-02-01,FAC-009,Bangalore Tech Centre,India,Asia Pacific,Human Rights,46.81,86.99,2,1,1,42.5,3.47,0,0.0,78.95,Below Target,Near Compliant,Slightly Delayed,False
GOV-0001646,2023,2,February,Q1,2023-02-01,FAC-009,Bangalore Tech Centre,India,Asia Pacific,Whistleblower,50.69,83.51,0,0,0,48.7,3.71,0,0.0,81.73,Below Target,Non-Compliant,Significantly Delayed,False
GOV-0001647,2023,2,February,Q1,2023-02-01,FAC-009,Bangalore Tech Centre,India,Asia Pacific,Code of Conduct,48.54,86.81,0,0,0,42.8,3.23,0,0.0,78.16,Below Target,Near Compliant,Slightly Delayed,False
GOV-0001648,2023,2,February,Q1,2023-02-01,FAC-009,Bangalore Tech Centre,India,Asia Pacific,Conflict of Interest,47.5,85.48,0,0,0,42.5,3.4,0,0.0,78.46,Below Target,Near Compliant,Slightly Delayed,False
GOV-0001649,2023,2,February,Q1,2023-02-01,FAC-009,Bangalore Tech Centre,India,Asia Pacific,Supplier Standards,49.05,84.28,3,2,1,41.2,3.14,0,77429.61,78.71,Below Target,Non-Compliant,Slightly Delayed,True
GOV-0001650,2023,2,February,Q1,2023-02-01,FAC-009,Bangalore Tech Centre,India,Asia Pacific,Information Security,47.94,87.94,1,0,1,36.7,3.32,0,0.0,79.6,Below Target,Near Compliant,Slightly Delayed,False
GOV-0001651,2023,2,February,Q1,2023-02-01,FAC-010,Singapore Distribution,Singapore,Asia Pacific,Anti-Corruption,52.1,84.1,3,2,1,45.1,2.97,0,0.0,77.29,Below Target,Non-Compliant,Significantly Delayed,False
GOV-0001652,2023,2,February,Q1,2023-02-01,FAC-010,Singapore Distribution,Singapore,Asia Pacific,Data Privacy,51.95,84.32,3,2,1,47.1,3.02,0,0.0,77.9,Below Target,Non-Compliant,Significantly Delayed,False
GOV-0001653,2023,2,February,Q1,2023-02-01,FAC-010,Singapore Distribution,Singapore,Asia Pacific,Environmental,48.6,86.19,2,1,1,44.7,3.21,0,0.0,78.51,Below Target,Near Compliant,Slightly Delayed,False
GOV-0001654,2023,2,February,Q1,2023-02-01,FAC-010,Singapore Distribution,Singapore,Asia Pacific,Health & Safety,50.53,84.91,0,0,0,47.7,3.08,0,0.0,79.5,Below Target,Non-Compliant,Significantly Delayed,False
GOV-0001655,2023,2,February,Q1,2023-02-01,FAC-010,Singapore Distribution,Singapore,Asia Pacific,Human Rights,48.12,81.49,0,0,0,47.1,3.68,0,0.0,80.03,Below Target,Non-Compliant,Significantly Delayed,False
GOV-0001656,2023,2,February,Q1,2023-02-01,FAC-010,Singapore Distribution,Singapore,Asia Pacific,Whistleblower,48.76,87.32,5,4,1,43.6,3.46,0,0.0,77.56,Below Target,Near Compliant,Slightly Delayed,False
GOV-0001657,2023,2,February,Q1,2023-02-01,FAC-010,Singapore Distribution,Singapore,Asia Pacific,Code of Conduct,51.6,85.72,5,4,1,39.7,3.36,0,0.0,78.65,Below Target,Near Compliant,Slightly Delayed,False
GOV-0001658,2023,2,February,Q1,2023-02-01,FAC-010,Singapore Distribution,Singapore,Asia Pacific,Conflict of Interest,50.1,84.26,1,0,1,45.9,3.12,0,0.0,82.44,Below Target,Non-Compliant,Significantly Delayed,False
GOV-0001659,2023,2,February,Q1,2023-02-01,FAC-010,Singapore Distribution,Singapore,Asia Pacific,Supplier Standards,46.88,85.89,2,1,1,46.2,3.2,0,0.0,80.3,Below Target,Near Compliant,Significantly Delayed,False
GOV-0001660,2023,2,February,Q1,2023-02-01,FAC-010,Singapore Distribution,Singapore,Asia Pacific,Information Security,51.29,84.0,5,4,1,36.3,2.96,0,0.0,78.62,Below Target,Non-Compliant,Slightly Delayed,False
GOV-0001661,2023,2,February,Q1,2023-02-01,FAC-011,Monterrey Plant,Mexico,Latin America,Anti-Corruption,49.32,84.23,1,0,1,47.9,3.37,0,0.0,80.95,Below Target,Non-Compliant,Significantly Delayed,False
GOV-0001662,2023,2,February,Q1,2023-02-01,FAC-011,Monterrey Plant,Mexico,Latin America,Data Privacy,50.0,87.14,2,1,1,42.5,3.08,0,0.0,78.06,Below Target,Near Compliant,Slightly Delayed,False
GOV-0001663,2023,2,February,Q1,2023-02-01,FAC-011,Monterrey Plant,Mexico,Latin America,Environmental,51.44,85.72,4,3,1,42.9,3.65,0,0.0,82.57,Below Target,Near Compliant,Slightly Delayed,False
GOV-0001664,2023,2,February,Q1,2023-02-01,FAC-011,Monterrey Plant,Mexico,Latin America,Health & Safety,49.9,84.78,3,2,1,44.2,3.22,0,0.0,77.31,Below Target,Non-Compliant,Slightly Delayed,False
GOV-0001665,2023,2,February,Q1,2023-02-01,FAC-011,Monterrey Plant,Mexico,Latin America,Human Rights,52.45,84.93,5,4,1,44.9,3.24,0,0.0,78.53,Below Target,Non-Compliant,Slightly Delayed,False
GOV-0001666,2023,2,February,Q1,2023-02-01,FAC-011,Monterrey Plant,Mexico,Latin America,Whistleblower,49.47,83.42,0,0,0,38.5,2.97,0,0.0,76.27,Below Target,Non-Compliant,Slightly Delayed,False
GOV-0001667,2023,2,February,Q1,2023-02-01,FAC-011,Monterrey Plant,Mexico,Latin America,Code of Conduct,45.97,86.64,2,1,1,47.8,3.79,0,0.0,78.3,Below Target,Near Compliant,Significantly Delayed,False
GOV-0001668,2023,2,February,Q1,2023-02-01,FAC-011,Monterrey Plant,Mexico,Latin America,Conflict of Interest,47.88,83.27,1,0,1,38.5,3.54,0,0.0,76.88,Below Target,Non-Compliant,Slightly Delayed,False
GOV-0001669,2023,2,February,Q1,2023-02-01,FAC-011,Monterrey Plant,Mexico,Latin America,Supplier Standards,49.94,83.06,2,1,1,45.2,3.38,0,0.0,79.88,Below Target,Non-Compliant,Significantly Delayed,False
GOV-0001670,2023,2,February,Q1,2023-02-01,FAC-011,Monterrey Plant,Mexico,Latin America,Information Security,51.01,82.97,3,2,1,43.0,3.38,0,0.0,79.15,Below Target,Non-Compliant,Slightly Delayed,False
GOV-0001671,2023,2,February,Q1,2023-02-01,FAC-012,Sao Paulo Operations,Brazil,Latin America,Anti-Corruption,49.47,87.0,5,4,1,38.7,3.04,0,0.0,79.43,Below Target,Near Compliant,Slightly Delayed,False
GOV-0001672,2023,2,February,Q1,2023-02-01,FAC-012,Sao Paulo Operations,Brazil,Latin America,Data Privacy,49.23,87.91,4,3,1,35.9,3.19,0,0.0,81.25,Below Target,Near Compliant,Slightly Delayed,False
GOV-0001673,2023,2,February,Q1,2023-02-01,FAC-012,Sao Paulo Operations,Brazil,Latin America,Environmental,49.97,82.79,4,2,2,48.2,3.31,0,0.0,77.73,Below Target,Non-Compliant,Significantly Delayed,False
GOV-0001674,2023,2,February,Q1,2023-02-01,FAC-012,Sao Paulo Operations,Brazil,Latin America,Health & Safety,47.2,84.94,0,0,0,39.2,3.23,0,69336.78,81.5,Below Target,Non-Compliant,Slightly Delayed,True
GOV-0001675,2023,2,February,Q1,2023-02-01,FAC-012,Sao Paulo Operations,Brazil,Latin America,Human Rights,50.25,85.02,2,1,1,40.0,3.3,0,0.0,79.96,Below Target,Near Compliant,Slightly Delayed,False
GOV-0001676,2023,2,February,Q1,2023-02-01,FAC-012,Sao Paulo Operations,Brazil,Latin America,Whistleblower,47.14,84.98,2,1,1,48.2,3.15,0,0.0,78.92,Below Target,Non-Compliant,Significantly Delayed,False
GOV-0001677,2023,2,February,Q1,2023-02-01,FAC-012,Sao Paulo Operations,Brazil,Latin America,Code of Conduct,46.83,81.46,5,4,1,33.0,3.2,0,0.0,79.76,Below Target,Non-Compliant,Slightly Delayed,False
GOV-0001678,2023,2,February,Q1,2023-02-01,FAC-012,Sao Paulo Operations,Brazil,Latin America,Conflict of Interest,48.5,87.43,3,2,1,50.6,3.14,0,110150.23,84.81,Below Target,Near Compliant,Significantly Delayed,True
GOV-0001679,2023,2,February,Q1,2023-02-01,FAC-012,Sao Paulo Operations,Brazil,Latin America,Supplier Standards,49.47,85.04,5,3,2,40.1,3.0,0,0.0,80.85,Below Target,Near Compliant,Slightly Delayed,False
GOV-0001680,2023,2,February,Q1,2023-02-01,FAC-012,Sao Paulo Operations,Brazil,Latin America,Information Security,49.63,85.34,5,3,2,43.3,3.27,0,78227.08,80.37,Below Target,Near Compliant,Slightly Delayed,True
GOV-0001681,2023,3,March,Q1,2023-03-01,FAC-001,Chicago Main Plant,USA,North America,Anti-Corruption,49.6,84.74,3,2,1,46.6,3.45,0,0.0,79.89,Below Target,Non-Compliant,Significantly Delayed,False
GOV-0001682,2023,3,March,Q1,2023-03-01,FAC-001,Chicago Main Plant,USA,North America,Data Privacy,52.4,87.4,2,1,1,39.7,3.44,0,0.0,79.02,Below Target,Near Compliant,Slightly Delayed,False
GOV-0001683,2023,3,March,Q1,2023-03-01,FAC-001,Chicago Main Plant,USA,North America,Environmental,49.04,82.96,3,2,1,43.6,3.46,0,50521.37,80.89,Below Target,Non-Compliant,Slightly Delayed,True
GOV-0001684,2023,3,March,Q1,2023-03-01,FAC-001,Chicago Main Plant,USA,North America,Health & Safety,52.21,85.81,2,1,1,45.8,3.66,0,0.0,79.13,Below Target,Near Compliant,Significantly Delayed,False
GOV-0001685,2023,3,March,Q1,2023-03-01,FAC-001,Chicago Main Plant,USA,North America,Human Rights,48.78,85.15,2,1,1,42.4,2.97,0,0.0,82.73,Below Target,Near Compliant,Slightly Delayed,False
GOV-0001686,2023,3,March,Q1,2023-03-01,FAC-001,Chicago Main Plant,USA,North America,Whistleblower,47.8,83.72,5,4,1,40.3,3.06,0,0.0,77.77,Below Target,Non-Compliant,Slightly Delayed,False
GOV-0001687,2023,3,March,Q1,2023-03-01,FAC-001,Chicago Main Plant,USA,North America,Code of Conduct,46.41,84.63,5,4,1,49.2,3.28,0,0.0,74.85,Below Target,Non-Compliant,Significantly Delayed,False
GOV-0001688,2023,3,March,Q1,2023-03-01,FAC-001,Chicago Main Plant,USA,North America,Conflict of Interest,52.03,86.67,4,2,2,42.2,3.53,0,0.0,80.59,Below Target,Near Compliant,Slightly Delayed,False
GOV-0001689,2023,3,March,Q1,2023-03-01,FAC-001,Chicago Main Plant,USA,North America,Supplier Standards,48.86,83.5,1,0,1,39.2,3.12,0,102320.16,80.79,Below Target,Non-Compliant,Slightly Delayed,True
GOV-0001690,2023,3,March,Q1,2023-03-01,FAC-001,Chicago Main Plant,USA,North America,Information Security,53.14,83.2,3,2,1,47.2,3.13,0,0.0,80.73,Below Target,Non-Compliant,Significantly Delayed,False
GOV-0001691,2023,3,March,Q1,2023-03-01,FAC-002,Detroit Assembly,USA,North America,Anti-Corruption,47.16,85.04,0,0,0,42.8,3.37,0,0.0,77.8,Below Target,Near Compliant,Slightly Delayed,False
GOV-0001692,2023,3,March,Q1,2023-03-01,FAC-002,Detroit Assembly,USA,North America,Data Privacy,51.18,85.1,5,3,2,36.5,3.34,0,0.0,77.79,Below Target,Near Compliant,Slightly Delayed,False
GOV-0001693,2023,3,March,Q1,2023-03-01,FAC-002,Detroit Assembly,USA,North America,Environmental,51.48,84.28,5,3,2,49.7,3.31,0,0.0,79.51,Below Target,Non-Compliant,Significantly Delayed,False
GOV-0001694,2023,3,March,Q1,2023-03-01,FAC-002,Detroit Assembly,USA,North America,Health & Safety,48.08,85.78,3,2,1,47.8,3.34,0,0.0,78.6,Below Target,Near Compliant,Significantly Delayed,False
GOV-0001695,2023,3,March,Q1,2023-03-01,FAC-002,Detroit Assembly,USA,North America,Human Rights,48.81,88.55,1,0,1,47.5,3.11,0,118560.04,77.2,Below Target,Near Compliant,Significantly Delayed,True
GOV-0001696,2023,3,March,Q1,2023-03-01,FAC-002,Detroit Assembly,USA,North America,Whistleblower,50.52,84.07,1,0,1,41.9,3.89,0,0.0,79.07,Below Target,Non-Compliant,Slightly Delayed,False
GOV-0001697,2023,3,March,Q1,2023-03-01,FAC-002,Detroit Assembly,USA,North America,Code of Conduct,48.4,82.06,2,1,1,43.2,3.1,0,0.0,80.92,Below Target,Non-Compliant,Slightly Delayed,False
GOV-0001698,2023,3,March,Q1,2023-03-01,FAC-002,Detroit Assembly,USA,North America,Conflict of Interest,49.34,84.31,2,1,1,47.2,3.64,0,0.0,79.16,Below Target,Non-Compliant,Significantly Delayed,False
GOV-0001699,2023,3,March,Q1,2023-03-01,FAC-002,Detroit Assembly,USA,North America,Supplier Standards,51.99,86.34,1,0,1,43.6,3.34,0,0.0,76.44,Below Target,Near Compliant,Slightly Delayed,False
GOV-0001700,2023,3,March,Q1,2023-03-01,FAC-002,Detroit Assembly,USA,North America,Information Security,49.26,84.6,4,3,1,43.3,3.36,1,0.0,80.17,Below Target,Non-Compliant,Slightly Delayed,False
GOV-0001701,2023,3,March,Q1,2023-03-01,FAC-003,Toronto Operations,Canada,North America,Anti-Corruption,50.57,84.4,0,0,0,42.4,3.46,0,0.0,77.54,Below Target,Non-Compliant,Slightly Delayed,False
GOV-0001702,2023,3,March,Q1,2023-03-01,FAC-003,Toronto Operations,Canada,North America,Data Privacy,51.71,86.38,5,4,1,46.2,3.23,0,0.0,80.35,Below Target,Near Compliant,Significantly Delayed,False
GOV-0001703,2023,3,March,Q1,2023-03-01,FAC-003,Toronto Operations,Canada,North America,Environmental,50.55,79.8,2,1,1,40.9,3.5,0,89059.06,79.57,Below Target,Non-Compliant,Slightly Delayed,True
GOV-0001704,2023,3,March,Q1,2023-03-01,FAC-003,Toronto Operations,Canada,North America,Health & Safety,47.73,83.34,2,1,1,40.1,3.26,0,0.0,80.32,Below Target,Non-Compliant,Slightly Delayed,False
GOV-0001705,2023,3,March,Q1,2023-03-01,FAC-003,Toronto Operations,Canada,North America,Human Rights,50.64,87.06,4,2,2,41.6,3.07,0,0.0,79.78,Below Target,Near Compliant,Slightly Delayed,False
GOV-0001706,2023,3,March,Q1,2023-03-01,FAC-003,Toronto Operations,Canada,North America,Whistleblower,50.3,87.69,3,2,1,47.3,3.08,0,0.0,81.45,Below Target,Near Compliant,Significantly Delayed,False
GOV-0001707,2023,3,March,Q1,2023-03-01,FAC-003,Toronto Operations,Canada,North America,Code of Conduct,48.83,84.49,0,0,0,40.7,3.35,0,0.0,80.87,Below Target,Non-Compliant,Slightly Delayed,False
GOV-0001708,2023,3,March,Q1,2023-03-01,FAC-003,Toronto Operations,Canada,North America,Conflict of Interest,51.58,84.41,3,2,1,42.2,3.08,0,0.0,80.96,Below Target,Non-Compliant,Slightly Delayed,False
GOV-0001709,2023,3,March,Q1,2023-03-01,FAC-003,Toronto Operations,Canada,North America,Supplier Standards,48.22,83.42,1,0,1,47.5,3.7,0,0.0,80.2,Below Target,Non-Compliant,Significantly Delayed,False
GOV-0001710,2023,3,March,Q1,2023-03-01,FAC-003,Toronto Operations,Canada,North America,Information Security,50.7,83.62,1,0,1,39.2,2.78,0,0.0,78.38,Below Target,Non-Compliant,Slightly Delayed,False
GOV-0001711,2023,3,March,Q1,2023-03-01,FAC-004,Munich Precision Works,Germany,Europe,Anti-Corruption,49.51,88.42,5,3,2,44.3,3.04,1,0.0,81.09,Below Target,Near Compliant,Slightly Delayed,False
GOV-0001712,2023,3,March,Q1,2023-03-01,FAC-004,Munich Precision Works,Germany,Europe,Data Privacy,49.09,83.86,5,4,1,49.3,3.42,0,0.0,79.92,Below Target,Non-Compliant,Significantly Delayed,False
GOV-0001713,2023,3,March,Q1,2023-03-01,FAC-004,Munich Precision Works,Germany,Europe,Environmental,49.99,85.03,3,2,1,48.5,3.12,0,0.0,81.59,Below Target,Near Compliant,Significantly Delayed,False
GOV-0001714,2023,3,March,Q1,2023-03-01,FAC-004,Munich Precision Works,Germany,Europe,Health & Safety,49.44,86.71,4,3,1,49.4,3.29,0,0.0,79.84,Below Target,Near Compliant,Significantly Delayed,False
GOV-0001715,2023,3,March,Q1,2023-03-01,FAC-004,Munich Precision Works,Germany,Europe,Human Rights,53.3,84.21,4,3,1,44.1,3.21,0,0.0,80.61,Below Target,Non-Compliant,Slightly Delayed,False
GOV-0001716,2023,3,March,Q1,2023-03-01,FAC-004,Munich Precision Works,Germany,Europe,Whistleblower,52.09,83.55,2,1,1,38.0,3.49,0,0.0,80.81,Below Target,Non-Compliant,Slightly Delayed,False
GOV-0001717,2023,3,March,Q1,2023-03-01,FAC-004,Munich Precision Works,Germany,Europe,Code of Conduct,51.32,83.32,5,4,1,41.3,3.36,0,0.0,77.6,Below Target,Non-Compliant,Slightly Delayed,False
GOV-0001718,2023,3,March,Q1,2023-03-01,FAC-004,Munich Precision Works,Germany,Europe,Conflict of Interest,48.12,83.92,0,0,0,42.2,3.16,0,0.0,79.66,Below Target,Non-Compliant,Slightly Delayed,False
GOV-0001719,2023,3,March,Q1,2023-03-01,FAC-004,Munich Precision Works,Germany,Europe,Supplier Standards,47.46,84.37,1,0,1,46.1,3.43,0,0.0,80.12,Below Target,Non-Compliant,Significantly Delayed,False
GOV-0001720,2023,3,March,Q1,2023-03-01,FAC-004,Munich Precision Works,Germany,Europe,Information Security,49.34,83.72,1,0,1,48.9,2.89,0,0.0,78.31,Below Target,Non-Compliant,Significantly Delayed,False
GOV-0001721,2023,3,March,Q1,2023-03-01,FAC-005,Stuttgart Engineering,Germany,Europe,Anti-Corruption,50.09,86.66,5,4,1,42.7,3.4,0,0.0,78.88,Below Target,Near Compliant,Slightly Delayed,False
GOV-0001722,2023,3,March,Q1,2023-03-01,FAC-005,Stuttgart Engineering,Germany,Europe,Data Privacy,48.94,81.94,0,0,0,45.5,3.43,0,0.0,80.35,Below Target,Non-Compliant,Significantly Delayed,False
GOV-0001723,2023,3,March,Q1,2023-03-01,FAC-005,Stuttgart Engineering,Germany,Europe,Environmental,50.07,84.99,0,0,0,44.5,3.07,1,0.0,77.32,Below Target,Non-Compliant,Slightly Delayed,False
GOV-0001724,2023,3,March,Q1,2023-03-01,FAC-005,Stuttgart Engineering,Germany,Europe,Health & Safety,46.94,84.95,0,0,0,40.9,2.97,0,0.0,77.72,Below Target,Non-Compliant,Slightly Delayed,False
GOV-0001725,2023,3,March,Q1,2023-03-01,FAC-005,Stuttgart Engineering,Germany,Europe,Human Rights,49.26,85.54,0,0,0,41.6,3.19,0,0.0,78.46,Below Target,Near Compliant,Slightly Delayed,False
GOV-0001726,2023,3,March,Q1,2023-03-01,FAC-005,Stuttgart Engineering,Germany,Europe,Whistleblower,51.2,86.5,3,2,1,47.4,3.47,0,0.0,81.2,Below Target,Near Compliant,Significantly Delayed,False
GOV-0001727,2023,3,March,Q1,2023-03-01,FAC-005,Stuttgart Engineering,Germany,Europe,Code of Conduct,49.35,84.11,4,3,1,44.2,3.55,0,0.0,82.97,Below Target,Non-Compliant,Slightly Delayed,False
GOV-0001728,2023,3,March,Q1,2023-03-01,FAC-005,Stuttgart Engineering,Germany,Europe,Conflict of Interest,48.64,84.67,4,3,1,46.0,3.26,0,0.0,79.35,Below Target,Non-Compliant,Significantly Delayed,False
GOV-0001729,2023,3,March,Q1,2023-03-01,FAC-005,Stuttgart Engineering,Germany,Europe,Supplier Standards,52.49,82.96,1,0,1,49.3,2.94,0,0.0,79.03,Below Target,Non-Compliant,Significantly Delayed,False
GOV-0001730,2023,3,March,Q1,2023-03-01,FAC-005,Stuttgart Engineering,Germany,Europe,Information Security,51.8,84.7,5,4,1,43.6,3.41,0,0.0,77.42,Below Target,Non-Compliant,Slightly Delayed,False
GOV-0001731,2023,3,March,Q1,2023-03-01,FAC-006,Rotterdam Hub,Netherlands,Europe,Anti-Corruption,48.51,82.85,4,3,1,45.1,3.21,0,0.0,78.25,Below Target,Non-Compliant,Significantly Delayed,False
GOV-0001732,2023,3,March,Q1,2023-03-01,FAC-006,Rotterdam Hub,Netherlands,Europe,Data Privacy,48.58,85.19,0,0,0,45.8,3.04,0,0.0,79.03,Below Target,Near Compliant,Significantly Delayed,False
GOV-0001733,2023,3,March,Q1,2023-03-01,FAC-006,Rotterdam Hub,Netherlands,Europe,Environmental,48.99,83.13,2,1,1,39.4,3.01,0,0.0,77.35,Below Target,Non-Compliant,Slightly Delayed,False
GOV-0001734,2023,3,March,Q1,2023-03-01,FAC-006,Rotterdam Hub,Netherlands,Europe,Health & Safety,51.22,85.15,0,0,0,43.9,2.57,0,0.0,79.57,Below Target,Near Compliant,Slightly Delayed,False
GOV-0001735,2023,3,March,Q1,2023-03-01,FAC-006,Rotterdam Hub,Netherlands,Europe,Human Rights,51.8,87.38,3,2,1,42.7,3.12,0,0.0,80.2,Below Target,Near Compliant,Slightly Delayed,False
GOV-0001736,2023,3,March,Q1,2023-03-01,FAC-006,Rotterdam Hub,Netherlands,Europe,Whistleblower,50.45,83.12,1,0,1,50.5,3.01,0,0.0,78.45,Below Target,Non-Compliant,Significantly Delayed,False
GOV-0001737,2023,3,March,Q1,2023-03-01,FAC-006,Rotterdam Hub,Netherlands,Europe,Code of Conduct,48.27,84.79,0,0,0,48.6,3.46,0,0.0,79.31,Below Target,Non-Compliant,Significantly Delayed,False
GOV-0001738,2023,3,March,Q1,2023-03-01,FAC-006,Rotterdam Hub,Netherlands,Europe,Conflict of Interest,53.05,84.98,0,0,0,44.3,3.31,0,0.0,78.39,Below Target,Non-Compliant,Slightly Delayed,False
GOV-0001739,2023,3,March,Q1,2023-03-01,FAC-006,Rotterdam Hub,Netherlands,Europe,Supplier Standards,51.65,84.02,1,0,1,44.1,3.11,0,0.0,82.13,Below Target,Non-Compliant,Slightly Delayed,False
GOV-0001740,2023,3,March,Q1,2023-03-01,FAC-006,Rotterdam Hub,Netherlands,Europe,Information Security,50.74,82.0,5,3,2,44.3,3.26,0,0.0,77.91,Below Target,Non-Compliant,Slightly Delayed,False
GOV-0001741,2023,3,March,Q1,2023-03-01,FAC-007,Lyon Components,France,Europe,Anti-Corruption,51.54,86.24,4,3,1,53.1,3.66,0,0.0,79.06,Below Target,Near Compliant,Significantly Delayed,False
GOV-0001742,2023,3,March,Q1,2023-03-01,FAC-007,Lyon Components,France,Europe,Data Privacy,49.04,85.46,0,0,0,44.5,3.04,0,0.0,80.62,Below Target,Near Compliant,Slightly Delayed,False
GOV-0001743,2023,3,March,Q1,2023-03-01,FAC-007,Lyon Components,France,Europe,Environmental,49.93,84.62,1,0,1,44.6,2.85,0,0.0,82.2,Below Target,Non-Compliant,Slightly Delayed,False
GOV-0001744,2023,3,March,Q1,2023-03-01,FAC-007,Lyon Components,France,Europe,Health & Safety,48.9,85.7,4,2,2,42.9,3.0,0,0.0,81.25,Below Target,Near Compliant,Slightly Delayed,False
GOV-0001745,2023,3,March,Q1,2023-03-01,FAC-007,Lyon Components,France,Europe,Human Rights,47.96,84.35,3,2,1,41.7,3.14,0,0.0,78.76,Below Target,Non-Compliant,Slightly Delayed,False
GOV-0001746,2023,3,March,Q1,2023-03-01,FAC-007,Lyon Components,France,Europe,Whistleblower,48.01,84.95,3,2,1,46.3,3.03,0,0.0,79.29,Below Target,Non-Compliant,Significantly Delayed,False
GOV-0001747,2023,3,March,Q1,2023-03-01,FAC-007,Lyon Components,France,Europe,Code of Conduct,52.35,85.37,2,1,1,45.1,3.4,0,0.0,78.28,Below Target,Near Compliant,Significantly Delayed,False
GOV-0001748,2023,3,March,Q1,2023-03-01,FAC-007,Lyon Components,France,Europe,Conflict of Interest,46.33,85.35,3,2,1,45.0,2.98,0,0.0,78.9,Below Target,Near Compliant,Slightly Delayed,False
GOV-0001749,2023,3,March,Q1,2023-03-01,FAC-007,Lyon Components,France,Europe,Supplier Standards,50.76,83.25,1,0,1,41.6,3.02,0,0.0,80.05,Below Target,Non-Compliant,Slightly Delayed,False
GOV-0001750,2023,3,March,Q1,2023-03-01,FAC-007,Lyon Components,France,Europe,Information Security,48.58,85.61,1,0,1,49.0,3.58,0,0.0,80.17,Below Target,Near Compliant,Significantly Delayed,False
GOV-0001751,2023,3,March,Q1,2023-03-01,FAC-008,Shanghai Manufacturing,China,Asia Pacific,Anti-Corruption,47.82,82.48,1,0,1,46.8,3.06,0,0.0,82.35,Below Target,Non-Compliant,Significantly Delayed,False
GOV-0001752,2023,3,March,Q1,2023-03-01,FAC-008,Shanghai Manufacturing,China,Asia Pacific,Data Privacy,49.31,85.95,1,0,1,41.1,3.15,0,0.0,76.71,Below Target,Near Compliant,Slightly Delayed,False
GOV-0001753,2023,3,March,Q1,2023-03-01,FAC-008,Shanghai Manufacturing,China,Asia Pacific,Environmental,47.29,87.27,2,1,1,45.4,3.2,0,0.0,79.86,Below Target,Near Compliant,Significantly Delayed,False
GOV-0001754,2023,3,March,Q1,2023-03-01,FAC-008,Shanghai Manufacturing,China,Asia Pacific,Health & Safety,51.11,84.83,4,2,2,41.8,3.33,0,0.0,77.9,Below Target,Non-Compliant,Slightly Delayed,False
GOV-0001755,2023,3,March,Q1,2023-03-01,FAC-008,Shanghai Manufacturing,China,Asia Pacific,Human Rights,49.22,83.59,0,0,0,42.5,3.03,0,0.0,79.88,Below Target,Non-Compliant,Slightly Delayed,False
GOV-0001756,2023,3,March,Q1,2023-03-01,FAC-008,Shanghai Manufacturing,China,Asia Pacific,Whistleblower,48.63,83.53,1,0,1,45.2,3.37,0,0.0,79.47,Below Target,Non-Compliant,Significantly Delayed,False
GOV-0001757,2023,3,March,Q1,2023-03-01,FAC-008,Shanghai Manufacturing,China,Asia Pacific,Code of Conduct,49.54,85.12,4,3,1,44.7,3.65,0,0.0,80.3,Below Target,Near Compliant,Slightly Delayed,False
GOV-0001758,2023,3,March,Q1,2023-03-01,FAC-008,Shanghai Manufacturing,China,Asia Pacific,Conflict of Interest,49.16,83.92,5,3,2,48.6,3.64,0,0.0,81.13,Below Target,Non-Compliant,Significantly Delayed,False
GOV-0001759,2023,3,March,Q1,2023-03-01,FAC-008,Shanghai Manufacturing,China,Asia Pacific,Supplier Standards,48.9,86.18,4,3,1,44.3,2.95,0,0.0,82.31,Below Target,Near Compliant,Slightly Delayed,False
GOV-0001760,2023,3,March,Q1,2023-03-01,FAC-008,Shanghai Manufacturing,China,Asia Pacific,Information Security,50.72,82.51,0,0,0,45.2,3.25,0,146090.7,80.49,Below Target,Non-Compliant,Significantly Delayed,True
GOV-0001761,2023,3,March,Q1,2023-03-01,FAC-009,Bangalore Tech Centre,India,Asia Pacific,Anti-Corruption,50.36,85.8,1,0,1,45.6,3.1,0,0.0,80.83,Below Target,Near Compliant,Significantly Delayed,False
GOV-0001762,2023,3,March,Q1,2023-03-01,FAC-009,Bangalore Tech Centre,India,Asia Pacific,Data Privacy,51.88,85.83,1,0,1,39.0,2.91,0,0.0,80.72,Below Target,Near Compliant,Slightly Delayed,False
GOV-0001763,2023,3,March,Q1,2023-03-01,FAC-009,Bangalore Tech Centre,India,Asia Pacific,Environmental,51.32,83.39,4,2,2,44.4,3.61,0,0.0,78.52,Below Target,Non-Compliant,Slightly Delayed,False
GOV-0001764,2023,3,March,Q1,2023-03-01,FAC-009,Bangalore Tech Centre,India,Asia Pacific,Health & Safety,48.96,83.52,0,0,0,41.9,3.12,0,0.0,81.99,Below Target,Non-Compliant,Slightly Delayed,False
GOV-0001765,2023,3,March,Q1,2023-03-01,FAC-009,Bangalore Tech Centre,India,Asia Pacific,Human Rights,50.62,85.07,4,3,1,46.3,3.33,0,0.0,80.29,Below Target,Near Compliant,Significantly Delayed,False
GOV-0001766,2023,3,March,Q1,2023-03-01,FAC-009,Bangalore Tech Centre,India,Asia Pacific,Whistleblower,48.74,83.66,2,1,1,45.5,3.13,0,0.0,79.52,Below Target,Non-Compliant,Significantly Delayed,False
GOV-0001767,2023,3,March,Q1,2023-03-01,FAC-009,Bangalore Tech Centre,India,Asia Pacific,Code of Conduct,49.46,84.55,2,1,1,46.3,3.31,0,0.0,83.31,Below Target,Non-Compliant,Significantly Delayed,False
GOV-0001768,2023,3,March,Q1,2023-03-01,FAC-009,Bangalore Tech Centre,India,Asia Pacific,Conflict of Interest,48.3,84.3,5,3,2,46.3,3.43,0,0.0,79.42,Below Target,Non-Compliant,Significantly Delayed,False
GOV-0001769,2023,3,March,Q1,2023-03-01,FAC-009,Bangalore Tech Centre,India,Asia Pacific,Supplier Standards,54.59,82.23,2,1,1,42.1,3.02,0,0.0,76.56,Below Target,Non-Compliant,Slightly Delayed,False
GOV-0001770,2023,3,March,Q1,2023-03-01,FAC-009,Bangalore Tech Centre,India,Asia Pacific,Information Security,48.45,86.22,0,0,0,43.4,3.34,0,0.0,80.69,Below Target,Near Compliant,Slightly Delayed,False
GOV-0001771,2023,3,March,Q1,2023-03-01,FAC-010,Singapore Distribution,Singapore,Asia Pacific,Anti-Corruption,51.13,82.71,2,1,1,51.4,3.39,0,0.0,76.8,Below Target,Non-Compliant,Significantly Delayed,False
GOV-0001772,2023,3,March,Q1,2023-03-01,FAC-010,Singapore Distribution,Singapore,Asia Pacific,Data Privacy,47.47,82.62,0,0,0,39.7,3.29,0,0.0,79.89,Below Target,Non-Compliant,Slightly Delayed,False
GOV-0001773,2023,3,March,Q1,2023-03-01,FAC-010,Singapore Distribution,Singapore,Asia Pacific,Environmental,51.22,85.41,0,0,0,44.6,3.31,0,0.0,78.36,Below Target,Near Compliant,Slightly Delayed,False
GOV-0001774,2023,3,March,Q1,2023-03-01,FAC-010,Singapore Distribution,Singapore,Asia Pacific,Health & Safety,50.04,86.85,3,2,1,46.0,3.22,0,0.0,79.95,Below Target,Near Compliant,Significantly Delayed,False
GOV-0001775,2023,3,March,Q1,2023-03-01,FAC-010,Singapore Distribution,Singapore,Asia Pacific,Human Rights,45.93,82.37,2,1,1,48.1,3.34,0,0.0,80.05,Below Target,Non-Compliant,Significantly Delayed,False
GOV-0001776,2023,3,March,Q1,2023-03-01,FAC-010,Singapore Distribution,Singapore,Asia Pacific,Whistleblower,49.39,86.38,4,3,1,42.9,3.61,0,23586.47,77.49,Below Target,Near Compliant,Slightly Delayed,True
GOV-0001777,2023,3,March,Q1,2023-03-01,FAC-010,Singapore Distribution,Singapore,Asia Pacific,Code of Conduct,51.19,86.82,0,0,0,44.2,2.93,1,0.0,80.87,Below Target,Near Compliant,Slightly Delayed,False
GOV-0001778,2023,3,March,Q1,2023-03-01,FAC-010,Singapore Distribution,Singapore,Asia Pacific,Conflict of Interest,49.66,88.42,0,0,0,40.9,3.54,0,0.0,79.4,Below Target,Near Compliant,Slightly Delayed,False
GOV-0001779,2023,3,March,Q1,2023-03-01,FAC-010,Singapore Distribution,Singapore,Asia Pacific,Supplier Standards,48.96,86.84,0,0,0,39.3,3.32,0,0.0,81.09,Below Target,Near Compliant,Slightly Delayed,False
GOV-0001780,2023,3,March,Q1,2023-03-01,FAC-010,Singapore Distribution,Singapore,Asia Pacific,Information Security,49.05,85.52,2,1,1,43.3,3.16,0,0.0,80.02,Below Target,Near Compliant,Slightly Delayed,False
GOV-0001781,2023,3,March,Q1,2023-03-01,FAC-011,Monterrey Plant,Mexico,Latin America,Anti-Corruption,47.42,85.48,0,0,0,45.6,3.52,0,0.0,80.41,Below Target,Near Compliant,Significantly Delayed,False
GOV-0001782,2023,3,March,Q1,2023-03-01,FAC-011,Monterrey Plant,Mexico,Latin America,Data Privacy,49.75,82.73,1,0,1,44.0,3.05,0,0.0,80.69,Below Target,Non-Compliant,Slightly Delayed,False
GOV-0001783,2023,3,March,Q1,2023-03-01,FAC-011,Monterrey Plant,Mexico,Latin America,Environmental,50.32,83.44,3,2,1,49.1,2.96,0,0.0,79.44,Below Target,Non-Compliant,Significantly Delayed,False
GOV-0001784,2023,3,March,Q1,2023-03-01,FAC-011,Monterrey Plant,Mexico,Latin America,Health & Safety,49.02,85.36,0,0,0,44.1,3.13,0,0.0,79.64,Below Target,Near Compliant,Slightly Delayed,False
GOV-0001785,2023,3,March,Q1,2023-03-01,FAC-011,Monterrey Plant,Mexico,Latin America,Human Rights,50.98,84.53,3,2,1,47.4,2.89,0,0.0,80.78,Below Target,Non-Compliant,Significantly Delayed,False
GOV-0001786,2023,3,March,Q1,2023-03-01,FAC-011,Monterrey Plant,Mexico,Latin America,Whistleblower,49.81,83.86,5,4,1,43.8,3.27,0,0.0,80.38,Below Target,Non-Compliant,Slightly Delayed,False
GOV-0001787,2023,3,March,Q1,2023-03-01,FAC-011,Monterrey Plant,Mexico,Latin America,Code of Conduct,49.12,87.13,2,1,1,36.3,3.1,0,0.0,78.39,Below Target,Near Compliant,Slightly Delayed,False
GOV-0001788,2023,3,March,Q1,2023-03-01,FAC-011,Monterrey Plant,Mexico,Latin America,Conflict of Interest,52.16,85.11,0,0,0,40.0,3.85,0,0.0,80.21,Below Target,Near Compliant,Slightly Delayed,False
GOV-0001789,2023,3,March,Q1,2023-03-01,FAC-011,Monterrey Plant,Mexico,Latin America,Supplier Standards,48.09,83.59,5,4,1,45.3,3.47,0,0.0,83.13,Below Target,Non-Compliant,Significantly Delayed,False
GOV-0001790,2023,3,March,Q1,2023-03-01,FAC-011,Monterrey Plant,Mexico,Latin America,Information Security,52.05,85.4,2,1,1,47.6,3.11,0,0.0,78.1,Below Target,Near Compliant,Significantly Delayed,False
GOV-0001791,2023,3,March,Q1,2023-03-01,FAC-012,Sao Paulo Operations,Brazil,Latin America,Anti-Corruption,48.75,85.03,3,1,2,47.8,3.25,0,0.0,81.82,Below Target,Near Compliant,Significantly Delayed,False
GOV-0001792,2023,3,March,Q1,2023-03-01,FAC-012,Sao Paulo Operations,Brazil,Latin America,Data Privacy,50.2,85.42,5,4,1,43.7,3.2,0,0.0,80.84,Below Target,Near Compliant,Slightly Delayed,False
GOV-0001793,2023,3,March,Q1,2023-03-01,FAC-012,Sao Paulo Operations,Brazil,Latin America,Environmental,47.09,84.29,5,4,1,46.4,3.24,0,0.0,80.7,Below Target,Non-Compliant,Significantly Delayed,False
GOV-0001794,2023,3,March,Q1,2023-03-01,FAC-012,Sao Paulo Operations,Brazil,Latin America,Health & Safety,48.74,86.33,3,1,2,48.8,3.05,0,0.0,79.45,Below Target,Near Compliant,Significantly Delayed,False
GOV-0001795,2023,3,March,Q1,2023-03-01,FAC-012,Sao Paulo Operations,Brazil,Latin America,Human Rights,50.6,84.24,3,2,1,49.5,3.46,0,0.0,80.85,Below Target,Non-Compliant,Significantly Delayed,False
GOV-0001796,2023,3,March,Q1,2023-03-01,FAC-012,Sao Paulo Operations,Brazil,Latin America,Whistleblower,52.01,84.19,4,2,2,47.7,3.49,0,0.0,80.25,Below Target,Non-Compliant,Significantly Delayed,False
GOV-0001797,2023,3,March,Q1,2023-03-01,FAC-012,Sao Paulo Operations,Brazil,Latin America,Code of Conduct,49.12,82.78,3,2,1,44.4,3.48,0,0.0,81.33,Below Target,Non-Compliant,Slightly Delayed,False
GOV-0001798,2023,3,March,Q1,2023-03-01,FAC-012,Sao Paulo Operations,Brazil,Latin America,Conflict of Interest,48.01,81.9,3,2,1,44.4,2.93,0,0.0,80.02,Below Target,Non-Compliant,Slightly Delayed,False
GOV-0001799,2023,3,March,Q1,2023-03-01,FAC-012,Sao Paulo Operations,Brazil,Latin America,Supplier Standards,51.38,86.34,3,2,1,45.8,3.95,0,0.0,78.97,Below Target,Near Compliant,Significantly Delayed,False
GOV-0001800,2023,3,March,Q1,2023-03-01,FAC-012,Sao Paulo Operations,Brazil,Latin America,Information Security,49.45,81.77,4,3,1,45.6,3.11,0,98569.01,78.52,Below Target,Non-Compliant,Significantly Delayed,True
GOV-0001801,2023,4,April,Q2,2023-04-01,FAC-001,Chicago Main Plant,USA,North America,Anti-Corruption,52.73,86.53,0,0,0,44.1,3.31,0,0.0,78.54,Below Target,Near Compliant,Slightly Delayed,False
GOV-0001802,2023,4,April,Q2,2023-04-01,FAC-001,Chicago Main Plant,USA,North America,Data Privacy,48.01,83.63,1,0,1,38.1,3.51,0,0.0,77.74,Below Target,Non-Compliant,Slightly Delayed,False
GOV-0001803,2023,4,April,Q2,2023-04-01,FAC-001,Chicago Main Plant,USA,North America,Environmental,50.07,82.82,3,2,1,42.7,3.24,0,0.0,78.97,Below Target,Non-Compliant,Slightly Delayed,False
GOV-0001804,2023,4,April,Q2,2023-04-01,FAC-001,Chicago Main Plant,USA,North America,Health & Safety,49.55,87.84,3,2,1,42.9,3.12,0,0.0,81.02,Below Target,Near Compliant,Slightly Delayed,False
GOV-0001805,2023,4,April,Q2,2023-04-01,FAC-001,Chicago Main Plant,USA,North America,Human Rights,50.63,83.48,0,0,0,37.3,3.18,0,0.0,82.25,Below Target,Non-Compliant,Slightly Delayed,False
GOV-0001806,2023,4,April,Q2,2023-04-01,FAC-001,Chicago Main Plant,USA,North America,Whistleblower,48.28,82.3,5,4,1,40.6,2.82,0,0.0,77.68,Below Target,Non-Compliant,Slightly Delayed,False
GOV-0001807,2023,4,April,Q2,2023-04-01,FAC-001,Chicago Main Plant,USA,North America,Code of Conduct,48.71,82.4,3,2,1,39.1,3.17,0,0.0,77.48,Below Target,Non-Compliant,Slightly Delayed,False
GOV-0001808,2023,4,April,Q2,2023-04-01,FAC-001,Chicago Main Plant,USA,North America,Conflict of Interest,49.98,85.15,1,0,1,44.1,3.26,0,0.0,80.64,Below Target,Near Compliant,Slightly Delayed,False
GOV-0001809,2023,4,April,Q2,2023-04-01,FAC-001,Chicago Main Plant,USA,North America,Supplier Standards,49.84,85.21,1,0,1,44.6,3.52,0,0.0,83.94,Below Target,Near Compliant,Slightly Delayed,False
GOV-0001810,2023,4,April,Q2,2023-04-01,FAC-001,Chicago Main Plant,USA,North America,Information Security,50.65,84.46,3,1,2,42.8,3.15,0,0.0,79.99,Below Target,Non-Compliant,Slightly Delayed,False
GOV-0001811,2023,4,April,Q2,2023-04-01,FAC-002,Detroit Assembly,USA,North America,Anti-Corruption,47.02,87.47,3,2,1,49.6,2.99,0,0.0,77.13,Below Target,Near Compliant,Significantly Delayed,False
GOV-0001812,2023,4,April,Q2,2023-04-01,FAC-002,Detroit Assembly,USA,North America,Data Privacy,49.67,83.77,2,1,1,42.3,3.16,0,0.0,79.82,Below Target,Non-Compliant,Slightly Delayed,False
GOV-0001813,2023,4,April,Q2,2023-04-01,FAC-002,Detroit Assembly,USA,North America,Environmental,52.05,84.46,0,0,0,42.6,2.85,0,0.0,78.42,Below Target,Non-Compliant,Slightly Delayed,False
GOV-0001814,2023,4,April,Q2,2023-04-01,FAC-002,Detroit Assembly,USA,North America,Health & Safety,47.43,83.79,3,2,1,47.0,3.35,0,0.0,82.45,Below Target,Non-Compliant,Significantly Delayed,False
GOV-0001815,2023,4,April,Q2,2023-04-01,FAC-002,Detroit Assembly,USA,North America,Human Rights,52.22,82.81,0,0,0,43.7,3.17,0,0.0,80.59,Below Target,Non-Compliant,Slightly Delayed,False
GOV-0001816,2023,4,April,Q2,2023-04-01,FAC-002,Detroit Assembly,USA,North America,Whistleblower,49.93,84.88,4,2,2,44.4,3.3,0,0.0,80.99,Below Target,Non-Compliant,Slightly Delayed,False
GOV-0001817,2023,4,April,Q2,2023-04-01,FAC-002,Detroit Assembly,USA,North America,Code of Conduct,49.57,84.33,2,1,1,43.3,3.53,0,0.0,82.94,Below Target,Non-Compliant,Slightly Delayed,False
GOV-0001818,2023,4,April,Q2,2023-04-01,FAC-002,Detroit Assembly,USA,North America,Conflict of Interest,50.18,84.37,3,2,1,46.3,3.14,0,0.0,75.34,Below Target,Non-Compliant,Significantly Delayed,False
GOV-0001819,2023,4,April,Q2,2023-04-01,FAC-002,Detroit Assembly,USA,North America,Supplier Standards,48.46,81.98,2,1,1,45.8,3.48,0,0.0,79.74,Below Target,Non-Compliant,Significantly Delayed,False
GOV-0001820,2023,4,April,Q2,2023-04-01,FAC-002,Detroit Assembly,USA,North America,Information Security,49.97,83.46,3,2,1,41.8,3.35,0,0.0,76.54,Below Target,Non-Compliant,Slightly Delayed,False
GOV-0001821,2023,4,April,Q2,2023-04-01,FAC-003,Toronto Operations,Canada,North America,Anti-Corruption,46.45,84.24,0,0,0,43.9,3.06,0,0.0,81.03,Below Target,Non-Compliant,Slightly Delayed,False
GOV-0001822,2023,4,April,Q2,2023-04-01,FAC-003,Toronto Operations,Canada,North America,Data Privacy,51.24,82.73,1,0,1,45.0,3.03,0,0.0,79.39,Below Target,Non-Compliant,Slightly Delayed,False
GOV-0001823,2023,4,April,Q2,2023-04-01,FAC-003,Toronto Operations,Canada,North America,Environmental,52.63,82.91,4,2,2,44.8,3.63,0,0.0,75.28,Below Target,Non-Compliant,Slightly Delayed,False
GOV-0001824,2023,4,April,Q2,2023-04-01,FAC-003,Toronto Operations,Canada,North America,Health & Safety,51.42,84.25,5,3,2,42.5,3.34,1,0.0,80.67,Below Target,Non-Compliant,Slightly Delayed,False
GOV-0001825,2023,4,April,Q2,2023-04-01,FAC-003,Toronto Operations,Canada,North America,Human Rights,50.21,84.7,2,1,1,42.9,3.15,0,0.0,78.72,Below Target,Non-Compliant,Slightly Delayed,False
GOV-0001826,2023,4,April,Q2,2023-04-01,FAC-003,Toronto Operations,Canada,North America,Whistleblower,50.54,82.75,2,1,1,42.5,2.97,0,0.0,79.2,Below Target,Non-Compliant,Slightly Delayed,False
GOV-0001827,2023,4,April,Q2,2023-04-01,FAC-003,Toronto Operations,Canada,North America,Code of Conduct,45.9,83.06,0,0,0,42.5,3.54,0,0.0,79.54,Below Target,Non-Compliant,Slightly Delayed,False
GOV-0001828,2023,4,April,Q2,2023-04-01,FAC-003,Toronto Operations,Canada,North America,Conflict of Interest,48.03,84.08,2,1,1,42.6,3.17,0,0.0,80.4,Below Target,Non-Compliant,Slightly Delayed,False
GOV-0001829,2023,4,April,Q2,2023-04-01,FAC-003,Toronto Operations,Canada,North America,Supplier Standards,47.73,85.64,3,2,1,42.1,3.71,0,0.0,79.95,Below Target,Near Compliant,Slightly Delayed,False
GOV-0001830,2023,4,April,Q2,2023-04-01,FAC-003,Toronto Operations,Canada,North America,Information Security,47.26,84.43,1,0,1,41.7,3.05,0,0.0,78.44,Below Target,Non-Compliant,Slightly Delayed,False
GOV-0001831,2023,4,April,Q2,2023-04-01,FAC-004,Munich Precision Works,Germany,Europe,Anti-Corruption,49.87,85.64,2,1,1,50.3,3.02,0,0.0,77.61,Below Target,Near Compliant,Significantly Delayed,False
GOV-0001832,2023,4,April,Q2,2023-04-01,FAC-004,Munich Precision Works,Germany,Europe,Data Privacy,48.48,84.39,3,2,1,38.9,3.11,0,0.0,81.65,Below Target,Non-Compliant,Slightly Delayed,False
GOV-0001833,2023,4,April,Q2,2023-04-01,FAC-004,Munich Precision Works,Germany,Europe,Environmental,49.12,84.09,5,3,2,42.8,3.3,0,0.0,82.41,Below Target,Non-Compliant,Slightly Delayed,False
GOV-0001834,2023,4,April,Q2,2023-04-01,FAC-004,Munich Precision Works,Germany,Europe,Health & Safety,51.35,84.31,5,4,1,43.0,3.56,0,112282.42,80.32,Below Target,Non-Compliant,Slightly Delayed,True
GOV-0001835,2023,4,April,Q2,2023-04-01,FAC-004,Munich Precision Works,Germany,Europe,Human Rights,47.12,84.13,5,3,2,44.6,2.93,0,0.0,78.59,Below Target,Non-Compliant,Slightly Delayed,False
GOV-0001836,2023,4,April,Q2,2023-04-01,FAC-004,Munich Precision Works,Germany,Europe,Whistleblower,49.12,85.87,5,3,2,43.7,3.1,0,0.0,80.41,Below Target,Near Compliant,Slightly Delayed,False
GOV-0001837,2023,4,April,Q2,2023-04-01,FAC-004,Munich Precision Works,Germany,Europe,Code of Conduct,47.47,84.81,5,4,1,40.3,3.25,0,0.0,81.68,Below Target,Non-Compliant,Slightly Delayed,False
GOV-0001838,2023,4,April,Q2,2023-04-01,FAC-004,Munich Precision Works,Germany,Europe,Conflict of Interest,48.51,83.77,1,0,1,45.6,3.13,0,0.0,79.18,Below Target,Non-Compliant,Significantly Delayed,False
GOV-0001839,2023,4,April,Q2,2023-04-01,FAC-004,Munich Precision Works,Germany,Europe,Supplier Standards,51.2,85.56,4,2,2,49.5,3.28,0,0.0,80.15,Below Target,Near Compliant,Significantly Delayed,False
GOV-0001840,2023,4,April,Q2,2023-04-01,FAC-004,Munich Precision Works,Germany,Europe,Information Security,52.06,83.94,5,3,2,45.2,3.05,1,0.0,80.82,Below Target,Non-Compliant,Significantly Delayed,False
GOV-0001841,2023,4,April,Q2,2023-04-01,FAC-005,Stuttgart Engineering,Germany,Europe,Anti-Corruption,49.75,85.73,1,0,1,46.9,3.05,0,0.0,81.81,Below Target,Near Compliant,Significantly Delayed,False
GOV-0001842,2023,4,April,Q2,2023-04-01,FAC-005,Stuttgart Engineering,Germany,Europe,Data Privacy,53.65,86.63,2,1,1,40.1,3.06,0,55704.28,78.63,Below Target,Near Compliant,Slightly Delayed,True
GOV-0001843,2023,4,April,Q2,2023-04-01,FAC-005,Stuttgart Engineering,Germany,Europe,Environmental,49.39,83.76,3,2,1,42.0,3.16,0,0.0,76.05,Below Target,Non-Compliant,Slightly Delayed,False
GOV-0001844,2023,4,April,Q2,2023-04-01,FAC-005,Stuttgart Engineering,Germany,Europe,Health & Safety,47.94,84.52,2,1,1,48.3,3.33,0,0.0,77.32,Below Target,Non-Compliant,Significantly Delayed,False
GOV-0001845,2023,4,April,Q2,2023-04-01,FAC-005,Stuttgart Engineering,Germany,Europe,Human Rights,52.04,82.58,2,1,1,47.7,3.34,0,0.0,82.04,Below Target,Non-Compliant,Significantly Delayed,False
GOV-0001846,2023,4,April,Q2,2023-04-01,FAC-005,Stuttgart Engineering,Germany,Europe,Whistleblower,47.04,80.73,2,1,1,39.5,3.45,0,0.0,81.89,Below Target,Non-Compliant,Slightly Delayed,False
GOV-0001847,2023,4,April,Q2,2023-04-01,FAC-005,Stuttgart Engineering,Germany,Europe,Code of Conduct,46.99,85.08,3,2,1,45.6,2.92,0,0.0,81.77,Below Target,Near Compliant,Significantly Delayed,False
GOV-0001848,2023,4,April,Q2,2023-04-01,FAC-005,Stuttgart Engineering,Germany,Europe,Conflict of Interest,49.63,82.26,3,2,1,39.6,3.36,0,0.0,81.36,Below Target,Non-Compliant,Slightly Delayed,False
GOV-0001849,2023,4,April,Q2,2023-04-01,FAC-005,Stuttgart Engineering,Germany,Europe,Supplier Standards,49.31,84.77,4,3,1,46.0,3.24,0,0.0,80.07,Below Target,Non-Compliant,Significantly Delayed,False
GOV-0001850,2023,4,April,Q2,2023-04-01,FAC-005,Stuttgart Engineering,Germany,Europe,Information Security,47.73,84.12,4,3,1,50.6,3.09,0,0.0,78.09,Below Target,Non-Compliant,Significantly Delayed,False
GOV-0001851,2023,4,April,Q2,2023-04-01,FAC-006,Rotterdam Hub,Netherlands,Europe,Anti-Corruption,50.39,82.12,3,2,1,49.2,3.54,0,0.0,79.12,Below Target,Non-Compliant,Significantly Delayed,False
GOV-0001852,2023,4,April,Q2,2023-04-01,FAC-006,Rotterdam Hub,Netherlands,Europe,Data Privacy,50.1,83.06,1,0,1,44.5,3.61,0,0.0,78.84,Below Target,Non-Compliant,Slightly Delayed,False
GOV-0001853,2023,4,April,Q2,2023-04-01,FAC-006,Rotterdam Hub,Netherlands,Europe,Environmental,48.43,85.25,4,3,1,47.4,3.17,0,0.0,76.31,Below Target,Near Compliant,Significantly Delayed,False
GOV-0001854,2023,4,April,Q2,2023-04-01,FAC-006,Rotterdam Hub,Netherlands,Europe,Health & Safety,51.19,84.23,4,3,1,41.6,3.25,0,0.0,78.96,Below Target,Non-Compliant,Slightly Delayed,False
GOV-0001855,2023,4,April,Q2,2023-04-01,FAC-006,Rotterdam Hub,Netherlands,Europe,Human Rights,46.84,84.07,5,3,2,45.4,3.51,0,0.0,78.32,Below Target,Non-Compliant,Significantly Delayed,False
GOV-0001856,2023,4,April,Q2,2023-04-01,FAC-006,Rotterdam Hub,Netherlands,Europe,Whistleblower,48.86,83.74,2,1,1,51.0,3.59,0,0.0,80.36,Below Target,Non-Compliant,Significantly Delayed,False
GOV-0001857,2023,4,April,Q2,2023-04-01,FAC-006,Rotterdam Hub,Netherlands,Europe,Code of Conduct,50.33,85.92,3,2,1,42.0,3.36,0,0.0,78.89,Below Target,Near Compliant,Slightly Delayed,False
GOV-0001858,2023,4,April,Q2,2023-04-01,FAC-006,Rotterdam Hub,Netherlands,Europe,Conflict of Interest,48.69,84.59,5,4,1,46.0,3.58,0,0.0,79.01,Below Target,Non-Compliant,Significantly Delayed,False
GOV-0001859,2023,4,April,Q2,2023-04-01,FAC-006,Rotterdam Hub,Netherlands,Europe,Supplier Standards,49.71,83.58,3,1,2,36.2,3.48,0,0.0,77.01,Below Target,Non-Compliant,Slightly Delayed,False
GOV-0001860,2023,4,April,Q2,2023-04-01,FAC-006,Rotterdam Hub,Netherlands,Europe,Information Security,49.12,81.97,0,0,0,45.7,2.89,0,0.0,81.05,Below Target,Non-Compliant,Significantly Delayed,False
GOV-0001861,2023,4,April,Q2,2023-04-01,FAC-007,Lyon Components,France,Europe,Anti-Corruption,48.36,85.07,1,0,1,44.9,3.23,0,0.0,79.78,Below Target,Near Compliant,Slightly Delayed,False
GOV-0001862,2023,4,April,Q2,2023-04-01,FAC-007,Lyon Components,France,Europe,Data Privacy,50.19,84.06,2,1,1,37.2,3.33,0,0.0,80.2,Below Target,Non-Compliant,Slightly Delayed,False
GOV-0001863,2023,4,April,Q2,2023-04-01,FAC-007,Lyon Components,France,Europe,Environmental,48.8,84.64,1,0,1,43.5,3.57,0,0.0,82.5,Below Target,Non-Compliant,Slightly Delayed,False
GOV-0001864,2023,4,April,Q2,2023-04-01,FAC-007,Lyon Components,France,Europe,Health & Safety,48.21,83.39,0,0,0,47.4,3.36,0,0.0,79.39,Below Target,Non-Compliant,Significantly Delayed,False
GOV-0001865,2023,4,April,Q2,2023-04-01,FAC-007,Lyon Components,France,Europe,Human Rights,47.55,87.41,2,1,1,46.5,3.16,0,0.0,81.26,Below Target,Near Compliant,Significantly Delayed,False
GOV-0001866,2023,4,April,Q2,2023-04-01,FAC-007,Lyon Components,France,Europe,Whistleblower,47.33,85.93,3,1,2,39.6,3.46,0,0.0,79.1,Below Target,Near Compliant,Slightly Delayed,False
GOV-0001867,2023,4,April,Q2,2023-04-01,FAC-007,Lyon Components,France,Europe,Code of Conduct,48.7,84.88,5,3,2,45.5,3.46,0,0.0,81.3,Below Target,Non-Compliant,Significantly Delayed,False
GOV-0001868,2023,4,April,Q2,2023-04-01,FAC-007,Lyon Components,France,Europe,Conflict of Interest,47.29,83.86,0,0,0,45.3,3.12,0,0.0,80.09,Below Target,Non-Compliant,Significantly Delayed,False
GOV-0001869,2023,4,April,Q2,2023-04-01,FAC-007,Lyon Components,France,Europe,Supplier Standards,47.02,83.55,1,0,1,42.9,3.04,0,0.0,81.05,Below Target,Non-Compliant,Slightly Delayed,False
GOV-0001870,2023,4,April,Q2,2023-04-01,FAC-007,Lyon Components,France,Europe,Information Security,50.07,85.66,5,3,2,46.7,3.09,0,0.0,78.5,Below Target,Near Compliant,Significantly Delayed,False
GOV-0001871,2023,4,April,Q2,2023-04-01,FAC-008,Shanghai Manufacturing,China,Asia Pacific,Anti-Corruption,47.65,82.95,3,2,1,45.9,3.44,0,0.0,77.62,Below Target,Non-Compliant,Significantly Delayed,False
GOV-0001872,2023,4,April,Q2,2023-04-01,FAC-008,Shanghai Manufacturing,China,Asia Pacific,Data Privacy,49.14,84.43,4,3,1,44.5,3.04,0,0.0,76.7,Below Target,Non-Compliant,Slightly Delayed,False
GOV-0001873,2023,4,April,Q2,2023-04-01,FAC-008,Shanghai Manufacturing,China,Asia Pacific,Environmental,52.8,81.94,4,3,1,38.0,3.56,0,0.0,80.47,Below Target,Non-Compliant,Slightly Delayed,False
GOV-0001874,2023,4,April,Q2,2023-04-01,FAC-008,Shanghai Manufacturing,China,Asia Pacific,Health & Safety,48.61,87.03,3,2,1,39.5,3.25,0,0.0,78.71,Below Target,Near Compliant,Slightly Delayed,False
GOV-0001875,2023,4,April,Q2,2023-04-01,FAC-008,Shanghai Manufacturing,China,Asia Pacific,Human Rights,49.0,85.89,4,3,1,43.7,3.6,0,0.0,76.61,Below Target,Near Compliant,Slightly Delayed,False
GOV-0001876,2023,4,April,Q2,2023-04-01,FAC-008,Shanghai Manufacturing,China,Asia Pacific,Whistleblower,50.71,83.07,0,0,0,41.8,3.55,0,0.0,80.93,Below Target,Non-Compliant,Slightly Delayed,False
GOV-0001877,2023,4,April,Q2,2023-04-01,FAC-008,Shanghai Manufacturing,China,Asia Pacific,Code of Conduct,48.89,82.94,5,3,2,37.0,3.25,0,0.0,79.07,Below Target,Non-Compliant,Slightly Delayed,False
GOV-0001878,2023,4,April,Q2,2023-04-01,FAC-008,Shanghai Manufacturing,China,Asia Pacific,Conflict of Interest,46.37,84.98,1,0,1,46.6,3.46,0,0.0,81.05,Below Target,Non-Compliant,Significantly Delayed,False
GOV-0001879,2023,4,April,Q2,2023-04-01,FAC-008,Shanghai Manufacturing,China,Asia Pacific,Supplier Standards,49.52,83.94,2,1,1,46.8,3.21,0,0.0,75.92,Below Target,Non-Compliant,Significantly Delayed,False
GOV-0001880,2023,4,April,Q2,2023-04-01,FAC-008,Shanghai Manufacturing,China,Asia Pacific,Information Security,50.62,83.27,3,2,1,43.5,3.08,0,0.0,79.38,Below Target,Non-Compliant,Slightly Delayed,False
GOV-0001881,2023,4,April,Q2,2023-04-01,FAC-009,Bangalore Tech Centre,India,Asia Pacific,Anti-Corruption,49.69,83.47,1,0,1,43.5,3.49,0,0.0,76.94,Below Target,Non-Compliant,Slightly Delayed,False
GOV-0001882,2023,4,April,Q2,2023-04-01,FAC-009,Bangalore Tech Centre,India,Asia Pacific,Data Privacy,50.71,84.31,1,0,1,47.0,3.52,0,0.0,77.44,Below Target,Non-Compliant,Significantly Delayed,False
GOV-0001883,2023,4,April,Q2,2023-04-01,FAC-009,Bangalore Tech Centre,India,Asia Pacific,Environmental,51.03,84.06,2,1,1,46.5,3.25,0,0.0,80.49,Below Target,Non-Compliant,Significantly Delayed,False
GOV-0001884,2023,4,April,Q2,2023-04-01,FAC-009,Bangalore Tech Centre,India,Asia Pacific,Health & Safety,47.91,84.92,5,4,1,45.4,2.99,0,0.0,79.94,Below Target,Non-Compliant,Significantly Delayed,False
GOV-0001885,2023,4,April,Q2,2023-04-01,FAC-009,Bangalore Tech Centre,India,Asia Pacific,Human Rights,48.36,86.28,0,0,0,39.1,3.14,0,0.0,79.26,Below Target,Near Compliant,Slightly Delayed,False
GOV-0001886,2023,4,April,Q2,2023-04-01,FAC-009,Bangalore Tech Centre,India,Asia Pacific,Whistleblower,48.87,85.46,2,1,1,40.9,3.56,0,0.0,80.9,Below Target,Near Compliant,Slightly Delayed,False
GOV-0001887,2023,4,April,Q2,2023-04-01,FAC-009,Bangalore Tech Centre,India,Asia Pacific,Code of Conduct,47.64,87.34,4,3,1,40.5,3.21,0,0.0,75.55,Below Target,Near Compliant,Slightly Delayed,False
GOV-0001888,2023,4,April,Q2,2023-04-01,FAC-009,Bangalore Tech Centre,India,Asia Pacific,Conflict of Interest,50.5,82.12,0,0,0,47.5,3.17,0,0.0,80.45,Below Target,Non-Compliant,Significantly Delayed,False
GOV-0001889,2023,4,April,Q2,2023-04-01,FAC-009,Bangalore Tech Centre,India,Asia Pacific,Supplier Standards,51.89,84.68,1,0,1,49.5,3.15,0,0.0,77.51,Below Target,Non-Compliant,Significantly Delayed,False
GOV-0001890,2023,4,April,Q2,2023-04-01,FAC-009,Bangalore Tech Centre,India,Asia Pacific,Information Security,50.09,87.05,3,1,2,41.6,3.04,0,0.0,79.35,Below Target,Near Compliant,Slightly Delayed,False
GOV-0001891,2023,4,April,Q2,2023-04-01,FAC-010,Singapore Distribution,Singapore,Asia Pacific,Anti-Corruption,50.08,83.84,2,1,1,44.7,3.0,0,0.0,77.3,Below Target,Non-Compliant,Slightly Delayed,False
GOV-0001892,2023,4,April,Q2,2023-04-01,FAC-010,Singapore Distribution,Singapore,Asia Pacific,Data Privacy,51.25,83.28,2,1,1,45.4,3.36,0,0.0,76.82,Below Target,Non-Compliant,Significantly Delayed,False
GOV-0001893,2023,4,April,Q2,2023-04-01,FAC-010,Singapore Distribution,Singapore,Asia Pacific,Environmental,52.58,86.39,4,3,1,43.8,3.28,0,89492.26,79.06,Below Target,Near Compliant,Slightly Delayed,True
GOV-0001894,2023,4,April,Q2,2023-04-01,FAC-010,Singapore Distribution,Singapore,Asia Pacific,Health & Safety,46.96,85.15,5,3,2,44.5,3.17,0,0.0,79.33,Below Target,Near Compliant,Slightly Delayed,False
GOV-0001895,2023,4,April,Q2,2023-04-01,FAC-010,Singapore Distribution,Singapore,Asia Pacific,Human Rights,49.59,84.62,0,0,0,44.5,3.27,0,0.0,78.08,Below Target,Non-Compliant,Slightly Delayed,False
GOV-0001896,2023,4,April,Q2,2023-04-01,FAC-010,Singapore Distribution,Singapore,Asia Pacific,Whistleblower,52.21,86.71,2,1,1,46.5,3.74,0,0.0,79.37,Below Target,Near Compliant,Significantly Delayed,False
GOV-0001897,2023,4,April,Q2,2023-04-01,FAC-010,Singapore Distribution,Singapore,Asia Pacific,Code of Conduct,49.04,85.31,4,3,1,41.9,3.59,0,0.0,77.98,Below Target,Near Compliant,Slightly Delayed,False
GOV-0001898,2023,4,April,Q2,2023-04-01,FAC-010,Singapore Distribution,Singapore,Asia Pacific,Conflict of Interest,51.04,86.54,2,1,1,44.0,3.37,0,0.0,77.65,Below Target,Near Compliant,Slightly Delayed,False
GOV-0001899,2023,4,April,Q2,2023-04-01,FAC-010,Singapore Distribution,Singapore,Asia Pacific,Supplier Standards,46.43,82.57,2,1,1,43.9,3.68,0,0.0,79.22,Below Target,Non-Compliant,Slightly Delayed,False
GOV-0001900,2023,4,April,Q2,2023-04-01,FAC-010,Singapore Distribution,Singapore,Asia Pacific,Information Security,50.57,85.23,4,3,1,44.6,3.1,0,0.0,81.52,Below Target,Near Compliant,Slightly Delayed,False
GOV-0001901,2023,4,April,Q2,2023-04-01,FAC-011,Monterrey Plant,Mexico,Latin America,Anti-Corruption,51.51,83.73,1,0,1,52.1,3.01,0,0.0,79.73,Below Target,Non-Compliant,Significantly Delayed,False
GOV-0001902,2023,4,April,Q2,2023-04-01,FAC-011,Monterrey Plant,Mexico,Latin America,Data Privacy,50.82,85.65,1,0,1,43.5,3.33,0,0.0,76.88,Below Target,Near Compliant,Slightly Delayed,False
GOV-0001903,2023,4,April,Q2,2023-04-01,FAC-011,Monterrey Plant,Mexico,Latin America,Environmental,52.78,84.69,0,0,0,41.4,3.08,0,0.0,82.39,Below Target,Non-Compliant,Slightly Delayed,False
GOV-0001904,2023,4,April,Q2,2023-04-01,FAC-011,Monterrey Plant,Mexico,Latin America,Health & Safety,51.55,84.43,1,0,1,35.9,3.3,0,0.0,80.49,Below Target,Non-Compliant,Slightly Delayed,False
GOV-0001905,2023,4,April,Q2,2023-04-01,FAC-011,Monterrey Plant,Mexico,Latin America,Human Rights,48.3,84.37,2,1,1,46.7,3.18,0,0.0,77.0,Below Target,Non-Compliant,Significantly Delayed,False
GOV-0001906,2023,4,April,Q2,2023-04-01,FAC-011,Monterrey Plant,Mexico,Latin America,Whistleblower,49.11,84.89,2,1,1,45.4,3.32,0,0.0,80.94,Below Target,Non-Compliant,Significantly Delayed,False
GOV-0001907,2023,4,April,Q2,2023-04-01,FAC-011,Monterrey Plant,Mexico,Latin America,Code of Conduct,49.96,81.73,0,0,0,43.0,3.37,0,0.0,76.92,Below Target,Non-Compliant,Slightly Delayed,False
GOV-0001908,2023,4,April,Q2,2023-04-01,FAC-011,Monterrey Plant,Mexico,Latin America,Conflict of Interest,44.89,84.45,0,0,0,48.8,2.81,0,0.0,78.51,Below Target,Non-Compliant,Significantly Delayed,False
GOV-0001909,2023,4,April,Q2,2023-04-01,FAC-011,Monterrey Plant,Mexico,Latin America,Supplier Standards,51.15,84.58,4,3,1,43.8,3.56,0,0.0,80.0,Below Target,Non-Compliant,Slightly Delayed,False
GOV-0001910,2023,4,April,Q2,2023-04-01,FAC-011,Monterrey Plant,Mexico,Latin America,Information Security,48.31,81.06,5,3,2,40.9,2.95,0,0.0,80.48,Below Target,Non-Compliant,Slightly Delayed,False
GOV-0001911,2023,4,April,Q2,2023-04-01,FAC-012,Sao Paulo Operations,Brazil,Latin America,Anti-Corruption,49.74,84.96,0,0,0,36.6,3.29,0,0.0,78.38,Below Target,Non-Compliant,Slightly Delayed,False
GOV-0001912,2023,4,April,Q2,2023-04-01,FAC-012,Sao Paulo Operations,Brazil,Latin America,Data Privacy,47.9,85.64,0,0,0,44.4,3.32,0,0.0,77.54,Below Target,Near Compliant,Slightly Delayed,False
GOV-0001913,2023,4,April,Q2,2023-04-01,FAC-012,Sao Paulo Operations,Brazil,Latin America,Environmental,49.46,83.78,3,2,1,43.8,3.35,0,0.0,78.76,Below Target,Non-Compliant,Slightly Delayed,False
GOV-0001914,2023,4,April,Q2,2023-04-01,FAC-012,Sao Paulo Operations,Brazil,Latin America,Health & Safety,49.91,84.93,3,2,1,41.1,3.37,0,0.0,78.81,Below Target,Non-Compliant,Slightly Delayed,False
GOV-0001915,2023,4,April,Q2,2023-04-01,FAC-012,Sao Paulo Operations,Brazil,Latin America,Human Rights,48.94,82.36,1,0,1,39.9,2.7,0,0.0,79.82,Below Target,Non-Compliant,Slightly Delayed,False
GOV-0001916,2023,4,April,Q2,2023-04-01,FAC-012,Sao Paulo Operations,Brazil,Latin America,Whistleblower,51.65,84.23,5,4,1,41.1,3.23,0,0.0,77.05,Below Target,Non-Compliant,Slightly Delayed,False
GOV-0001917,2023,4,April,Q2,2023-04-01,FAC-012,Sao Paulo Operations,Brazil,Latin America,Code of Conduct,51.36,86.27,2,1,1,46.6,3.16,0,0.0,77.54,Below Target,Near Compliant,Significantly Delayed,False
GOV-0001918,2023,4,April,Q2,2023-04-01,FAC-012,Sao Paulo Operations,Brazil,Latin America,Conflict of Interest,51.84,88.25,5,3,2,49.6,3.58,0,0.0,79.76,Below Target,Near Compliant,Significantly Delayed,False
GOV-0001919,2023,4,April,Q2,2023-04-01,FAC-012,Sao Paulo Operations,Brazil,Latin America,Supplier Standards,49.12,80.66,5,3,2,48.2,3.32,0,0.0,80.54,Below Target,Non-Compliant,Significantly Delayed,False
GOV-0001920,2023,4,April,Q2,2023-04-01,FAC-012,Sao Paulo Operations,Brazil,Latin America,Information Security,46.46,83.97,5,3,2,45.9,3.54,0,0.0,81.54,Below Target,Non-Compliant,Significantly Delayed,False
GOV-0001921,2023,5,May,Q2,2023-05-01,FAC-001,Chicago Main Plant,USA,North America,Anti-Corruption,50.88,84.22,2,1,1,47.0,3.87,0,0.0,78.69,Below Target,Non-Compliant,Significantly Delayed,False
GOV-0001922,2023,5,May,Q2,2023-05-01,FAC-001,Chicago Main Plant,USA,North America,Data Privacy,49.95,85.09,4,3,1,43.9,3.3,0,0.0,76.54,Below Target,Near Compliant,Slightly Delayed,False
GOV-0001923,2023,5,May,Q2,2023-05-01,FAC-001,Chicago Main Plant,USA,North America,Environmental,50.25,81.78,1,0,1,43.0,3.41,0,0.0,76.77,Below Target,Non-Compliant,Slightly Delayed,False
GOV-0001924,2023,5,May,Q2,2023-05-01,FAC-001,Chicago Main Plant,USA,North America,Health & Safety,49.57,85.55,5,3,2,40.9,3.41,0,0.0,78.51,Below Target,Near Compliant,Slightly Delayed,False
GOV-0001925,2023,5,May,Q2,2023-05-01,FAC-001,Chicago Main Plant,USA,North America,Human Rights,49.04,87.45,0,0,0,38.5,3.76,0,0.0,75.31,Below Target,Near Compliant,Slightly Delayed,False
GOV-0001926,2023,5,May,Q2,2023-05-01,FAC-001,Chicago Main Plant,USA,North America,Whistleblower,49.26,84.63,1,0,1,44.8,3.4,0,0.0,81.82,Below Target,Non-Compliant,Slightly Delayed,False
GOV-0001927,2023,5,May,Q2,2023-05-01,FAC-001,Chicago Main Plant,USA,North America,Code of Conduct,49.86,83.7,1,0,1,46.1,3.17,0,8910.24,79.42,Below Target,Non-Compliant,Significantly Delayed,True
GOV-0001928,2023,5,May,Q2,2023-05-01,FAC-001,Chicago Main Plant,USA,North America,Conflict of Interest,47.55,88.28,0,0,0,42.2,3.38,0,0.0,79.19,Below Target,Near Compliant,Slightly Delayed,False
GOV-0001929,2023,5,May,Q2,2023-05-01,FAC-001,Chicago Main Plant,USA,North America,Supplier Standards,47.76,85.31,4,3,1,44.9,3.36,0,0.0,78.61,Below Target,Near Compliant,Slightly Delayed,False
GOV-0001930,2023,5,May,Q2,2023-05-01,FAC-001,Chicago Main Plant,USA,North America,Information Security,47.91,83.44,1,0,1,45.4,2.96,0,0.0,77.69,Below Target,Non-Compliant,Significantly Delayed,False
GOV-0001931,2023,5,May,Q2,2023-05-01,FAC-002,Detroit Assembly,USA,North America,Anti-Corruption,48.57,84.87,1,0,1,49.9,3.49,0,0.0,81.04,Below Target,Non-Compliant,Significantly Delayed,False
GOV-0001932,2023,5,May,Q2,2023-05-01,FAC-002,Detroit Assembly,USA,North America,Data Privacy,49.36,86.47,5,3,2,43.9,3.08,0,0.0,79.66,Below Target,Near Compliant,Slightly Delayed,False
GOV-0001933,2023,5,May,Q2,2023-05-01,FAC-002,Detroit Assembly,USA,North America,Environmental,51.44,85.7,1,0,1,46.9,3.27,0,0.0,80.67,Below Target,Near Compliant,Significantly Delayed,False
GOV-0001934,2023,5,May,Q2,2023-05-01,FAC-002,Detroit Assembly,USA,North America,Health & Safety,49.78,82.06,3,2,1,44.1,3.86,0,0.0,78.36,Below Target,Non-Compliant,Slightly Delayed,False
GOV-0001935,2023,5,May,Q2,2023-05-01,FAC-002,Detroit Assembly,USA,North America,Human Rights,50.97,86.08,1,0,1,42.1,3.6,0,0.0,80.96,Below Target,Near Compliant,Slightly Delayed,False
GOV-0001936,2023,5,May,Q2,2023-05-01,FAC-002,Detroit Assembly,USA,North America,Whistleblower,45.86,83.78,0,0,0,45.0,3.6,0,0.0,79.41,Below Target,Non-Compliant,Slightly Delayed,False
GOV-0001937,2023,5,May,Q2,2023-05-01,FAC-002,Detroit Assembly,USA,North America,Code of Conduct,47.82,82.84,0,0,0,44.2,3.05,0,0.0,79.41,Below Target,Non-Compliant,Slightly Delayed,False
GOV-0001938,2023,5,May,Q2,2023-05-01,FAC-002,Detroit Assembly,USA,North America,Conflict of Interest,50.83,86.16,0,0,0,49.8,3.09,0,0.0,78.95,Below Target,Near Compliant,Significantly Delayed,False
GOV-0001939,2023,5,May,Q2,2023-05-01,FAC-002,Detroit Assembly,USA,North America,Supplier Standards,49.15,84.65,2,1,1,46.7,3.42,0,0.0,81.38,Below Target,Non-Compliant,Significantly Delayed,False
GOV-0001940,2023,5,May,Q2,2023-05-01,FAC-002,Detroit Assembly,USA,North America,Information Security,49.54,86.44,2,1,1,45.3,2.84,0,0.0,76.47,Below Target,Near Compliant,Significantly Delayed,False
GOV-0001941,2023,5,May,Q2,2023-05-01,FAC-003,Toronto Operations,Canada,North America,Anti-Corruption,51.92,85.94,5,4,1,42.5,3.45,0,0.0,77.75,Below Target,Near Compliant,Slightly Delayed,False
GOV-0001942,2023,5,May,Q2,2023-05-01,FAC-003,Toronto Operations,Canada,North America,Data Privacy,48.58,86.64,3,2,1,47.4,3.56,0,0.0,78.72,Below Target,Near Compliant,Significantly Delayed,False
GOV-0001943,2023,5,May,Q2,2023-05-01,FAC-003,Toronto Operations,Canada,North America,Environmental,48.03,84.36,1,0,1,47.0,3.18,0,0.0,77.62,Below Target,Non-Compliant,Significantly Delayed,False
GOV-0001944,2023,5,May,Q2,2023-05-01,FAC-003,Toronto Operations,Canada,North America,Health & Safety,47.81,83.43,3,2,1,47.3,3.35,0,0.0,79.49,Below Target,Non-Compliant,Significantly Delayed,False
GOV-0001945,2023,5,May,Q2,2023-05-01,FAC-003,Toronto Operations,Canada,North America,Human Rights,49.91,82.73,2,1,1,41.8,3.14,0,0.0,77.75,Below Target,Non-Compliant,Slightly Delayed,False
GOV-0001946,2023,5,May,Q2,2023-05-01,FAC-003,Toronto Operations,Canada,North America,Whistleblower,53.5,86.31,1,0,1,38.2,3.56,0,0.0,77.85,Below Target,Near Compliant,Slightly Delayed,False
GOV-0001947,2023,5,May,Q2,2023-05-01,FAC-003,Toronto Operations,Canada,North America,Code of Conduct,50.36,85.87,3,2,1,39.3,2.96,0,0.0,77.55,Below Target,Near Compliant,Slightly Delayed,False
GOV-0001948,2023,5,May,Q2,2023-05-01,FAC-003,Toronto Operations,Canada,North America,Conflict of Interest,49.64,84.94,1,0,1,43.2,3.32,1,0.0,80.3,Below Target,Non-Compliant,Slightly Delayed,False
GOV-0001949,2023,5,May,Q2,2023-05-01,FAC-003,Toronto Operations,Canada,North America,Supplier Standards,48.04,84.58,5,3,2,45.4,3.63,0,0.0,81.4,Below Target,Non-Compliant,Significantly Delayed,False
GOV-0001950,2023,5,May,Q2,2023-05-01,FAC-003,Toronto Operations,Canada,North America,Information Security,50.89,83.76,5,4,1,44.8,3.41,0,0.0,78.69,Below Target,Non-Compliant,Slightly Delayed,False
GOV-0001951,2023,5,May,Q2,2023-05-01,FAC-004,Munich Precision Works,Germany,Europe,Anti-Corruption,47.07,87.74,3,1,2,44.8,2.68,0,0.0,76.01,Below Target,Near Compliant,Slightly Delayed,False
GOV-0001952,2023,5,May,Q2,2023-05-01,FAC-004,Munich Precision Works,Germany,Europe,Data Privacy,52.2,85.04,5,4,1,47.2,3.17,0,0.0,80.16,Below Target,Near Compliant,Significantly Delayed,False
GOV-0001953,2023,5,May,Q2,2023-05-01,FAC-004,Munich Precision Works,Germany,Europe,Environmental,50.72,84.84,1,0,1,43.0,3.23,0,0.0,79.78,Below Target,Non-Compliant,Slightly Delayed,False
GOV-0001954,2023,5,May,Q2,2023-05-01,FAC-004,Munich Precision Works,Germany,Europe,Health & Safety,51.44,85.21,3,2,1,46.6,3.56,0,0.0,79.72,Below Target,Near Compliant,Significantly Delayed,False
GOV-0001955,2023,5,May,Q2,2023-05-01,FAC-004,Munich Precision Works,Germany,Europe,Human Rights,48.92,83.74,4,3,1,41.9,3.52,0,0.0,79.21,Below Target,Non-Compliant,Slightly Delayed,False
GOV-0001956,2023,5,May,Q2,2023-05-01,FAC-004,Munich Precision Works,Germany,Europe,Whistleblower,52.26,85.03,2,1,1,47.3,3.44,0,0.0,79.21,Below Target,Near Compliant,Significantly Delayed,False
GOV-0001957,2023,5,May,Q2,2023-05-01,FAC-004,Munich Precision Works,Germany,Europe,Code of Conduct,50.52,83.67,2,1,1,49.0,3.55,0,0.0,77.12,Below Target,Non-Compliant,Significantly Delayed,False
GOV-0001958,2023,5,May,Q2,2023-05-01,FAC-004,Munich Precision Works,Germany,Europe,Conflict of Interest,48.47,86.18,4,2,2,39.2,3.14,0,0.0,81.35,Below Target,Near Compliant,Slightly Delayed,False
GOV-0001959,2023,5,May,Q2,2023-05-01,FAC-004,Munich Precision Works,Germany,Europe,Supplier Standards,49.51,87.18,2,1,1,41.2,3.24,0,0.0,75.89,Below Target,Near Compliant,Slightly Delayed,False
GOV-0001960,2023,5,May,Q2,2023-05-01,FAC-004,Munich Precision Works,Germany,Europe,Information Security,48.24,84.3,3,2,1,35.8,3.26,0,0.0,79.25,Below Target,Non-Compliant,Slightly Delayed,False
GOV-0001961,2023,5,May,Q2,2023-05-01,FAC-005,Stuttgart Engineering,Germany,Europe,Anti-Corruption,52.47,87.17,4,3,1,42.4,3.42,0,0.0,79.21,Below Target,Near Compliant,Slightly Delayed,False
GOV-0001962,2023,5,May,Q2,2023-05-01,FAC-005,Stuttgart Engineering,Germany,Europe,Data Privacy,48.29,82.46,4,3,1,47.9,3.31,0,0.0,82.49,Below Target,Non-Compliant,Significantly Delayed,False
GOV-0001963,2023,5,May,Q2,2023-05-01,FAC-005,Stuttgart Engineering,Germany,Europe,Environmental,46.14,82.44,3,2,1,42.5,3.49,0,0.0,78.32,Below Target,Non-Compliant,Slightly Delayed,False
GOV-0001964,2023,5,May,Q2,2023-05-01,FAC-005,Stuttgart Engineering,Germany,Europe,Health & Safety,50.4,83.35,2,1,1,42.8,3.28,0,0.0,79.0,Below Target,Non-Compliant,Slightly Delayed,False
GOV-0001965,2023,5,May,Q2,2023-05-01,FAC-005,Stuttgart Engineering,Germany,Europe,Human Rights,50.12,83.66,2,1,1,42.8,3.3,0,0.0,77.87,Below Target,Non-Compliant,Slightly Delayed,False
GOV-0001966,2023,5,May,Q2,2023-05-01,FAC-005,Stuttgart Engineering,Germany,Europe,Whistleblower,47.42,82.61,1,0,1,42.6,3.31,0,0.0,79.25,Below Target,Non-Compliant,Slightly Delayed,False
GOV-0001967,2023,5,May,Q2,2023-05-01,FAC-005,Stuttgart Engineering,Germany,Europe,Code of Conduct,51.1,86.24,3,2,1,47.3,3.41,0,0.0,77.35,Below Target,Near Compliant,Significantly Delayed,False
GOV-0001968,2023,5,May,Q2,2023-05-01,FAC-005,Stuttgart Engineering,Germany,Europe,Conflict of Interest,50.11,82.45,2,1,1,45.6,3.0,0,0.0,82.19,Below Target,Non-Compliant,Significantly Delayed,False
GOV-0001969,2023,5,May,Q2,2023-05-01,FAC-005,Stuttgart Engineering,Germany,Europe,Supplier Standards,51.04,85.94,0,0,0,46.5,3.01,0,0.0,80.12,Below Target,Near Compliant,Significantly Delayed,False
GOV-0001970,2023,5,May,Q2,2023-05-01,FAC-005,Stuttgart Engineering,Germany,Europe,Information Security,51.66,85.74,3,2,1,45.2,3.14,0,0.0,80.29,Below Target,Near Compliant,Significantly Delayed,False
GOV-0001971,2023,5,May,Q2,2023-05-01,FAC-006,Rotterdam Hub,Netherlands,Europe,Anti-Corruption,49.24,83.17,0,0,0,43.2,3.12,0,0.0,77.33,Below Target,Non-Compliant,Slightly Delayed,False
GOV-0001972,2023,5,May,Q2,2023-05-01,FAC-006,Rotterdam Hub,Netherlands,Europe,Data Privacy,49.8,88.96,5,3,2,43.9,3.19,0,0.0,79.46,Below Target,Near Compliant,Slightly Delayed,False
GOV-0001973,2023,5,May,Q2,2023-05-01,FAC-006,Rotterdam Hub,Netherlands,Europe,Environmental,50.55,83.63,1,0,1,40.5,3.18,0,0.0,82.65,Below Target,Non-Compliant,Slightly Delayed,False
GOV-0001974,2023,5,May,Q2,2023-05-01,FAC-006,Rotterdam Hub,Netherlands,Europe,Health & Safety,47.73,82.61,4,3,1,44.0,3.28,0,0.0,83.22,Below Target,Non-Compliant,Slightly Delayed,False
GOV-0001975,2023,5,May,Q2,2023-05-01,FAC-006,Rotterdam Hub,Netherlands,Europe,Human Rights,50.24,84.07,3,2,1,46.7,3.03,0,0.0,77.64,Below Target,Non-Compliant,Significantly Delayed,False
GOV-0001976,2023,5,May,Q2,2023-05-01,FAC-006,Rotterdam Hub,Netherlands,Europe,Whistleblower,48.23,85.29,3,2,1,41.8,2.92,0,0.0,78.1,Below Target,Near Compliant,Slightly Delayed,False
GOV-0001977,2023,5,May,Q2,2023-05-01,FAC-006,Rotterdam Hub,Netherlands,Europe,Code of Conduct,46.04,83.54,3,1,2,42.6,3.21,0,0.0,79.55,Below Target,Non-Compliant,Slightly Delayed,False
GOV-0001978,2023,5,May,Q2,2023-05-01,FAC-006,Rotterdam Hub,Netherlands,Europe,Conflict of Interest,47.99,84.2,4,2,2,44.8,3.49,0,0.0,79.99,Below Target,Non-Compliant,Slightly Delayed,False
GOV-0001979,2023,5,May,Q2,2023-05-01,FAC-006,Rotterdam Hub,Netherlands,Europe,Supplier Standards,50.49,85.05,2,1,1,47.6,2.91,0,0.0,81.09,Below Target,Near Compliant,Significantly Delayed,False
GOV-0001980,2023,5,May,Q2,2023-05-01,FAC-006,Rotterdam Hub,Netherlands,Europe,Information Security,49.55,83.94,3,2,1,37.7,3.18,0,0.0,80.78,Below Target,Non-Compliant,Slightly Delayed,False
GOV-0001981,2023,5,May,Q2,2023-05-01,FAC-007,Lyon Components,France,Europe,Anti-Corruption,50.06,83.71,5,4,1,46.6,3.09,0,0.0,80.53,Below Target,Non-Compliant,Significantly Delayed,False
GOV-0001982,2023,5,May,Q2,2023-05-01,FAC-007,Lyon Components,France,Europe,Data Privacy,51.13,86.31,4,3,1,44.9,3.26,0,0.0,80.1,Below Target,Near Compliant,Slightly Delayed,False
GOV-0001983,2023,5,May,Q2,2023-05-01,FAC-007,Lyon Components,France,Europe,Environmental,45.15,85.6,3,2,1,37.4,3.27,0,0.0,77.39,Below Target,Near Compliant,Slightly Delayed,False
GOV-0001984,2023,5,May,Q2,2023-05-01,FAC-007,Lyon Components,France,Europe,Health & Safety,49.08,86.6,3,2,1,41.3,3.29,0,0.0,80.1,Below Target,Near Compliant,Slightly Delayed,False
GOV-0001985,2023,5,May,Q2,2023-05-01,FAC-007,Lyon Components,France,Europe,Human Rights,46.2,83.53,0,0,0,45.3,3.39,0,0.0,79.5,Below Target,Non-Compliant,Significantly Delayed,False
GOV-0001986,2023,5,May,Q2,2023-05-01,FAC-007,Lyon Components,France,Europe,Whistleblower,49.93,84.89,3,2,1,43.1,3.19,0,0.0,80.14,Below Target,Non-Compliant,Slightly Delayed,False
GOV-0001987,2023,5,May,Q2,2023-05-01,FAC-007,Lyon Components,France,Europe,Code of Conduct,49.48,84.95,1,0,1,37.9,3.19,0,0.0,82.65,Below Target,Non-Compliant,Slightly Delayed,False
GOV-0001988,2023,5,May,Q2,2023-05-01,FAC-007,Lyon Components,France,Europe,Conflict of Interest,48.84,84.55,2,1,1,41.1,3.2,0,0.0,79.04,Below Target,Non-Compliant,Slightly Delayed,False
GOV-0001989,2023,5,May,Q2,2023-05-01,FAC-007,Lyon Components,France,Europe,Supplier Standards,50.06,84.37,4,3,1,47.2,3.35,0,0.0,78.92,Below Target,Non-Compliant,Significantly Delayed,False
GOV-0001990,2023,5,May,Q2,2023-05-01,FAC-007,Lyon Components,France,Europe,Information Security,48.02,84.4,3,2,1,45.0,3.28,0,0.0,77.2,Below Target,Non-Compliant,Slightly Delayed,False
GOV-0001991,2023,5,May,Q2,2023-05-01,FAC-008,Shanghai Manufacturing,China,Asia Pacific,Anti-Corruption,49.9,85.16,0,0,0,47.4,3.26,0,0.0,79.06,Below Target,Near Compliant,Significantly Delayed,False
GOV-0001992,2023,5,May,Q2,2023-05-01,FAC-008,Shanghai Manufacturing,China,Asia Pacific,Data Privacy,45.15,85.15,0,0,0,43.8,3.08,0,0.0,78.02,Below Target,Near Compliant,Slightly Delayed,False
GOV-0001993,2023,5,May,Q2,2023-05-01,FAC-008,Shanghai Manufacturing,China,Asia Pacific,Environmental,47.95,83.49,0,0,0,45.1,3.06,0,0.0,78.02,Below Target,Non-Compliant,Significantly Delayed,False
GOV-0001994,2023,5,May,Q2,2023-05-01,FAC-008,Shanghai Manufacturing,China,Asia Pacific,Health & Safety,50.6,82.99,3,2,1,46.8,3.23,0,0.0,79.95,Below Target,Non-Compliant,Significantly Delayed,False
GOV-0001995,2023,5,May,Q2,2023-05-01,FAC-008,Shanghai Manufacturing,China,Asia Pacific,Human Rights,50.93,86.32,2,1,1,44.9,3.3,0,0.0,79.93,Below Target,Near Compliant,Slightly Delayed,False
GOV-0001996,2023,5,May,Q2,2023-05-01,FAC-008,Shanghai Manufacturing,China,Asia Pacific,Whistleblower,46.7,83.73,0,0,0,46.5,2.99,0,0.0,80.72,Below Target,Non-Compliant,Significantly Delayed,False
GOV-0001997,2023,5,May,Q2,2023-05-01,FAC-008,Shanghai Manufacturing,China,Asia Pacific,Code of Conduct,47.29,87.04,3,2,1,49.6,3.52,0,0.0,80.53,Below Target,Near Compliant,Significantly Delayed,False
GOV-0001998,2023,5,May,Q2,2023-05-01,FAC-008,Shanghai Manufacturing,China,Asia Pacific,Conflict of Interest,50.61,83.25,0,0,0,47.2,3.5,0,0.0,81.06,Below Target,Non-Compliant,Significantly Delayed,False
GOV-0001999,2023,5,May,Q2,2023-05-01,FAC-008,Shanghai Manufacturing,China,Asia Pacific,Supplier Standards,51.09,83.83,3,1,2,43.8,2.89,0,111343.43,79.19,Below Target,Non-Compliant,Slightly Delayed,True
GOV-0002000,2023,5,May,Q2,2023-05-01,FAC-008,Shanghai Manufacturing,China,Asia Pacific,Information Security,47.43,86.64,0,0,0,49.7,3.21,0,0.0,79.93,Below Target,Near Compliant,Significantly Delayed,False
GOV-0002001,2023,5,May,Q2,2023-05-01,FAC-009,Bangalore Tech Centre,India,Asia Pacific,Anti-Corruption,52.07,85.7,3,2,1,42.7,3.22,0,0.0,77.88,Below Target,Near Compliant,Slightly Delayed,False
GOV-0002002,2023,5,May,Q2,2023-05-01,FAC-009,Bangalore Tech Centre,India,Asia Pacific,Data Privacy,49.0,86.77,5,4,1,46.0,3.35,0,0.0,78.11,Below Target,Near Compliant,Significantly Delayed,False
GOV-0002003,2023,5,May,Q2,2023-05-01,FAC-009,Bangalore Tech Centre,India,Asia Pacific,Environmental,53.01,83.96,2,1,1,43.1,3.61,0,0.0,79.31,Below Target,Non-Compliant,Slightly Delayed,False
GOV-0002004,2023,5,May,Q2,2023-05-01,FAC-009,Bangalore Tech Centre,India,Asia Pacific,Health & Safety,52.01,83.59,0,0,0,49.4,3.03,0,0.0,79.76,Below Target,Non-Compliant,Significantly Delayed,False
GOV-0002005,2023,5,May,Q2,2023-05-01,FAC-009,Bangalore Tech Centre,India,Asia Pacific,Human Rights,50.11,86.85,4,3,1,45.5,3.27,0,0.0,81.26,Below Target,Near Compliant,Significantly Delayed,False
GOV-0002006,2023,5,May,Q2,2023-05-01,FAC-009,Bangalore Tech Centre,India,Asia Pacific,Whistleblower,48.72,86.1,1,0,1,49.3,3.03,0,0.0,80.11,Below Target,Near Compliant,Significantly Delayed,False
GOV-0002007,2023,5,May,Q2,2023-05-01,FAC-009,Bangalore Tech Centre,India,Asia Pacific,Code of Conduct,48.89,85.71,3,2,1,44.4,3.11,0,0.0,82.03,Below Target,Near Compliant,Slightly Delayed,False
GOV-0002008,2023,5,May,Q2,2023-05-01,FAC-009,Bangalore Tech Centre,India,Asia Pacific,Conflict of Interest,49.7,85.53,2,1,1,46.6,3.45,0,0.0,78.89,Below Target,Near Compliant,Significantly Delayed,False
GOV-0002009,2023,5,May,Q2,2023-05-01,FAC-009,Bangalore Tech Centre,India,Asia Pacific,Supplier Standards,49.1,87.1,3,2,1,41.2,3.29,0,0.0,78.7,Below Target,Near Compliant,Slightly Delayed,False
GOV-0002010,2023,5,May,Q2,2023-05-01,FAC-009,Bangalore Tech Centre,India,Asia Pacific,Information Security,52.0,88.15,5,4,1,37.6,3.22,0,112846.12,80.4,Below Target,Near Compliant,Slightly Delayed,True
GOV-0002011,2023,5,May,Q2,2023-05-01,FAC-010,Singapore Distribution,Singapore,Asia Pacific,Anti-Corruption,48.83,83.87,1,0,1,45.5,3.04,0,0.0,79.07,Below Target,Non-Compliant,Significantly Delayed,False
GOV-0002012,2023,5,May,Q2,2023-05-01,FAC-010,Singapore Distribution,Singapore,Asia Pacific,Data Privacy,50.63,87.98,3,2,1,42.2,3.46,0,0.0,81.22,Below Target,Near Compliant,Slightly Delayed,False
GOV-0002013,2023,5,May,Q2,2023-05-01,FAC-010,Singapore Distribution,Singapore,Asia Pacific,Environmental,48.07,85.19,3,2,1,44.6,3.72,0,0.0,78.3,Below Target,Near Compliant,Slightly Delayed,False
GOV-0002014,2023,5,May,Q2,2023-05-01,FAC-010,Singapore Distribution,Singapore,Asia Pacific,Health & Safety,46.93,84.16,3,2,1,42.7,3.22,0,0.0,81.8,Below Target,Non-Compliant,Slightly Delayed,False
GOV-0002015,2023,5,May,Q2,2023-05-01,FAC-010,Singapore Distribution,Singapore,Asia Pacific,Human Rights,51.08,84.41,0,0,0,43.1,3.19,0,0.0,76.39,Below Target,Non-Compliant,Slightly Delayed,False
GOV-0002016,2023,5,May,Q2,2023-05-01,FAC-010,Singapore Distribution,Singapore,Asia Pacific,Whistleblower,50.89,82.14,4,2,2,44.0,3.25,0,0.0,78.76,Below Target,Non-Compliant,Slightly Delayed,False
GOV-0002017,2023,5,May,Q2,2023-05-01,FAC-010,Singapore Distribution,Singapore,Asia Pacific,Code of Conduct,46.61,85.65,2,1,1,47.7,3.39,0,0.0,80.93,Below Target,Near Compliant,Significantly Delayed,False
GOV-0002018,2023,5,May,Q2,2023-05-01,FAC-010,Singapore Distribution,Singapore,Asia Pacific,Conflict of Interest,49.01,85.59,3,2,1,44.2,2.96,0,0.0,79.01,Below Target,Near Compliant,Slightly Delayed,False
GOV-0002019,2023,5,May,Q2,2023-05-01,FAC-010,Singapore Distribution,Singapore,Asia Pacific,Supplier Standards,46.56,84.56,1,0,1,45.4,3.4,0,0.0,79.11,Below Target,Non-Compliant,Significantly Delayed,False
GOV-0002020,2023,5,May,Q2,2023-05-01,FAC-010,Singapore Distribution,Singapore,Asia Pacific,Information Security,48.24,85.76,3,2,1,45.2,3.57,0,0.0,78.58,Below Target,Near Compliant,Significantly Delayed,False
GOV-0002021,2023,5,May,Q2,2023-05-01,FAC-011,Monterrey Plant,Mexico,Latin America,Anti-Corruption,49.69,85.87,1,0,1,39.6,2.88,0,0.0,78.84,Below Target,Near Compliant,Slightly Delayed,False
GOV-0002022,2023,5,May,Q2,2023-05-01,FAC-011,Monterrey Plant,Mexico,Latin America,Data Privacy,48.96,87.3,5,3,2,40.4,3.08,0,0.0,81.34,Below Target,Near Compliant,Slightly Delayed,False
GOV-0002023,2023,5,May,Q2,2023-05-01,FAC-011,Monterrey Plant,Mexico,Latin America,Environmental,47.63,83.13,2,1,1,46.3,3.02,0,0.0,78.9,Below Target,Non-Compliant,Significantly Delayed,False
GOV-0002024,2023,5,May,Q2,2023-05-01,FAC-011,Monterrey Plant,Mexico,Latin America,Health & Safety,47.35,83.52,4,3,1,45.5,3.11,0,0.0,78.79,Below Target,Non-Compliant,Significantly Delayed,False
GOV-0002025,2023,5,May,Q2,2023-05-01,FAC-011,Monterrey Plant,Mexico,Latin America,Human Rights,47.4,83.43,1,0,1,42.1,3.35,0,0.0,79.23,Below Target,Non-Compliant,Slightly Delayed,False
GOV-0002026,2023,5,May,Q2,2023-05-01,FAC-011,Monterrey Plant,Mexico,Latin America,Whistleblower,47.09,87.35,5,3,2,47.3,3.19,0,0.0,79.87,Below Target,Near Compliant,Significantly Delayed,False
GOV-0002027,2023,5,May,Q2,2023-05-01,FAC-011,Monterrey Plant,Mexico,Latin America,Code of Conduct,47.62,82.38,3,2,1,46.7,3.06,0,0.0,79.82,Below Target,Non-Compliant,Significantly Delayed,False
GOV-0002028,2023,5,May,Q2,2023-05-01,FAC-011,Monterrey Plant,Mexico,Latin America,Conflict of Interest,48.97,84.4,4,3,1,41.4,3.29,0,0.0,79.08,Below Target,Non-Compliant,Slightly Delayed,False
GOV-0002029,2023,5,May,Q2,2023-05-01,FAC-011,Monterrey Plant,Mexico,Latin America,Supplier Standards,48.64,85.33,4,3,1,47.6,2.9,0,0.0,81.86,Below Target,Near Compliant,Significantly Delayed,False
GOV-0002030,2023,5,May,Q2,2023-05-01,FAC-011,Monterrey Plant,Mexico,Latin America,Information Security,50.56,84.68,0,0,0,48.1,3.61,0,0.0,83.03,Below Target,Non-Compliant,Significantly Delayed,False
GOV-0002031,2023,5,May,Q2,2023-05-01,FAC-012,Sao Paulo Operations,Brazil,Latin America,Anti-Corruption,48.27,82.16,0,0,0,40.5,3.46,0,0.0,79.3,Below Target,Non-Compliant,Slightly Delayed,False
GOV-0002032,2023,5,May,Q2,2023-05-01,FAC-012,Sao Paulo Operations,Brazil,Latin America,Data Privacy,49.04,85.76,3,2,1,41.9,3.08,0,0.0,81.19,Below Target,Near Compliant,Slightly Delayed,False
GOV-0002033,2023,5,May,Q2,2023-05-01,FAC-012,Sao Paulo Operations,Brazil,Latin America,Environmental,50.97,86.51,5,3,2,41.3,3.22,0,0.0,80.13,Below Target,Near Compliant,Slightly Delayed,False
GOV-0002034,2023,5,May,Q2,2023-05-01,FAC-012,Sao Paulo Operations,Brazil,Latin America,Health & Safety,50.67,88.84,2,1,1,47.4,3.25,0,0.0,79.7,Below Target,Near Compliant,Significantly Delayed,False
GOV-0002035,2023,5,May,Q2,2023-05-01,FAC-012,Sao Paulo Operations,Brazil,Latin America,Human Rights,49.43,83.35,3,2,1,44.8,3.19,0,10388.67,80.9,Below Target,Non-Compliant,Slightly Delayed,True
GOV-0002036,2023,5,May,Q2,2023-05-01,FAC-012,Sao Paulo Operations,Brazil,Latin America,Whistleblower,50.28,86.74,2,1,1,45.7,3.34,0,0.0,77.69,Below Target,Near Compliant,Significantly Delayed,False
GOV-0002037,2023,5,May,Q2,2023-05-01,FAC-012,Sao Paulo Operations,Brazil,Latin America,Code of Conduct,51.45,82.97,2,1,1,42.1,3.19,0,0.0,78.63,Below Target,Non-Compliant,Slightly Delayed,False
GOV-0002038,2023,5,May,Q2,2023-05-01,FAC-012,Sao Paulo Operations,Brazil,Latin America,Conflict of Interest,46.84,87.94,2,1,1,41.3,3.3,0,0.0,77.18,Below Target,Near Compliant,Slightly Delayed,False
GOV-0002039,2023,5,May,Q2,2023-05-01,FAC-012,Sao Paulo Operations,Brazil,Latin America,Supplier Standards,53.39,85.54,5,4,1,45.3,3.15,0,0.0,78.81,Below Target,Near Compliant,Significantly Delayed,False
GOV-0002040,2023,5,May,Q2,2023-05-01,FAC-012,Sao Paulo Operations,Brazil,Latin America,Information Security,49.9,84.67,2,1,1,43.0,3.4,0,0.0,77.01,Below Target,Non-Compliant,Slightly Delayed,False
GOV-0002041,2023,6,June,Q2,2023-06-01,FAC-001,Chicago Main Plant,USA,North America,Anti-Corruption,47.58,85.88,4,2,2,42.5,3.33,1,0.0,79.39,Below Target,Near Compliant,Slightly Delayed,False
GOV-0002042,2023,6,June,Q2,2023-06-01,FAC-001,Chicago Main Plant,USA,North America,Data Privacy,51.77,84.23,2,1,1,49.1,3.53,0,0.0,80.25,Below Target,Non-Compliant,Significantly Delayed,False
GOV-0002043,2023,6,June,Q2,2023-06-01,FAC-001,Chicago Main Plant,USA,North America,Environmental,48.39,85.66,2,1,1,45.7,3.34,0,0.0,80.17,Below Target,Near Compliant,Significantly Delayed,False
GOV-0002044,2023,6,June,Q2,2023-06-01,FAC-001,Chicago Main Plant,USA,North America,Health & Safety,49.53,83.03,4,2,2,44.2,2.92,0,0.0,80.92,Below Target,Non-Compliant,Slightly Delayed,False
GOV-0002045,2023,6,June,Q2,2023-06-01,FAC-001,Chicago Main Plant,USA,North America,Human Rights,48.96,85.6,3,2,1,48.2,3.2,0,0.0,79.38,Below Target,Near Compliant,Significantly Delayed,False
GOV-0002046,2023,6,June,Q2,2023-06-01,FAC-001,Chicago Main Plant,USA,North America,Whistleblower,51.3,86.59,4,3,1,42.0,3.14,0,0.0,78.49,Below Target,Near Compliant,Slightly Delayed,False
GOV-0002047,2023,6,June,Q2,2023-06-01,FAC-001,Chicago Main Plant,USA,North America,Code of Conduct,49.01,86.57,5,4,1,45.5,2.95,0,0.0,77.77,Below Target,Near Compliant,Significantly Delayed,False
GOV-0002048,2023,6,June,Q2,2023-06-01,FAC-001,Chicago Main Plant,USA,North America,Conflict of Interest,50.66,85.12,0,0,0,44.6,3.24,0,0.0,76.99,Below Target,Near Compliant,Slightly Delayed,False
GOV-0002049,2023,6,June,Q2,2023-06-01,FAC-001,Chicago Main Plant,USA,North America,Supplier Standards,48.38,83.77,5,4,1,45.0,3.28,0,0.0,80.12,Below Target,Non-Compliant,Slightly Delayed,False
GOV-0002050,2023,6,June,Q2,2023-06-01,FAC-001,Chicago Main Plant,USA,North America,Information Security,49.72,82.11,5,4,1,44.2,3.39,0,0.0,80.81,Below Target,Non-Compliant,Slightly Delayed,False
GOV-0002051,2023,6,June,Q2,2023-06-01,FAC-002,Detroit Assembly,USA,North America,Anti-Corruption,50.04,81.94,5,4,1,52.3,2.97,0,0.0,78.48,Below Target,Non-Compliant,Significantly Delayed,False
GOV-0002052,2023,6,June,Q2,2023-06-01,FAC-002,Detroit Assembly,USA,North America,Data Privacy,49.2,84.4,5,4,1,44.3,3.3,0,0.0,79.58,Below Target,Non-Compliant,Slightly Delayed,False
GOV-0002053,2023,6,June,Q2,2023-06-01,FAC-002,Detroit Assembly,USA,North America,Environmental,47.8,87.7,0,0,0,42.2,3.18,0,0.0,79.35,Below Target,Near Compliant,Slightly Delayed,False
GOV-0002054,2023,6,June,Q2,2023-06-01,FAC-002,Detroit Assembly,USA,North America,Health & Safety,51.0,85.66,5,3,2,40.4,3.3,0,0.0,80.89,Below Target,Near Compliant,Slightly Delayed,False
GOV-0002055,2023,6,June,Q2,2023-06-01,FAC-002,Detroit Assembly,USA,North America,Human Rights,50.49,83.19,0,0,0,48.4,3.33,0,0.0,75.94,Below Target,Non-Compliant,Significantly Delayed,False
GOV-0002056,2023,6,June,Q2,2023-06-01,FAC-002,Detroit Assembly,USA,North America,Whistleblower,52.12,85.78,3,2,1,43.5,3.13,0,0.0,83.49,Below Target,Near Compliant,Slightly Delayed,False
GOV-0002057,2023,6,June,Q2,2023-06-01,FAC-002,Detroit Assembly,USA,North America,Code of Conduct,48.2,83.43,5,4,1,38.1,3.3,0,0.0,81.24,Below Target,Non-Compliant,Slightly Delayed,False
GOV-0002058,2023,6,June,Q2,2023-06-01,FAC-002,Detroit Assembly,USA,North America,Conflict of Interest,49.24,85.28,0,0,0,50.2,3.21,0,0.0,78.59,Below Target,Near Compliant,Significantly Delayed,False
GOV-0002059,2023,6,June,Q2,2023-06-01,FAC-002,Detroit Assembly,USA,North America,Supplier Standards,51.49,86.87,0,0,0,42.5,3.62,0,0.0,80.07,Below Target,Near Compliant,Slightly Delayed,False
GOV-0002060,2023,6,June,Q2,2023-06-01,FAC-002,Detroit Assembly,USA,North America,Information Security,47.56,84.87,3,2,1,48.9,3.3,0,0.0,80.07,Below Target,Non-Compliant,Significantly Delayed,False
GOV-0002061,2023,6,June,Q2,2023-06-01,FAC-003,Toronto Operations,Canada,North America,Anti-Corruption,50.67,84.91,0,0,0,49.0,3.25,0,0.0,79.26,Below Target,Non-Compliant,Significantly Delayed,False
GOV-0002062,2023,6,June,Q2,2023-06-01,FAC-003,Toronto Operations,Canada,North America,Data Privacy,49.74,87.48,5,4,1,44.7,3.34,0,0.0,76.98,Below Target,Near Compliant,Slightly Delayed,False
GOV-0002063,2023,6,June,Q2,2023-06-01,FAC-003,Toronto Operations,Canada,North America,Environmental,47.11,84.87,4,3,1,47.8,3.13,0,0.0,78.82,Below Target,Non-Compliant,Significantly Delayed,False
GOV-0002064,2023,6,June,Q2,2023-06-01,FAC-003,Toronto Operations,Canada,North America,Health & Safety,51.11,84.11,5,4,1,46.4,3.35,0,0.0,81.77,Below Target,Non-Compliant,Significantly Delayed,False
GOV-0002065,2023,6,June,Q2,2023-06-01,FAC-003,Toronto Operations,Canada,North America,Human Rights,50.52,84.33,0,0,0,45.2,3.39,0,0.0,79.34,Below Target,Non-Compliant,Significantly Delayed,False
GOV-0002066,2023,6,June,Q2,2023-06-01,FAC-003,Toronto Operations,Canada,North America,Whistleblower,48.2,85.38,3,2,1,43.8,3.3,0,0.0,79.26,Below Target,Near Compliant,Slightly Delayed,False
GOV-0002067,2023,6,June,Q2,2023-06-01,FAC-003,Toronto Operations,Canada,North America,Code of Conduct,48.52,85.38,1,0,1,44.5,3.37,0,0.0,81.39,Below Target,Near Compliant,Slightly Delayed,False
GOV-0002068,2023,6,June,Q2,2023-06-01,FAC-003,Toronto Operations,Canada,North America,Conflict of Interest,51.27,82.55,5,4,1,45.9,3.54,0,0.0,81.73,Below Target,Non-Compliant,Significantly Delayed,False
GOV-0002069,2023,6,June,Q2,2023-06-01,FAC-003,Toronto Operations,Canada,North America,Supplier Standards,51.02,84.65,4,3,1,41.2,3.31,0,0.0,77.28,Below Target,Non-Compliant,Slightly Delayed,False
GOV-0002070,2023,6,June,Q2,2023-06-01,FAC-003,Toronto Operations,Canada,North America,Information Security,47.14,82.86,1,0,1,43.1,3.19,0,0.0,77.91,Below Target,Non-Compliant,Slightly Delayed,False
GOV-0002071,2023,6,June,Q2,2023-06-01,FAC-004,Munich Precision Works,Germany,Europe,Anti-Corruption,49.86,85.67,5,4,1,44.9,3.04,0,0.0,80.89,Below Target,Near Compliant,Slightly Delayed,False
GOV-0002072,2023,6,June,Q2,2023-06-01,FAC-004,Munich Precision Works,Germany,Europe,Data Privacy,50.25,85.68,3,2,1,39.0,3.3,0,0.0,80.89,Below Target,Near Compliant,Slightly Delayed,False
GOV-0002073,2023,6,June,Q2,2023-06-01,FAC-004,Munich Precision Works,Germany,Europe,Environmental,50.11,85.79,3,2,1,45.8,3.39,0,50749.22,76.99,Below Target,Near Compliant,Significantly Delayed,True
GOV-0002074,2023,6,June,Q2,2023-06-01,FAC-004,Munich Precision Works,Germany,Europe,Health & Safety,46.7,81.99,3,2,1,42.9,3.46,0,89891.23,79.24,Below Target,Non-Compliant,Slightly Delayed,True
GOV-0002075,2023,6,June,Q2,2023-06-01,FAC-004,Munich Precision Works,Germany,Europe,Human Rights,48.62,82.43,0,0,0,48.5,2.92,0,0.0,81.03,Below Target,Non-Compliant,Significantly Delayed,False
GOV-0002076,2023,6,June,Q2,2023-06-01,FAC-004,Munich Precision Works,Germany,Europe,Whistleblower,48.81,83.43,1,0,1,45.4,3.11,0,0.0,81.13,Below Target,Non-Compliant,Significantly Delayed,False
GOV-0002077,2023,6,June,Q2,2023-06-01,FAC-004,Munich Precision Works,Germany,Europe,Code of Conduct,50.82,87.49,3,1,2,42.6,3.32,0,0.0,80.41,Below Target,Near Compliant,Slightly Delayed,False
GOV-0002078,2023,6,June,Q2,2023-06-01,FAC-004,Munich Precision Works,Germany,Europe,Conflict of Interest,49.61,88.12,5,3,2,46.2,3.6,0,0.0,82.76,Below Target,Near Compliant,Significantly Delayed,False
GOV-0002079,2023,6,June,Q2,2023-06-01,FAC-004,Munich Precision Works,Germany,Europe,Supplier Standards,50.6,84.4,0,0,0,44.5,3.1,0,0.0,82.44,Below Target,Non-Compliant,Slightly Delayed,False
GOV-0002080,2023,6,June,Q2,2023-06-01,FAC-004,Munich Precision Works,Germany,Europe,Information Security,49.73,84.59,0,0,0,39.6,3.16,0,0.0,79.34,Below Target,Non-Compliant,Slightly Delayed,False
GOV-0002081,2023,6,June,Q2,2023-06-01,FAC-005,Stuttgart Engineering,Germany,Europe,Anti-Corruption,49.14,82.17,5,4,1,48.1,3.08,0,0.0,79.51,Below Target,Non-Compliant,Significantly Delayed,False
GOV-0002082,2023,6,June,Q2,2023-06-01,FAC-005,Stuttgart Engineering,Germany,Europe,Data Privacy,50.91,85.84,2,1,1,47.1,3.06,0,0.0,76.53,Below Target,Near Compliant,Significantly Delayed,False
GOV-0002083,2023,6,June,Q2,2023-06-01,FAC-005,Stuttgart Engineering,Germany,Europe,Environmental,51.62,85.04,2,1,1,49.8,3.28,0,0.0,78.88,Below Target,Near Compliant,Significantly Delayed,False
GOV-0002084,2023,6,June,Q2,2023-06-01,FAC-005,Stuttgart Engineering,Germany,Europe,Health & Safety,49.86,83.83,2,1,1,41.7,3.33,0,0.0,80.92,Below Target,Non-Compliant,Slightly Delayed,False
GOV-0002085,2023,6,June,Q2,2023-06-01,FAC-005,Stuttgart Engineering,Germany,Europe,Human Rights,51.67,84.13,3,2,1,40.6,3.64,0,0.0,79.43,Below Target,Non-Compliant,Slightly Delayed,False
GOV-0002086,2023,6,June,Q2,2023-06-01,FAC-005,Stuttgart Engineering,Germany,Europe,Whistleblower,49.68,84.18,3,2,1,40.6,3.53,0,0.0,77.51,Below Target,Non-Compliant,Slightly Delayed,False
GOV-0002087,2023,6,June,Q2,2023-06-01,FAC-005,Stuttgart Engineering,Germany,Europe,Code of Conduct,48.52,83.92,3,2,1,43.3,3.32,0,0.0,78.99,Below Target,Non-Compliant,Slightly Delayed,False
GOV-0002088,2023,6,June,Q2,2023-06-01,FAC-005,Stuttgart Engineering,Germany,Europe,Conflict of Interest,48.66,84.56,5,3,2,41.9,3.28,0,0.0,79.74,Below Target,Non-Compliant,Slightly Delayed,False
GOV-0002089,2023,6,June,Q2,2023-06-01,FAC-005,Stuttgart Engineering,Germany,Europe,Supplier Standards,49.03,82.73,3,2,1,40.7,3.74,0,0.0,80.17,Below Target,Non-Compliant,Slightly Delayed,False
GOV-0002090,2023,6,June,Q2,2023-06-01,FAC-005,Stuttgart Engineering,Germany,Europe,Information Security,48.99,84.27,4,3,1,44.4,3.49,0,0.0,78.15,Below Target,Non-Compliant,Slightly Delayed,False
GOV-0002091,2023,6,June,Q2,2023-06-01,FAC-006,Rotterdam Hub,Netherlands,Europe,Anti-Corruption,48.22,83.08,4,3,1,43.6,3.46,0,0.0,81.62,Below Target,Non-Compliant,Slightly Delayed,False
GOV-0002092,2023,6,June,Q2,2023-06-01,FAC-006,Rotterdam Hub,Netherlands,Europe,Data Privacy,48.03,87.39,4,2,2,39.3,3.68,0,0.0,78.62,Below Target,Near Compliant,Slightly Delayed,False
GOV-0002093,2023,6,June,Q2,2023-06-01,FAC-006,Rotterdam Hub,Netherlands,Europe,Environmental,49.91,85.21,2,1,1,43.7,3.09,0,0.0,80.08,Below Target,Near Compliant,Slightly Delayed,False
GOV-0002094,2023,6,June,Q2,2023-06-01,FAC-006,Rotterdam Hub,Netherlands,Europe,Health & Safety,49.41,81.91,1,0,1,39.8,2.66,0,0.0,77.94,Below Target,Non-Compliant,Slightly Delayed,False
GOV-0002095,2023,6,June,Q2,2023-06-01,FAC-006,Rotterdam Hub,Netherlands,Europe,Human Rights,47.37,85.57,1,0,1,40.7,3.16,0,0.0,78.4,Below Target,Near Compliant,Slightly Delayed,False
GOV-0002096,2023,6,June,Q2,2023-06-01,FAC-006,Rotterdam Hub,Netherlands,Europe,Whistleblower,49.38,84.86,2,1,1,44.8,2.95,0,0.0,78.81,Below Target,Non-Compliant,Slightly Delayed,False
GOV-0002097,2023,6,June,Q2,2023-06-01,FAC-006,Rotterdam Hub,Netherlands,Europe,Code of Conduct,47.56,82.68,4,3,1,50.3,3.41,0,0.0,77.97,Below Target,Non-Compliant,Significantly Delayed,False
GOV-0002098,2023,6,June,Q2,2023-06-01,FAC-006,Rotterdam Hub,Netherlands,Europe,Conflict of Interest,48.04,85.76,4,3,1,43.4,3.33,0,0.0,80.14,Below Target,Near Compliant,Slightly Delayed,False
GOV-0002099,2023,6,June,Q2,2023-06-01,FAC-006,Rotterdam Hub,Netherlands,Europe,Supplier Standards,52.25,84.05,1,0,1,44.8,3.35,1,0.0,79.46,Below Target,Non-Compliant,Slightly Delayed,False
GOV-0002100,2023,6,June,Q2,2023-06-01,FAC-006,Rotterdam Hub,Netherlands,Europe,Information Security,49.75,81.43,2,1,1,44.5,3.48,0,0.0,78.97,Below Target,Non-Compliant,Slightly Delayed,False
GOV-0002101,2023,6,June,Q2,2023-06-01,FAC-007,Lyon Components,France,Europe,Anti-Corruption,51.06,83.73,3,2,1,41.9,3.89,0,0.0,79.12,Below Target,Non-Compliant,Slightly Delayed,False
GOV-0002102,2023,6,June,Q2,2023-06-01,FAC-007,Lyon Components,France,Europe,Data Privacy,49.95,83.01,3,2,1,43.4,3.28,0,0.0,80.85,Below Target,Non-Compliant,Slightly Delayed,False
GOV-0002103,2023,6,June,Q2,2023-06-01,FAC-007,Lyon Components,France,Europe,Environmental,49.29,85.18,4,3,1,40.6,2.96,0,0.0,75.99,Below Target,Near Compliant,Slightly Delayed,False
GOV-0002104,2023,6,June,Q2,2023-06-01,FAC-007,Lyon Components,France,Europe,Health & Safety,46.63,87.29,2,1,1,45.2,3.36,0,0.0,79.88,Below Target,Near Compliant,Significantly Delayed,False
GOV-0002105,2023,6,June,Q2,2023-06-01,FAC-007,Lyon Components,France,Europe,Human Rights,47.17,85.65,4,3,1,37.2,2.99,0,0.0,80.42,Below Target,Near Compliant,Slightly Delayed,False
GOV-0002106,2023,6,June,Q2,2023-06-01,FAC-007,Lyon Components,France,Europe,Whistleblower,50.0,84.33,0,0,0,39.2,3.13,0,0.0,77.86,Below Target,Non-Compliant,Slightly Delayed,False
GOV-0002107,2023,6,June,Q2,2023-06-01,FAC-007,Lyon Components,France,Europe,Code of Conduct,48.75,84.7,2,1,1,52.4,3.02,0,0.0,80.99,Below Target,Non-Compliant,Significantly Delayed,False
GOV-0002108,2023,6,June,Q2,2023-06-01,FAC-007,Lyon Components,France,Europe,Conflict of Interest,47.49,85.07,0,0,0,44.2,3.56,0,0.0,81.12,Below Target,Near Compliant,Slightly Delayed,False
GOV-0002109,2023,6,June,Q2,2023-06-01,FAC-007,Lyon Components,France,Europe,Supplier Standards,50.44,84.72,1,0,1,46.8,3.22,0,0.0,81.03,Below Target,Non-Compliant,Significantly Delayed,False
GOV-0002110,2023,6,June,Q2,2023-06-01,FAC-007,Lyon Components,France,Europe,Information Security,51.56,83.43,2,1,1,43.0,3.26,0,0.0,79.82,Below Target,Non-Compliant,Slightly Delayed,False
GOV-0002111,2023,6,June,Q2,2023-06-01,FAC-008,Shanghai Manufacturing,China,Asia Pacific,Anti-Corruption,47.74,84.48,3,2,1,45.8,3.15,0,0.0,78.35,Below Target,Non-Compliant,Significantly Delayed,False
GOV-0002112,2023,6,June,Q2,2023-06-01,FAC-008,Shanghai Manufacturing,China,Asia Pacific,Data Privacy,49.36,85.72,3,1,2,41.9,2.97,0,0.0,78.97,Below Target,Near Compliant,Slightly Delayed,False
GOV-0002113,2023,6,June,Q2,2023-06-01,FAC-008,Shanghai Manufacturing,China,Asia Pacific,Environmental,49.01,87.11,0,0,0,45.3,3.13,0,0.0,78.19,Below Target,Near Compliant,Significantly Delayed,False
GOV-0002114,2023,6,June,Q2,2023-06-01,FAC-008,Shanghai Manufacturing,China,Asia Pacific,Health & Safety,52.87,84.85,3,2,1,47.9,2.96,0,0.0,78.44,Below Target,Non-Compliant,Significantly Delayed,False
GOV-0002115,2023,6,June,Q2,2023-06-01,FAC-008,Shanghai Manufacturing,China,Asia Pacific,Human Rights,49.11,80.67,3,2,1,40.0,3.24,0,0.0,79.73,Below Target,Non-Compliant,Slightly Delayed,False
GOV-0002116,2023,6,June,Q2,2023-06-01,FAC-008,Shanghai Manufacturing,China,Asia Pacific,Whistleblower,50.64,85.16,5,3,2,46.3,3.49,0,0.0,78.74,Below Target,Near Compliant,Significantly Delayed,False
GOV-0002117,2023,6,June,Q2,2023-06-01,FAC-008,Shanghai Manufacturing,China,Asia Pacific,Code of Conduct,51.05,85.35,2,1,1,46.0,3.34,0,0.0,81.28,Below Target,Near Compliant,Significantly Delayed,False
GOV-0002118,2023,6,June,Q2,2023-06-01,FAC-008,Shanghai Manufacturing,China,Asia Pacific,Conflict of Interest,46.17,84.76,4,2,2,49.3,3.2,0,0.0,80.19,Below Target,Non-Compliant,Significantly Delayed,False
GOV-0002119,2023,6,June,Q2,2023-06-01,FAC-008,Shanghai Manufacturing,China,Asia Pacific,Supplier Standards,50.73,83.91,2,1,1,44.1,2.86,0,0.0,80.26,Below Target,Non-Compliant,Slightly Delayed,False
GOV-0002120,2023,6,June,Q2,2023-06-01,FAC-008,Shanghai Manufacturing,China,Asia Pacific,Information Security,49.39,84.97,2,1,1,38.7,2.99,0,0.0,77.09,Below Target,Non-Compliant,Slightly Delayed,False
GOV-0002121,2023,6,June,Q2,2023-06-01,FAC-009,Bangalore Tech Centre,India,Asia Pacific,Anti-Corruption,51.58,85.15,1,0,1,46.3,3.37,0,0.0,79.69,Below Target,Near Compliant,Significantly Delayed,False
GOV-0002122,2023,6,June,Q2,2023-06-01,FAC-009,Bangalore Tech Centre,India,Asia Pacific,Data Privacy,51.09,85.2,2,1,1,40.0,3.2,0,0.0,76.88,Below Target,Near Compliant,Slightly Delayed,False
GOV-0002123,2023,6,June,Q2,2023-06-01,FAC-009,Bangalore Tech Centre,India,Asia Pacific,Environmental,49.6,81.86,0,0,0,35.8,3.03,0,0.0,78.5,Below Target,Non-Compliant,Slightly Delayed,False
GOV-0002124,2023,6,June,Q2,2023-06-01,FAC-009,Bangalore Tech Centre,India,Asia Pacific,Health & Safety,51.51,83.82,5,3,2,41.0,3.29,0,0.0,80.8,Below Target,Non-Compliant,Slightly Delayed,False
GOV-0002125,2023,6,June,Q2,2023-06-01,FAC-009,Bangalore Tech Centre,India,Asia Pacific,Human Rights,48.06,81.95,0,0,0,44.5,3.22,0,0.0,82.85,Below Target,Non-Compliant,Slightly Delayed,False
GOV-0002126,2023,6,June,Q2,2023-06-01,FAC-009,Bangalore Tech Centre,India,Asia Pacific,Whistleblower,50.35,85.09,1,0,1,39.3,3.15,1,0.0,78.62,Below Target,Near Compliant,Slightly Delayed,False
GOV-0002127,2023,6,June,Q2,2023-06-01,FAC-009,Bangalore Tech Centre,India,Asia Pacific,Code of Conduct,49.03,84.09,1,0,1,39.9,3.03,0,0.0,78.93,Below Target,Non-Compliant,Slightly Delayed,False
GOV-0002128,2023,6,June,Q2,2023-06-01,FAC-009,Bangalore Tech Centre,India,Asia Pacific,Conflict of Interest,51.26,86.17,5,3,2,47.7,3.11,0,62629.02,83.79,Below Target,Near Compliant,Significantly Delayed,True
GOV-0002129,2023,6,June,Q2,2023-06-01,FAC-009,Bangalore Tech Centre,India,Asia Pacific,Supplier Standards,48.31,84.09,5,4,1,39.2,3.15,0,0.0,79.22,Below Target,Non-Compliant,Slightly Delayed,False
GOV-0002130,2023,6,June,Q2,2023-06-01,FAC-009,Bangalore Tech Centre,India,Asia Pacific,Information Security,49.66,82.51,3,1,2,46.0,3.1,0,0.0,78.76,Below Target,Non-Compliant,Significantly Delayed,False
GOV-0002131,2023,6,June,Q2,2023-06-01,FAC-010,Singapore Distribution,Singapore,Asia Pacific,Anti-Corruption,50.16,82.06,0,0,0,42.0,3.4,0,0.0,80.83,Below Target,Non-Compliant,Slightly Delayed,False
GOV-0002132,2023,6,June,Q2,2023-06-01,FAC-010,Singapore Distribution,Singapore,Asia Pacific,Data Privacy,51.22,84.43,3,2,1,42.3,3.14,0,0.0,81.62,Below Target,Non-Compliant,Slightly Delayed,False
GOV-0002133,2023,6,June,Q2,2023-06-01,FAC-010,Singapore Distribution,Singapore,Asia Pacific,Environmental,50.99,86.38,3,2,1,46.7,3.7,0,75151.21,83.23,Below Target,Near Compliant,Significantly Delayed,True
GOV-0002134,2023,6,June,Q2,2023-06-01,FAC-010,Singapore Distribution,Singapore,Asia Pacific,Health & Safety,52.98,86.17,0,0,0,47.5,3.22,0,0.0,78.23,Below Target,Near Compliant,Significantly Delayed,False
GOV-0002135,2023,6,June,Q2,2023-06-01,FAC-010,Singapore Distribution,Singapore,Asia Pacific,Human Rights,48.67,83.22,4,2,2,44.8,3.72,0,0.0,76.53,Below Target,Non-Compliant,Slightly Delayed,False
GOV-0002136,2023,6,June,Q2,2023-06-01,FAC-010,Singapore Distribution,Singapore,Asia Pacific,Whistleblower,49.6,83.14,3,2,1,48.5,3.44,0,0.0,77.2,Below Target,Non-Compliant,Significantly Delayed,False
GOV-0002137,2023,6,June,Q2,2023-06-01,FAC-010,Singapore Distribution,Singapore,Asia Pacific,Code of Conduct,50.06,82.57,1,0,1,47.7,3.52,0,0.0,80.38,Below Target,Non-Compliant,Significantly Delayed,False
GOV-0002138,2023,6,June,Q2,2023-06-01,FAC-010,Singapore Distribution,Singapore,Asia Pacific,Conflict of Interest,52.05,86.1,2,1,1,43.0,3.48,0,0.0,76.05,Below Target,Near Compliant,Slightly Delayed,False
GOV-0002139,2023,6,June,Q2,2023-06-01,FAC-010,Singapore Distribution,Singapore,Asia Pacific,Supplier Standards,51.25,84.23,5,3,2,47.8,3.16,0,0.0,80.65,Below Target,Non-Compliant,Significantly Delayed,False
GOV-0002140,2023,6,June,Q2,2023-06-01,FAC-010,Singapore Distribution,Singapore,Asia Pacific,Information Security,48.3,83.19,1,0,1,46.5,2.9,1,0.0,78.64,Below Target,Non-Compliant,Significantly Delayed,False
GOV-0002141,2023,6,June,Q2,2023-06-01,FAC-011,Monterrey Plant,Mexico,Latin America,Anti-Corruption,47.13,85.43,3,2,1,48.0,3.23,0,0.0,77.5,Below Target,Near Compliant,Significantly Delayed,False
GOV-0002142,2023,6,June,Q2,2023-06-01,FAC-011,Monterrey Plant,Mexico,Latin America,Data Privacy,46.17,85.58,1,0,1,47.5,2.78,0,0.0,81.43,Below Target,Near Compliant,Significantly Delayed,False
GOV-0002143,2023,6,June,Q2,2023-06-01,FAC-011,Monterrey Plant,Mexico,Latin America,Environmental,48.25,87.09,5,4,1,43.8,3.16,0,0.0,79.94,Below Target,Near Compliant,Slightly Delayed,False
GOV-0002144,2023,6,June,Q2,2023-06-01,FAC-011,Monterrey Plant,Mexico,Latin America,Health & Safety,50.49,87.72,1,0,1,40.6,3.09,0,0.0,78.01,Below Target,Near Compliant,Slightly Delayed,False
GOV-0002145,2023,6,June,Q2,2023-06-01,FAC-011,Monterrey Plant,Mexico,Latin America,Human Rights,51.08,83.97,5,3,2,47.1,3.13,0,0.0,81.16,Below Target,Non-Compliant,Significantly Delayed,False
GOV-0002146,2023,6,June,Q2,2023-06-01,FAC-011,Monterrey Plant,Mexico,Latin America,Whistleblower,46.2,82.15,1,0,1,46.9,3.33,0,0.0,78.12,Below Target,Non-Compliant,Significantly Delayed,False
GOV-0002147,2023,6,June,Q2,2023-06-01,FAC-011,Monterrey Plant,Mexico,Latin America,Code of Conduct,49.5,84.06,5,3,2,46.3,3.53,0,85022.13,77.06,Below Target,Non-Compliant,Significantly Delayed,True
GOV-0002148,2023,6,June,Q2,2023-06-01,FAC-011,Monterrey Plant,Mexico,Latin America,Conflict of Interest,48.94,85.63,2,1,1,49.0,3.51,0,0.0,82.3,Below Target,Near Compliant,Significantly Delayed,False
GOV-0002149,2023,6,June,Q2,2023-06-01,FAC-011,Monterrey Plant,Mexico,Latin America,Supplier Standards,47.0,84.03,0,0,0,43.2,3.24,0,0.0,78.64,Below Target,Non-Compliant,Slightly Delayed,False
GOV-0002150,2023,6,June,Q2,2023-06-01,FAC-011,Monterrey Plant,Mexico,Latin America,Information Security,48.81,82.81,4,3,1,47.1,3.76,0,0.0,75.48,Below Target,Non-Compliant,Significantly Delayed,False
GOV-0002151,2023,6,June,Q2,2023-06-01,FAC-012,Sao Paulo Operations,Brazil,Latin America,Anti-Corruption,50.9,81.15,0,0,0,45.8,3.59,0,0.0,78.3,Below Target,Non-Compliant,Significantly Delayed,False
GOV-0002152,2023,6,June,Q2,2023-06-01,FAC-012,Sao Paulo Operations,Brazil,Latin America,Data Privacy,49.62,84.78,3,2,1,46.9,3.33,0,0.0,77.78,Below Target,Non-Compliant,Significantly Delayed,False
GOV-0002153,2023,6,June,Q2,2023-06-01,FAC-012,Sao Paulo Operations,Brazil,Latin America,Environmental,48.19,85.98,0,0,0,53.4,3.74,0,0.0,81.7,Below Target,Near Compliant,Significantly Delayed,False
GOV-0002154,2023,6,June,Q2,2023-06-01,FAC-012,Sao Paulo Operations,Brazil,Latin America,Health & Safety,49.16,85.32,0,0,0,44.9,3.49,0,0.0,79.9,Below Target,Near Compliant,Slightly Delayed,False
GOV-0002155,2023,6,June,Q2,2023-06-01,FAC-012,Sao Paulo Operations,Brazil,Latin America,Human Rights,53.61,82.04,4,3,1,44.7,3.37,0,0.0,77.67,Below Target,Non-Compliant,Slightly Delayed,False
GOV-0002156,2023,6,June,Q2,2023-06-01,FAC-012,Sao Paulo Operations,Brazil,Latin America,Whistleblower,50.16,84.39,3,2,1,47.7,3.44,0,0.0,81.27,Below Target,Non-Compliant,Significantly Delayed,False
GOV-0002157,2023,6,June,Q2,2023-06-01,FAC-012,Sao Paulo Operations,Brazil,Latin America,Code of Conduct,50.93,87.13,3,2,1,46.5,3.43,0,0.0,74.52,Below Target,Near Compliant,Significantly Delayed,False
GOV-0002158,2023,6,June,Q2,2023-06-01,FAC-012,Sao Paulo Operations,Brazil,Latin America,Conflict of Interest,48.23,83.54,3,2,1,46.2,3.33,0,73347.01,79.02,Below Target,Non-Compliant,Significantly Delayed,True
GOV-0002159,2023,6,June,Q2,2023-06-01,FAC-012,Sao Paulo Operations,Brazil,Latin America,Supplier Standards,48.55,82.33,2,1,1,46.1,3.38,0,147103.45,80.88,Below Target,Non-Compliant,Significantly Delayed,True
GOV-0002160,2023,6,June,Q2,2023-06-01,FAC-012,Sao Paulo Operations,Brazil,Latin America,Information Security,49.68,85.85,3,2,1,47.9,3.34,0,0.0,81.23,Below Target,Near Compliant,Significantly Delayed,False
GOV-0002161,2023,7,July,Q3,2023-07-01,FAC-001,Chicago Main Plant,USA,North America,Anti-Corruption,48.37,82.86,5,3,2,42.5,3.2,0,0.0,79.42,Below Target,Non-Compliant,Slightly Delayed,False
GOV-0002162,2023,7,July,Q3,2023-07-01,FAC-001,Chicago Main Plant,USA,North America,Data Privacy,47.94,83.8,4,3,1,39.2,3.08,0,0.0,77.35,Below Target,Non-Compliant,Slightly Delayed,False
GOV-0002163,2023,7,July,Q3,2023-07-01,FAC-001,Chicago Main Plant,USA,North America,Environmental,49.95,84.21,3,2,1,47.7,3.56,0,0.0,82.24,Below Target,Non-Compliant,Significantly Delayed,False
GOV-0002164,2023,7,July,Q3,2023-07-01,FAC-001,Chicago Main Plant,USA,North America,Health & Safety,47.43,82.91,4,3,1,45.4,2.83,0,0.0,79.65,Below Target,Non-Compliant,Significantly Delayed,False
GOV-0002165,2023,7,July,Q3,2023-07-01,FAC-001,Chicago Main Plant,USA,North America,Human Rights,50.85,83.97,0,0,0,37.4,3.25,0,0.0,78.05,Below Target,Non-Compliant,Slightly Delayed,False
GOV-0002166,2023,7,July,Q3,2023-07-01,FAC-001,Chicago Main Plant,USA,North America,Whistleblower,49.8,84.61,2,1,1,49.5,3.33,0,0.0,78.38,Below Target,Non-Compliant,Significantly Delayed,False
GOV-0002167,2023,7,July,Q3,2023-07-01,FAC-001,Chicago Main Plant,USA,North America,Code of Conduct,47.04,84.33,2,1,1,47.0,3.25,0,0.0,77.31,Below Target,Non-Compliant,Significantly Delayed,False
GOV-0002168,2023,7,July,Q3,2023-07-01,FAC-001,Chicago Main Plant,USA,North America,Conflict of Interest,51.73,83.09,4,2,2,43.7,3.36,0,0.0,80.38,Below Target,Non-Compliant,Slightly Delayed,False
GOV-0002169,2023,7,July,Q3,2023-07-01,FAC-001,Chicago Main Plant,USA,North America,Supplier Standards,49.67,86.28,4,2,2,46.2,3.33,0,95714.8,79.55,Below Target,Near Compliant,Significantly Delayed,True
GOV-0002170,2023,7,July,Q3,2023-07-01,FAC-001,Chicago Main Plant,USA,North America,Information Security,49.56,82.2,0,0,0,49.9,2.77,0,0.0,78.74,Below Target,Non-Compliant,Significantly Delayed,False
GOV-0002171,2023,7,July,Q3,2023-07-01,FAC-002,Detroit Assembly,USA,North America,Anti-Corruption,53.02,87.81,1,0,1,41.9,3.84,0,0.0,79.21,Below Target,Near Compliant,Slightly Delayed,False
GOV-0002172,2023,7,July,Q3,2023-07-01,FAC-002,Detroit Assembly,USA,North America,Data Privacy,51.72,84.13,2,1,1,41.2,3.23,0,0.0,78.42,Below Target,Non-Compliant,Slightly Delayed,False
GOV-0002173,2023,7,July,Q3,2023-07-01,FAC-002,Detroit Assembly,USA,North America,Environmental,51.63,85.44,2,1,1,42.6,3.63,0,0.0,78.13,Below Target,Near Compliant,Slightly Delayed,False
GOV-0002174,2023,7,July,Q3,2023-07-01,FAC-002,Detroit Assembly,USA,North America,Health & Safety,47.52,85.45,3,2,1,42.0,3.37,0,0.0,80.36,Below Target,Near Compliant,Slightly Delayed,False
GOV-0002175,2023,7,July,Q3,2023-07-01,FAC-002,Detroit Assembly,USA,North America,Human Rights,51.31,86.0,5,3,2,42.5,3.08,0,22838.87,77.23,Below Target,Near Compliant,Slightly Delayed,True
GOV-0002176,2023,7,July,Q3,2023-07-01,FAC-002,Detroit Assembly,USA,North America,Whistleblower,49.85,84.93,0,0,0,48.5,3.5,0,0.0,80.09,Below Target,Non-Compliant,Significantly Delayed,False
GOV-0002177,2023,7,July,Q3,2023-07-01,FAC-002,Detroit Assembly,USA,North America,Code of Conduct,48.05,83.05,1,0,1,47.1,3.52,0,0.0,79.2,Below Target,Non-Compliant,Significantly Delayed,False
GOV-0002178,2023,7,July,Q3,2023-07-01,FAC-002,Detroit Assembly,USA,North America,Conflict of Interest,49.86,83.2,5,3,2,44.0,3.07,0,0.0,79.24,Below Target,Non-Compliant,Slightly Delayed,False
GOV-0002179,2023,7,July,Q3,2023-07-01,FAC-002,Detroit Assembly,USA,North America,Supplier Standards,49.36,83.65,4,3,1,39.3,3.17,0,0.0,81.46,Below Target,Non-Compliant,Slightly Delayed,False
GOV-0002180,2023,7,July,Q3,2023-07-01,FAC-002,Detroit Assembly,USA,North America,Information Security,48.64,85.46,4,3,1,48.7,3.27,0,0.0,79.97,Below Target,Near Compliant,Significantly Delayed,False
GOV-0002181,2023,7,July,Q3,2023-07-01,FAC-003,Toronto Operations,Canada,North America,Anti-Corruption,49.78,82.83,3,2,1,42.2,3.46,0,0.0,81.06,Below Target,Non-Compliant,Slightly Delayed,False
GOV-0002182,2023,7,July,Q3,2023-07-01,FAC-003,Toronto Operations,Canada,North America,Data Privacy,51.54,83.09,0,0,0,38.9,3.5,0,0.0,81.39,Below Target,Non-Compliant,Slightly Delayed,False
GOV-0002183,2023,7,July,Q3,2023-07-01,FAC-003,Toronto Operations,Canada,North America,Environmental,50.36,85.0,2,1,1,45.3,3.46,0,0.0,82.1,Below Target,Near Compliant,Significantly Delayed,False
GOV-0002184,2023,7,July,Q3,2023-07-01,FAC-003,Toronto Operations,Canada,North America,Health & Safety,50.76,83.86,5,3,2,44.2,2.69,0,0.0,79.3,Below Target,Non-Compliant,Slightly Delayed,False
GOV-0002185,2023,7,July,Q3,2023-07-01,FAC-003,Toronto Operations,Canada,North America,Human Rights,49.78,82.96,0,0,0,42.6,3.08,0,0.0,80.7,Below Target,Non-Compliant,Slightly Delayed,False
GOV-0002186,2023,7,July,Q3,2023-07-01,FAC-003,Toronto Operations,Canada,North America,Whistleblower,49.69,83.63,0,0,0,41.6,3.61,0,0.0,77.47,Below Target,Non-Compliant,Slightly Delayed,False
GOV-0002187,2023,7,July,Q3,2023-07-01,FAC-003,Toronto Operations,Canada,North America,Code of Conduct,52.8,87.1,1,0,1,43.4,3.15,0,0.0,78.5,Below Target,Near Compliant,Slightly Delayed,False
GOV-0002188,2023,7,July,Q3,2023-07-01,FAC-003,Toronto Operations,Canada,North America,Conflict of Interest,47.88,79.97,0,0,0,47.5,3.21,0,0.0,79.67,Below Target,Non-Compliant,Significantly Delayed,False
GOV-0002189,2023,7,July,Q3,2023-07-01,FAC-003,Toronto Operations,Canada,North America,Supplier Standards,46.44,88.45,3,2,1,45.8,3.19,0,0.0,75.66,Below Target,Near Compliant,Significantly Delayed,False
GOV-0002190,2023,7,July,Q3,2023-07-01,FAC-003,Toronto Operations,Canada,North America,Information Security,47.74,84.72,1,0,1,45.0,3.38,0,0.0,80.35,Below Target,Non-Compliant,Slightly Delayed,False
GOV-0002191,2023,7,July,Q3,2023-07-01,FAC-004,Munich Precision Works,Germany,Europe,Anti-Corruption,47.48,83.98,3,2,1,44.2,3.43,0,0.0,79.69,Below Target,Non-Compliant,Slightly Delayed,False
GOV-0002192,2023,7,July,Q3,2023-07-01,FAC-004,Munich Precision Works,Germany,Europe,Data Privacy,48.55,82.31,4,2,2,40.3,3.09,0,0.0,81.32,Below Target,Non-Compliant,Slightly Delayed,False
GOV-0002193,2023,7,July,Q3,2023-07-01,FAC-004,Munich Precision Works,Germany,Europe,Environmental,48.27,82.92,1,0,1,47.0,3.08,0,0.0,78.46,Below Target,Non-Compliant,Significantly Delayed,False
GOV-0002194,2023,7,July,Q3,2023-07-01,FAC-004,Munich Precision Works,Germany,Europe,Health & Safety,47.82,83.91,1,0,1,41.8,3.67,0,0.0,83.94,Below Target,Non-Compliant,Slightly Delayed,False
GOV-0002195,2023,7,July,Q3,2023-07-01,FAC-004,Munich Precision Works,Germany,Europe,Human Rights,50.74,84.94,0,0,0,43.9,3.4,1,0.0,80.67,Below Target,Non-Compliant,Slightly Delayed,False
GOV-0002196,2023,7,July,Q3,2023-07-01,FAC-004,Munich Precision Works,Germany,Europe,Whistleblower,50.59,88.04,2,1,1,44.6,3.55,0,0.0,78.81,Below Target,Near Compliant,Slightly Delayed,False
GOV-0002197,2023,7,July,Q3,2023-07-01,FAC-004,Munich Precision Works,Germany,Europe,Code of Conduct,54.12,87.5,5,3,2,43.7,3.27,0,0.0,81.25,Below Target,Near Compliant,Slightly Delayed,False
GOV-0002198,2023,7,July,Q3,2023-07-01,FAC-004,Munich Precision Works,Germany,Europe,Conflict of Interest,50.42,83.77,0,0,0,41.1,3.52,0,0.0,77.09,Below Target,Non-Compliant,Slightly Delayed,False
GOV-0002199,2023,7,July,Q3,2023-07-01,FAC-004,Munich Precision Works,Germany,Europe,Supplier Standards,48.57,82.81,2,1,1,45.8,3.28,0,0.0,75.33,Below Target,Non-Compliant,Significantly Delayed,False
GOV-0002200,2023,7,July,Q3,2023-07-01,FAC-004,Munich Precision Works,Germany,Europe,Information Security,50.89,87.77,0,0,0,43.6,3.3,0,0.0,80.67,Below Target,Near Compliant,Slightly Delayed,False
GOV-0002201,2023,7,July,Q3,2023-07-01,FAC-005,Stuttgart Engineering,Germany,Europe,Anti-Corruption,47.26,81.9,5,3,2,43.2,3.51,0,0.0,79.35,Below Target,Non-Compliant,Slightly Delayed,False
GOV-0002202,2023,7,July,Q3,2023-07-01,FAC-005,Stuttgart Engineering,Germany,Europe,Data Privacy,53.0,85.29,5,4,1,42.9,3.06,0,0.0,79.29,Below Target,Near Compliant,Slightly Delayed,False
GOV-0002203,2023,7,July,Q3,2023-07-01,FAC-005,Stuttgart Engineering,Germany,Europe,Environmental,47.04,80.7,1,0,1,45.8,3.76,0,0.0,77.62,Below Target,Non-Compliant,Significantly Delayed,False
GOV-0002204,2023,7,July,Q3,2023-07-01,FAC-005,Stuttgart Engineering,Germany,Europe,Health & Safety,46.29,83.84,1,0,1,43.8,3.0,0,0.0,79.57,Below Target,Non-Compliant,Slightly Delayed,False
GOV-0002205,2023,7,July,Q3,2023-07-01,FAC-005,Stuttgart Engineering,Germany,Europe,Human Rights,52.13,84.43,5,4,1,48.1,3.38,0,0.0,78.44,Below Target,Non-Compliant,Significantly Delayed,False
GOV-0002206,2023,7,July,Q3,2023-07-01,FAC-005,Stuttgart Engineering,Germany,Europe,Whistleblower,48.0,83.68,5,4,1,40.2,3.45,0,0.0,78.79,Below Target,Non-Compliant,Slightly Delayed,False
GOV-0002207,2023,7,July,Q3,2023-07-01,FAC-005,Stuttgart Engineering,Germany,Europe,Code of Conduct,51.1,86.53,4,3,1,49.4,3.45,0,76376.12,79.1,Below Target,Near Compliant,Significantly Delayed,True
GOV-0002208,2023,7,July,Q3,2023-07-01,FAC-005,Stuttgart Engineering,Germany,Europe,Conflict of Interest,48.97,86.87,5,3,2,46.9,3.24,0,0.0,81.4,Below Target,Near Compliant,Significantly Delayed,False
GOV-0002209,2023,7,July,Q3,2023-07-01,FAC-005,Stuttgart Engineering,Germany,Europe,Supplier Standards,51.09,87.19,0,0,0,44.1,3.18,0,0.0,78.55,Below Target,Near Compliant,Slightly Delayed,False
GOV-0002210,2023,7,July,Q3,2023-07-01,FAC-005,Stuttgart Engineering,Germany,Europe,Information Security,47.57,86.73,2,1,1,37.4,3.32,0,0.0,79.92,Below Target,Near Compliant,Slightly Delayed,False
GOV-0002211,2023,7,July,Q3,2023-07-01,FAC-006,Rotterdam Hub,Netherlands,Europe,Anti-Corruption,50.25,84.9,0,0,0,42.6,3.42,0,0.0,79.91,Below Target,Non-Compliant,Slightly Delayed,False
GOV-0002212,2023,7,July,Q3,2023-07-01,FAC-006,Rotterdam Hub,Netherlands,Europe,Data Privacy,47.98,86.52,0,0,0,42.9,3.39,0,0.0,76.56,Below Target,Near Compliant,Slightly Delayed,False
GOV-0002213,2023,7,July,Q3,2023-07-01,FAC-006,Rotterdam Hub,Netherlands,Europe,Environmental,45.29,84.86,5,4,1,41.2,3.39,0,0.0,81.68,Below Target,Non-Compliant,Slightly Delayed,False
GOV-0002214,2023,7,July,Q3,2023-07-01,FAC-006,Rotterdam Hub,Netherlands,Europe,Health & Safety,51.02,83.66,0,0,0,43.9,2.89,0,0.0,79.7,Below Target,Non-Compliant,Slightly Delayed,False
GOV-0002215,2023,7,July,Q3,2023-07-01,FAC-006,Rotterdam Hub,Netherlands,Europe,Human Rights,49.6,86.78,1,0,1,43.0,3.06,0,0.0,81.72,Below Target,Near Compliant,Slightly Delayed,False
GOV-0002216,2023,7,July,Q3,2023-07-01,FAC-006,Rotterdam Hub,Netherlands,Europe,Whistleblower,50.49,83.81,0,0,0,39.0,3.11,0,0.0,81.03,Below Target,Non-Compliant,Slightly Delayed,False
GOV-0002217,2023,7,July,Q3,2023-07-01,FAC-006,Rotterdam Hub,Netherlands,Europe,Code of Conduct,47.85,84.83,0,0,0,41.7,2.64,0,0.0,78.04,Below Target,Non-Compliant,Slightly Delayed,False
GOV-0002218,2023,7,July,Q3,2023-07-01,FAC-006,Rotterdam Hub,Netherlands,Europe,Conflict of Interest,48.2,84.75,3,2,1,45.0,3.14,0,0.0,82.19,Below Target,Non-Compliant,Slightly Delayed,False
GOV-0002219,2023,7,July,Q3,2023-07-01,FAC-006,Rotterdam Hub,Netherlands,Europe,Supplier Standards,48.5,88.54,4,2,2,46.4,3.05,0,0.0,80.21,Below Target,Near Compliant,Significantly Delayed,False
GOV-0002220,2023,7,July,Q3,2023-07-01,FAC-006,Rotterdam Hub,Netherlands,Europe,Information Security,48.81,84.56,3,1,2,49.6,3.42,0,0.0,77.9,Below Target,Non-Compliant,Significantly Delayed,False
GOV-0002221,2023,7,July,Q3,2023-07-01,FAC-007,Lyon Components,France,Europe,Anti-Corruption,48.7,87.53,1,0,1,43.6,3.23,0,0.0,81.28,Below Target,Near Compliant,Slightly Delayed,False
GOV-0002222,2023,7,July,Q3,2023-07-01,FAC-007,Lyon Components,France,Europe,Data Privacy,45.49,82.6,3,2,1,47.8,3.27,0,0.0,78.72,Below Target,Non-Compliant,Significantly Delayed,False
GOV-0002223,2023,7,July,Q3,2023-07-01,FAC-007,Lyon Components,France,Europe,Environmental,48.75,86.21,2,1,1,49.4,3.09,0,0.0,78.84,Below Target,Near Compliant,Significantly Delayed,False
GOV-0002224,2023,7,July,Q3,2023-07-01,FAC-007,Lyon Components,France,Europe,Health & Safety,48.05,86.55,3,2,1,37.8,2.98,0,0.0,80.49,Below Target,Near Compliant,Slightly Delayed,False
GOV-0002225,2023,7,July,Q3,2023-07-01,FAC-007,Lyon Components,France,Europe,Human Rights,50.38,86.28,1,0,1,37.5,3.36,0,0.0,76.56,Below Target,Near Compliant,Slightly Delayed,False
GOV-0002226,2023,7,July,Q3,2023-07-01,FAC-007,Lyon Components,France,Europe,Whistleblower,49.93,81.88,3,2,1,49.9,3.16,0,0.0,82.47,Below Target,Non-Compliant,Significantly Delayed,False
GOV-0002227,2023,7,July,Q3,2023-07-01,FAC-007,Lyon Components,France,Europe,Code of Conduct,45.94,86.01,4,3,1,39.8,3.54,0,0.0,81.36,Below Target,Near Compliant,Slightly Delayed,False
GOV-0002228,2023,7,July,Q3,2023-07-01,FAC-007,Lyon Components,France,Europe,Conflict of Interest,51.17,85.69,2,1,1,45.5,3.07,0,0.0,77.09,Below Target,Near Compliant,Significantly Delayed,False
GOV-0002229,2023,7,July,Q3,2023-07-01,FAC-007,Lyon Components,France,Europe,Supplier Standards,50.17,83.8,4,3,1,46.5,2.9,0,0.0,79.09,Below Target,Non-Compliant,Significantly Delayed,False
GOV-0002230,2023,7,July,Q3,2023-07-01,FAC-007,Lyon Components,France,Europe,Information Security,50.53,80.74,4,3,1,51.2,3.46,0,0.0,77.57,Below Target,Non-Compliant,Significantly Delayed,False
GOV-0002231,2023,7,July,Q3,2023-07-01,FAC-008,Shanghai Manufacturing,China,Asia Pacific,Anti-Corruption,48.22,87.08,5,4,1,45.8,3.2,0,0.0,76.25,Below Target,Near Compliant,Significantly Delayed,False
GOV-0002232,2023,7,July,Q3,2023-07-01,FAC-008,Shanghai Manufacturing,China,Asia Pacific,Data Privacy,49.83,84.82,5,3,2,47.0,3.4,0,0.0,81.46,Below Target,Non-Compliant,Significantly Delayed,False
GOV-0002233,2023,7,July,Q3,2023-07-01,FAC-008,Shanghai Manufacturing,China,Asia Pacific,Environmental,46.49,83.49,1,0,1,48.0,3.42,0,0.0,79.57,Below Target,Non-Compliant,Significantly Delayed,False
GOV-0002234,2023,7,July,Q3,2023-07-01,FAC-008,Shanghai Manufacturing,China,Asia Pacific,Health & Safety,48.67,84.56,4,3,1,39.6,3.21,1,0.0,82.06,Below Target,Non-Compliant,Slightly Delayed,False
GOV-0002235,2023,7,July,Q3,2023-07-01,FAC-008,Shanghai Manufacturing,China,Asia Pacific,Human Rights,48.4,83.94,5,4,1,41.6,3.53,0,0.0,81.01,Below Target,Non-Compliant,Slightly Delayed,False
GOV-0002236,2023,7,July,Q3,2023-07-01,FAC-008,Shanghai Manufacturing,China,Asia Pacific,Whistleblower,48.68,85.09,3,2,1,40.9,3.19,0,0.0,80.23,Below Target,Near Compliant,Slightly Delayed,False
GOV-0002237,2023,7,July,Q3,2023-07-01,FAC-008,Shanghai Manufacturing,China,Asia Pacific,Code of Conduct,46.76,81.91,2,1,1,44.0,3.74,0,77412.31,77.77,Below Target,Non-Compliant,Slightly Delayed,True
GOV-0002238,2023,7,July,Q3,2023-07-01,FAC-008,Shanghai Manufacturing,China,Asia Pacific,Conflict of Interest,49.19,86.33,1,0,1,42.0,3.4,0,0.0,80.13,Below Target,Near Compliant,Slightly Delayed,False
GOV-0002239,2023,7,July,Q3,2023-07-01,FAC-008,Shanghai Manufacturing,China,Asia Pacific,Supplier Standards,47.67,80.29,5,4,1,44.1,2.95,0,0.0,79.41,Below Target,Non-Compliant,Slightly Delayed,False
GOV-0002240,2023,7,July,Q3,2023-07-01,FAC-008,Shanghai Manufacturing,China,Asia Pacific,Information Security,48.19,83.53,4,3,1,39.5,3.31,0,0.0,77.92,Below Target,Non-Compliant,Slightly Delayed,False
GOV-0002241,2023,7,July,Q3,2023-07-01,FAC-009,Bangalore Tech Centre,India,Asia Pacific,Anti-Corruption,49.72,83.61,1,0,1,42.5,2.93,0,0.0,78.43,Below Target,Non-Compliant,Slightly Delayed,False
GOV-0002242,2023,7,July,Q3,2023-07-01,FAC-009,Bangalore Tech Centre,India,Asia Pacific,Data Privacy,51.63,87.46,4,2,2,40.2,3.16,0,0.0,79.59,Below Target,Near Compliant,Slightly Delayed,False
GOV-0002243,2023,7,July,Q3,2023-07-01,FAC-009,Bangalore Tech Centre,India,Asia Pacific,Environmental,49.21,83.31,5,3,2,40.7,3.2,0,0.0,80.64,Below Target,Non-Compliant,Slightly Delayed,False
GOV-0002244,2023,7,July,Q3,2023-07-01,FAC-009,Bangalore Tech Centre,India,Asia Pacific,Health & Safety,51.18,84.01,5,4,1,42.1,2.98,0,0.0,80.07,Below Target,Non-Compliant,Slightly Delayed,False
GOV-0002245,2023,7,July,Q3,2023-07-01,FAC-009,Bangalore Tech Centre,India,Asia Pacific,Human Rights,45.2,82.58,2,1,1,43.2,3.28,0,0.0,79.66,Below Target,Non-Compliant,Slightly Delayed,False
GOV-0002246,2023,7,July,Q3,2023-07-01,FAC-009,Bangalore Tech Centre,India,Asia Pacific,Whistleblower,47.74,82.72,1,0,1,47.6,3.29,0,0.0,79.54,Below Target,Non-Compliant,Significantly Delayed,False
GOV-0002247,2023,7,July,Q3,2023-07-01,FAC-009,Bangalore Tech Centre,India,Asia Pacific,Code of Conduct,48.16,87.51,4,3,1,49.8,3.25,0,0.0,82.76,Below Target,Near Compliant,Significantly Delayed,False
GOV-0002248,2023,7,July,Q3,2023-07-01,FAC-009,Bangalore Tech Centre,India,Asia Pacific,Conflict of Interest,47.53,84.5,0,0,0,43.0,2.82,0,0.0,75.8,Below Target,Non-Compliant,Slightly Delayed,False
GOV-0002249,2023,7,July,Q3,2023-07-01,FAC-009,Bangalore Tech Centre,India,Asia Pacific,Supplier Standards,49.8,89.46,1,0,1,41.9,3.08,0,0.0,81.38,Below Target,Near Compliant,Slightly Delayed,False
GOV-0002250,2023,7,July,Q3,2023-07-01,FAC-009,Bangalore Tech Centre,India,Asia Pacific,Information Security,47.56,85.13,0,0,0,41.7,2.94,0,0.0,79.34,Below Target,Near Compliant,Slightly Delayed,False
GOV-0002251,2023,7,July,Q3,2023-07-01,FAC-010,Singapore Distribution,Singapore,Asia Pacific,Anti-Corruption,50.28,85.02,5,3,2,45.6,3.13,0,0.0,77.49,Below Target,Near Compliant,Significantly Delayed,False
GOV-0002252,2023,7,July,Q3,2023-07-01,FAC-010,Singapore Distribution,Singapore,Asia Pacific,Data Privacy,45.75,86.51,3,2,1,48.9,3.53,0,0.0,79.64,Below Target,Near Compliant,Significantly Delayed,False
GOV-0002253,2023,7,July,Q3,2023-07-01,FAC-010,Singapore Distribution,Singapore,Asia Pacific,Environmental,47.67,84.77,1,0,1,44.6,2.97,0,0.0,78.47,Below Target,Non-Compliant,Slightly Delayed,False
GOV-0002254,2023,7,July,Q3,2023-07-01,FAC-010,Singapore Distribution,Singapore,Asia Pacific,Health & Safety,48.0,86.68,2,1,1,40.7,3.22,0,0.0,78.11,Below Target,Near Compliant,Slightly Delayed,False
GOV-0002255,2023,7,July,Q3,2023-07-01,FAC-010,Singapore Distribution,Singapore,Asia Pacific,Human Rights,49.52,86.11,1,0,1,48.5,3.16,0,0.0,79.09,Below Target,Near Compliant,Significantly Delayed,False
GOV-0002256,2023,7,July,Q3,2023-07-01,FAC-010,Singapore Distribution,Singapore,Asia Pacific,Whistleblower,48.03,82.98,4,3,1,44.9,2.93,0,0.0,79.46,Below Target,Non-Compliant,Slightly Delayed,False
GOV-0002257,2023,7,July,Q3,2023-07-01,FAC-010,Singapore Distribution,Singapore,Asia Pacific,Code of Conduct,49.18,82.03,4,2,2,44.9,3.17,0,0.0,80.14,Below Target,Non-Compliant,Slightly Delayed,False
GOV-0002258,2023,7,July,Q3,2023-07-01,FAC-010,Singapore Distribution,Singapore,Asia Pacific,Conflict of Interest,51.85,84.71,3,2,1,44.3,3.06,0,0.0,80.49,Below Target,Non-Compliant,Slightly Delayed,False
GOV-0002259,2023,7,July,Q3,2023-07-01,FAC-010,Singapore Distribution,Singapore,Asia Pacific,Supplier Standards,50.58,85.85,2,1,1,52.6,3.27,0,0.0,78.15,Below Target,Near Compliant,Significantly Delayed,False
GOV-0002260,2023,7,July,Q3,2023-07-01,FAC-010,Singapore Distribution,Singapore,Asia Pacific,Information Security,48.74,84.61,5,3,2,47.8,3.3,0,0.0,79.22,Below Target,Non-Compliant,Significantly Delayed,False
GOV-0002261,2023,7,July,Q3,2023-07-01,FAC-011,Monterrey Plant,Mexico,Latin America,Anti-Corruption,50.92,85.32,3,2,1,43.0,2.99,0,0.0,80.29,Below Target,Near Compliant,Slightly Delayed,False
GOV-0002262,2023,7,July,Q3,2023-07-01,FAC-011,Monterrey Plant,Mexico,Latin America,Data Privacy,51.21,84.84,5,4,1,39.2,3.36,0,0.0,80.86,Below Target,Non-Compliant,Slightly Delayed,False
GOV-0002263,2023,7,July,Q3,2023-07-01,FAC-011,Monterrey Plant,Mexico,Latin America,Environmental,47.51,82.84,3,2,1,42.5,2.96,0,0.0,80.1,Below Target,Non-Compliant,Slightly Delayed,False
GOV-0002264,2023,7,July,Q3,2023-07-01,FAC-011,Monterrey Plant,Mexico,Latin America,Health & Safety,51.27,84.8,3,2,1,40.1,3.36,0,0.0,77.89,Below Target,Non-Compliant,Slightly Delayed,False
GOV-0002265,2023,7,July,Q3,2023-07-01,FAC-011,Monterrey Plant,Mexico,Latin America,Human Rights,51.29,82.67,4,3,1,45.2,3.02,0,0.0,80.19,Below Target,Non-Compliant,Significantly Delayed,False
GOV-0002266,2023,7,July,Q3,2023-07-01,FAC-011,Monterrey Plant,Mexico,Latin America,Whistleblower,50.43,82.72,0,0,0,43.1,3.15,0,0.0,77.59,Below Target,Non-Compliant,Slightly Delayed,False
GOV-0002267,2023,7,July,Q3,2023-07-01,FAC-011,Monterrey Plant,Mexico,Latin America,Code of Conduct,46.11,87.16,4,3,1,41.7,3.01,0,0.0,82.18,Below Target,Near Compliant,Slightly Delayed,False
GOV-0002268,2023,7,July,Q3,2023-07-01,FAC-011,Monterrey Plant,Mexico,Latin America,Conflict of Interest,49.39,82.12,5,3,2,46.9,3.61,0,0.0,80.38,Below Target,Non-Compliant,Significantly Delayed,False
GOV-0002269,2023,7,July,Q3,2023-07-01,FAC-011,Monterrey Plant,Mexico,Latin America,Supplier Standards,49.07,84.75,4,2,2,39.4,3.5,0,0.0,81.64,Below Target,Non-Compliant,Slightly Delayed,False
GOV-0002270,2023,7,July,Q3,2023-07-01,FAC-011,Monterrey Plant,Mexico,Latin America,Information Security,46.97,82.58,0,0,0,42.6,3.19,0,0.0,79.53,Below Target,Non-Compliant,Slightly Delayed,False
GOV-0002271,2023,7,July,Q3,2023-07-01,FAC-012,Sao Paulo Operations,Brazil,Latin America,Anti-Corruption,51.47,84.77,2,1,1,44.6,3.29,0,0.0,78.9,Below Target,Non-Compliant,Slightly Delayed,False
GOV-0002272,2023,7,July,Q3,2023-07-01,FAC-012,Sao Paulo Operations,Brazil,Latin America,Data Privacy,50.22,83.0,5,4,1,44.9,3.44,0,0.0,75.58,Below Target,Non-Compliant,Slightly Delayed,False
GOV-0002273,2023,7,July,Q3,2023-07-01,FAC-012,Sao Paulo Operations,Brazil,Latin America,Environmental,50.95,85.77,4,2,2,43.1,3.21,0,0.0,82.31,Below Target,Near Compliant,Slightly Delayed,False
GOV-0002274,2023,7,July,Q3,2023-07-01,FAC-012,Sao Paulo Operations,Brazil,Latin America,Health & Safety,48.35,85.64,1,0,1,42.4,3.25,0,0.0,78.43,Below Target,Near Compliant,Slightly Delayed,False
GOV-0002275,2023,7,July,Q3,2023-07-01,FAC-012,Sao Paulo Operations,Brazil,Latin America,Human Rights,51.04,86.44,4,3,1,41.6,3.05,0,0.0,80.26,Below Target,Near Compliant,Slightly Delayed,False
GOV-0002276,2023,7,July,Q3,2023-07-01,FAC-012,Sao Paulo Operations,Brazil,Latin America,Whistleblower,49.92,85.07,0,0,0,39.4,3.27,0,0.0,78.58,Below Target,Near Compliant,Slightly Delayed,False
GOV-0002277,2023,7,July,Q3,2023-07-01,FAC-012,Sao Paulo Operations,Brazil,Latin America,Code of Conduct,50.72,85.73,3,2,1,45.1,2.84,0,0.0,77.17,Below Target,Near Compliant,Significantly Delayed,False
GOV-0002278,2023,7,July,Q3,2023-07-01,FAC-012,Sao Paulo Operations,Brazil,Latin America,Conflict of Interest,49.43,80.28,2,1,1,43.3,3.11,0,0.0,79.78,Below Target,Non-Compliant,Slightly Delayed,False
GOV-0002279,2023,7,July,Q3,2023-07-01,FAC-012,Sao Paulo Operations,Brazil,Latin America,Supplier Standards,45.69,83.94,5,3,2,42.6,3.45,0,0.0,80.08,Below Target,Non-Compliant,Slightly Delayed,False
GOV-0002280,2023,7,July,Q3,2023-07-01,FAC-012,Sao Paulo Operations,Brazil,Latin America,Information Security,46.87,83.24,4,2,2,42.9,3.45,0,0.0,81.32,Below Target,Non-Compliant,Slightly Delayed,False
GOV-0002281,2023,8,August,Q3,2023-08-01,FAC-001,Chicago Main Plant,USA,North America,Anti-Corruption,49.72,84.06,2,1,1,43.5,3.35,0,0.0,76.52,Below Target,Non-Compliant,Slightly Delayed,False
GOV-0002282,2023,8,August,Q3,2023-08-01,FAC-001,Chicago Main Plant,USA,North America,Data Privacy,51.72,84.52,0,0,0,46.5,3.72,0,0.0,80.91,Below Target,Non-Compliant,Significantly Delayed,False
GOV-0002283,2023,8,August,Q3,2023-08-01,FAC-001,Chicago Main Plant,USA,North America,Environmental,51.91,81.38,2,1,1,42.8,2.81,0,0.0,79.78,Below Target,Non-Compliant,Slightly Delayed,False
GOV-0002284,2023,8,August,Q3,2023-08-01,FAC-001,Chicago Main Plant,USA,North America,Health & Safety,51.46,83.12,5,3,2,47.0,3.13,0,0.0,81.45,Below Target,Non-Compliant,Significantly Delayed,False
GOV-0002285,2023,8,August,Q3,2023-08-01,FAC-001,Chicago Main Plant,USA,North America,Human Rights,52.73,80.82,1,0,1,47.1,3.34,0,0.0,79.49,Below Target,Non-Compliant,Significantly Delayed,False
GOV-0002286,2023,8,August,Q3,2023-08-01,FAC-001,Chicago Main Plant,USA,North America,Whistleblower,47.49,84.05,3,2,1,38.3,3.1,0,0.0,80.97,Below Target,Non-Compliant,Slightly Delayed,False
GOV-0002287,2023,8,August,Q3,2023-08-01,FAC-001,Chicago Main Plant,USA,North America,Code of Conduct,48.92,85.57,3,2,1,43.8,3.04,0,0.0,81.73,Below Target,Near Compliant,Slightly Delayed,False
GOV-0002288,2023,8,August,Q3,2023-08-01,FAC-001,Chicago Main Plant,USA,North America,Conflict of Interest,48.81,84.0,0,0,0,39.3,3.01,0,0.0,77.58,Below Target,Non-Compliant,Slightly Delayed,False
GOV-0002289,2023,8,August,Q3,2023-08-01,FAC-001,Chicago Main Plant,USA,North America,Supplier Standards,51.63,86.64,3,2,1,50.8,3.3,0,0.0,78.35,Below Target,Near Compliant,Significantly Delayed,False
GOV-0002290,2023,8,August,Q3,2023-08-01,FAC-001,Chicago Main Plant,USA,North America,Information Security,49.13,81.85,4,3,1,46.9,3.21,0,0.0,82.36,Below Target,Non-Compliant,Significantly Delayed,False
GOV-0002291,2023,8,August,Q3,2023-08-01,FAC-002,Detroit Assembly,USA,North America,Anti-Corruption,49.8,86.84,5,3,2,35.7,3.3,0,0.0,79.11,Below Target,Near Compliant,Slightly Delayed,False
GOV-0002292,2023,8,August,Q3,2023-08-01,FAC-002,Detroit Assembly,USA,North America,Data Privacy,49.98,87.96,1,0,1,46.7,3.0,0,0.0,80.76,Below Target,Near Compliant,Significantly Delayed,False
GOV-0002293,2023,8,August,Q3,2023-08-01,FAC-002,Detroit Assembly,USA,North America,Environmental,49.67,85.48,0,0,0,37.4,3.19,0,0.0,77.87,Below Target,Near Compliant,Slightly Delayed,False
GOV-0002294,2023,8,August,Q3,2023-08-01,FAC-002,Detroit Assembly,USA,North America,Health & Safety,47.1,86.29,4,2,2,40.1,3.72,0,0.0,79.34,Below Target,Near Compliant,Slightly Delayed,False
GOV-0002295,2023,8,August,Q3,2023-08-01,FAC-002,Detroit Assembly,USA,North America,Human Rights,49.49,84.3,5,4,1,46.6,3.24,0,0.0,79.12,Below Target,Non-Compliant,Significantly Delayed,False
GOV-0002296,2023,8,August,Q3,2023-08-01,FAC-002,Detroit Assembly,USA,North America,Whistleblower,50.42,86.24,0,0,0,45.2,3.45,0,0.0,76.62,Below Target,Near Compliant,Significantly Delayed,False
GOV-0002297,2023,8,August,Q3,2023-08-01,FAC-002,Detroit Assembly,USA,North America,Code of Conduct,51.66,84.85,2,1,1,42.5,3.3,0,0.0,80.72,Below Target,Non-Compliant,Slightly Delayed,False
GOV-0002298,2023,8,August,Q3,2023-08-01,FAC-002,Detroit Assembly,USA,North America,Conflict of Interest,46.97,81.58,5,4,1,43.6,3.01,0,0.0,77.37,Below Target,Non-Compliant,Slightly Delayed,False
GOV-0002299,2023,8,August,Q3,2023-08-01,FAC-002,Detroit Assembly,USA,North America,Supplier Standards,46.97,86.52,3,2,1,38.2,3.44,0,0.0,80.96,Below Target,Near Compliant,Slightly Delayed,False
GOV-0002300,2023,8,August,Q3,2023-08-01,FAC-002,Detroit Assembly,USA,North America,Information Security,49.25,87.01,3,2,1,45.3,3.25,0,0.0,78.42,Below Target,Near Compliant,Significantly Delayed,False
GOV-0002301,2023,8,August,Q3,2023-08-01,FAC-003,Toronto Operations,Canada,North America,Anti-Corruption,51.25,85.59,5,4,1,43.9,3.57,0,0.0,77.79,Below Target,Near Compliant,Slightly Delayed,False
GOV-0002302,2023,8,August,Q3,2023-08-01,FAC-003,Toronto Operations,Canada,North America,Data Privacy,50.79,85.3,3,2,1,47.0,3.41,0,0.0,78.89,Below Target,Near Compliant,Significantly Delayed,False
GOV-0002303,2023,8,August,Q3,2023-08-01,FAC-003,Toronto Operations,Canada,North America,Environmental,47.0,84.47,5,3,2,41.3,3.53,0,0.0,80.35,Below Target,Non-Compliant,Slightly Delayed,False
GOV-0002304,2023,8,August,Q3,2023-08-01,FAC-003,Toronto Operations,Canada,North America,Health & Safety,52.2,83.6,3,1,2,41.8,3.32,0,0.0,81.32,Below Target,Non-Compliant,Slightly Delayed,False
GOV-0002305,2023,8,August,Q3,2023-08-01,FAC-003,Toronto Operations,Canada,North America,Human Rights,48.49,84.92,2,1,1,44.4,3.73,1,0.0,80.6,Below Target,Non-Compliant,Slightly Delayed,False
GOV-0002306,2023,8,August,Q3,2023-08-01,FAC-003,Toronto Operations,Canada,North America,Whistleblower,49.59,85.95,5,4,1,49.0,3.17,0,0.0,77.39,Below Target,Near Compliant,Significantly Delayed,False
GOV-0002307,2023,8,August,Q3,2023-08-01,FAC-003,Toronto Operations,Canada,North America,Code of Conduct,52.06,83.7,3,2,1,40.0,3.51,0,0.0,77.73,Below Target,Non-Compliant,Slightly Delayed,False
GOV-0002308,2023,8,August,Q3,2023-08-01,FAC-003,Toronto Operations,Canada,North America,Conflict of Interest,52.67,84.95,3,2,1,44.3,3.29,0,0.0,80.98,Below Target,Non-Compliant,Slightly Delayed,False
GOV-0002309,2023,8,August,Q3,2023-08-01,FAC-003,Toronto Operations,Canada,North America,Supplier Standards,49.59,86.35,0,0,0,41.3,3.39,0,0.0,80.01,Below Target,Near Compliant,Slightly Delayed,False
GOV-0002310,2023,8,August,Q3,2023-08-01,FAC-003,Toronto Operations,Canada,North America,Information Security,48.63,82.88,4,2,2,45.6,3.32,0,0.0,80.16,Below Target,Non-Compliant,Significantly Delayed,False
GOV-0002311,2023,8,August,Q3,2023-08-01,FAC-004,Munich Precision Works,Germany,Europe,Anti-Corruption,48.55,82.21,1,0,1,41.0,3.3,0,0.0,80.27,Below Target,Non-Compliant,Slightly Delayed,False
GOV-0002312,2023,8,August,Q3,2023-08-01,FAC-004,Munich Precision Works,Germany,Europe,Data Privacy,49.49,84.67,1,0,1,43.5,3.6,0,0.0,80.25,Below Target,Non-Compliant,Slightly Delayed,False
GOV-0002313,2023,8,August,Q3,2023-08-01,FAC-004,Munich Precision Works,Germany,Europe,Environmental,48.97,82.31,4,3,1,46.1,3.93,0,0.0,78.06,Below Target,Non-Compliant,Significantly Delayed,False
GOV-0002314,2023,8,August,Q3,2023-08-01,FAC-004,Munich Precision Works,Germany,Europe,Health & Safety,50.71,86.82,4,3,1,46.1,3.08,0,0.0,82.65,Below Target,Near Compliant,Significantly Delayed,False
GOV-0002315,2023,8,August,Q3,2023-08-01,FAC-004,Munich Precision Works,Germany,Europe,Human Rights,48.33,84.27,3,2,1,50.7,3.15,0,0.0,77.11,Below Target,Non-Compliant,Significantly Delayed,False
GOV-0002316,2023,8,August,Q3,2023-08-01,FAC-004,Munich Precision Works,Germany,Europe,Whistleblower,49.77,88.53,1,0,1,44.5,3.14,0,0.0,78.21,Below Target,Near Compliant,Slightly Delayed,False
GOV-0002317,2023,8,August,Q3,2023-08-01,FAC-004,Munich Precision Works,Germany,Europe,Code of Conduct,53.59,86.81,5,3,2,45.5,3.72,0,0.0,80.31,Below Target,Near Compliant,Significantly Delayed,False
GOV-0002318,2023,8,August,Q3,2023-08-01,FAC-004,Munich Precision Works,Germany,Europe,Conflict of Interest,49.12,85.48,1,0,1,39.7,3.13,0,0.0,78.84,Below Target,Near Compliant,Slightly Delayed,False
GOV-0002319,2023,8,August,Q3,2023-08-01,FAC-004,Munich Precision Works,Germany,Europe,Supplier Standards,52.69,85.76,4,2,2,44.5,3.21,0,0.0,78.74,Below Target,Near Compliant,Slightly Delayed,False
GOV-0002320,2023,8,August,Q3,2023-08-01,FAC-004,Munich Precision Works,Germany,Europe,Information Security,49.81,86.01,1,0,1,41.3,3.26,0,0.0,79.67,Below Target,Near Compliant,Slightly Delayed,False
GOV-0002321,2023,8,August,Q3,2023-08-01,FAC-005,Stuttgart Engineering,Germany,Europe,Anti-Corruption,49.11,84.99,3,2,1,45.3,3.17,0,0.0,80.94,Below Target,Non-Compliant,Significantly Delayed,False
GOV-0002322,2023,8,August,Q3,2023-08-01,FAC-005,Stuttgart Engineering,Germany,Europe,Data Privacy,49.97,84.09,4,3,1,45.2,3.41,0,0.0,77.05,Below Target,Non-Compliant,Significantly Delayed,False
GOV-0002323,2023,8,August,Q3,2023-08-01,FAC-005,Stuttgart Engineering,Germany,Europe,Environmental,48.2,87.53,3,2,1,43.2,3.28,0,0.0,78.99,Below Target,Near Compliant,Slightly Delayed,False
GOV-0002324,2023,8,August,Q3,2023-08-01,FAC-005,Stuttgart Engineering,Germany,Europe,Health & Safety,48.14,82.83,5,3,2,44.7,3.34,0,0.0,79.59,Below Target,Non-Compliant,Slightly Delayed,False
GOV-0002325,2023,8,August,Q3,2023-08-01,FAC-005,Stuttgart Engineering,Germany,Europe,Human Rights,47.68,86.99,4,3,1,46.8,2.85,0,0.0,79.98,Below Target,Near Compliant,Significantly Delayed,False
GOV-0002326,2023,8,August,Q3,2023-08-01,FAC-005,Stuttgart Engineering,Germany,Europe,Whistleblower,48.34,81.76,1,0,1,36.3,2.82,0,0.0,77.81,Below Target,Non-Compliant,Slightly Delayed,False
GOV-0002327,2023,8,August,Q3,2023-08-01,FAC-005,Stuttgart Engineering,Germany,Europe,Code of Conduct,51.02,84.51,5,3,2,43.5,3.5,0,0.0,80.28,Below Target,Non-Compliant,Slightly Delayed,False
GOV-0002328,2023,8,August,Q3,2023-08-01,FAC-005,Stuttgart Engineering,Germany,Europe,Conflict of Interest,51.56,83.29,0,0,0,44.2,3.47,0,0.0,78.73,Below Target,Non-Compliant,Slightly Delayed,False
GOV-0002329,2023,8,August,Q3,2023-08-01,FAC-005,Stuttgart Engineering,Germany,Europe,Supplier Standards,50.44,85.04,2,1,1,43.9,3.33,0,0.0,77.75,Below Target,Near Compliant,Slightly Delayed,False
GOV-0002330,2023,8,August,Q3,2023-08-01,FAC-005,Stuttgart Engineering,Germany,Europe,Information Security,51.74,87.18,0,0,0,45.8,2.87,0,0.0,77.15,Below Target,Near Compliant,Significantly Delayed,False
GOV-0002331,2023,8,August,Q3,2023-08-01,FAC-006,Rotterdam Hub,Netherlands,Europe,Anti-Corruption,48.16,85.7,1,0,1,44.3,3.2,0,0.0,80.9,Below Target,Near Compliant,Slightly Delayed,False
GOV-0002332,2023,8,August,Q3,2023-08-01,FAC-006,Rotterdam Hub,Netherlands,Europe,Data Privacy,48.5,88.29,0,0,0,35.0,2.97,0,0.0,80.76,Below Target,Near Compliant,Slightly Delayed,False
GOV-0002333,2023,8,August,Q3,2023-08-01,FAC-006,Rotterdam Hub,Netherlands,Europe,Environmental,49.74,87.83,0,0,0,43.7,3.04,0,0.0,82.81,Below Target,Near Compliant,Slightly Delayed,False
GOV-0002334,2023,8,August,Q3,2023-08-01,FAC-006,Rotterdam Hub,Netherlands,Europe,Health & Safety,44.64,85.4,4,2,2,42.2,3.21,0,0.0,77.6,Below Target,Near Compliant,Slightly Delayed,False
GOV-0002335,2023,8,August,Q3,2023-08-01,FAC-006,Rotterdam Hub,Netherlands,Europe,Human Rights,48.93,84.3,1,0,1,42.8,3.2,0,0.0,81.71,Below Target,Non-Compliant,Slightly Delayed,False
GOV-0002336,2023,8,August,Q3,2023-08-01,FAC-006,Rotterdam Hub,Netherlands,Europe,Whistleblower,49.51,83.41,3,2,1,41.7,2.92,0,0.0,78.77,Below Target,Non-Compliant,Slightly Delayed,False
GOV-0002337,2023,8,August,Q3,2023-08-01,FAC-006,Rotterdam Hub,Netherlands,Europe,Code of Conduct,50.09,82.6,0,0,0,44.2,3.42,0,0.0,77.98,Below Target,Non-Compliant,Slightly Delayed,False
GOV-0002338,2023,8,August,Q3,2023-08-01,FAC-006,Rotterdam Hub,Netherlands,Europe,Conflict of Interest,51.88,85.37,5,3,2,41.0,3.37,0,0.0,79.12,Below Target,Near Compliant,Slightly Delayed,False
GOV-0002339,2023,8,August,Q3,2023-08-01,FAC-006,Rotterdam Hub,Netherlands,Europe,Supplier Standards,45.33,84.97,3,2,1,44.0,2.96,0,0.0,79.89,Below Target,Non-Compliant,Slightly Delayed,False
GOV-0002340,2023,8,August,Q3,2023-08-01,FAC-006,Rotterdam Hub,Netherlands,Europe,Information Security,48.91,81.69,0,0,0,43.1,2.84,0,0.0,79.4,Below Target,Non-Compliant,Slightly Delayed,False
GOV-0002341,2023,8,August,Q3,2023-08-01,FAC-007,Lyon Components,France,Europe,Anti-Corruption,49.09,86.42,3,1,2,43.9,3.27,0,0.0,81.23,Below Target,Near Compliant,Slightly Delayed,False
GOV-0002342,2023,8,August,Q3,2023-08-01,FAC-007,Lyon Components,France,Europe,Data Privacy,49.05,84.84,5,4,1,42.1,3.59,0,0.0,77.52,Below Target,Non-Compliant,Slightly Delayed,False
GOV-0002343,2023,8,August,Q3,2023-08-01,FAC-007,Lyon Components,France,Europe,Environmental,50.24,84.69,4,3,1,44.9,3.22,0,0.0,78.03,Below Target,Non-Compliant,Slightly Delayed,False
GOV-0002344,2023,8,August,Q3,2023-08-01,FAC-007,Lyon Components,France,Europe,Health & Safety,48.77,84.57,1,0,1,39.0,2.74,0,0.0,83.17,Below Target,Non-Compliant,Slightly Delayed,False
GOV-0002345,2023,8,August,Q3,2023-08-01,FAC-007,Lyon Components,France,Europe,Human Rights,49.48,85.56,2,1,1,43.6,3.16,0,0.0,79.17,Below Target,Near Compliant,Slightly Delayed,False
GOV-0002346,2023,8,August,Q3,2023-08-01,FAC-007,Lyon Components,France,Europe,Whistleblower,50.32,84.43,0,0,0,45.8,3.25,0,0.0,78.74,Below Target,Non-Compliant,Significantly Delayed,False
GOV-0002347,2023,8,August,Q3,2023-08-01,FAC-007,Lyon Components,France,Europe,Code of Conduct,48.65,83.36,5,3,2,47.2,3.13,0,0.0,81.77,Below Target,Non-Compliant,Significantly Delayed,False
GOV-0002348,2023,8,August,Q3,2023-08-01,FAC-007,Lyon Components,France,Europe,Conflict of Interest,51.76,83.7,2,1,1,41.5,3.15,0,0.0,75.59,Below Target,Non-Compliant,Slightly Delayed,False
GOV-0002349,2023,8,August,Q3,2023-08-01,FAC-007,Lyon Components,France,Europe,Supplier Standards,51.74,82.77,2,1,1,39.8,3.59,0,0.0,79.88,Below Target,Non-Compliant,Slightly Delayed,False
GOV-0002350,2023,8,August,Q3,2023-08-01,FAC-007,Lyon Components,France,Europe,Information Security,51.67,84.33,0,0,0,45.7,3.11,0,0.0,78.49,Below Target,Non-Compliant,Significantly Delayed,False
GOV-0002351,2023,8,August,Q3,2023-08-01,FAC-008,Shanghai Manufacturing,China,Asia Pacific,Anti-Corruption,48.78,84.62,2,1,1,33.9,3.18,0,11473.34,77.04,Below Target,Non-Compliant,Slightly Delayed,True
GOV-0002352,2023,8,August,Q3,2023-08-01,FAC-008,Shanghai Manufacturing,China,Asia Pacific,Data Privacy,50.23,85.73,4,3,1,44.3,3.15,0,0.0,79.5,Below Target,Near Compliant,Slightly Delayed,False
GOV-0002353,2023,8,August,Q3,2023-08-01,FAC-008,Shanghai Manufacturing,China,Asia Pacific,Environmental,52.7,83.13,1,0,1,43.3,3.08,0,0.0,83.35,Below Target,Non-Compliant,Slightly Delayed,False
GOV-0002354,2023,8,August,Q3,2023-08-01,FAC-008,Shanghai Manufacturing,China,Asia Pacific,Health & Safety,50.68,86.81,2,1,1,42.0,3.24,0,0.0,76.53,Below Target,Near Compliant,Slightly Delayed,False
GOV-0002355,2023,8,August,Q3,2023-08-01,FAC-008,Shanghai Manufacturing,China,Asia Pacific,Human Rights,47.93,86.23,4,3,1,44.1,3.42,0,0.0,78.24,Below Target,Near Compliant,Slightly Delayed,False
GOV-0002356,2023,8,August,Q3,2023-08-01,FAC-008,Shanghai Manufacturing,China,Asia Pacific,Whistleblower,48.58,83.42,1,0,1,38.5,3.62,0,0.0,77.32,Below Target,Non-Compliant,Slightly Delayed,False
GOV-0002357,2023,8,August,Q3,2023-08-01,FAC-008,Shanghai Manufacturing,China,Asia Pacific,Code of Conduct,49.78,85.01,3,2,1,44.0,2.98,0,0.0,81.65,Below Target,Near Compliant,Slightly Delayed,False
GOV-0002358,2023,8,August,Q3,2023-08-01,FAC-008,Shanghai Manufacturing,China,Asia Pacific,Conflict of Interest,49.71,84.88,0,0,0,43.2,3.51,0,0.0,79.25,Below Target,Non-Compliant,Slightly Delayed,False
GOV-0002359,2023,8,August,Q3,2023-08-01,FAC-008,Shanghai Manufacturing,China,Asia Pacific,Supplier Standards,50.77,81.97,2,1,1,48.6,3.04,0,0.0,79.0,Below Target,Non-Compliant,Significantly Delayed,False
GOV-0002360,2023,8,August,Q3,2023-08-01,FAC-008,Shanghai Manufacturing,China,Asia Pacific,Information Security,48.94,83.62,5,3,2,49.0,3.24,0,0.0,76.84,Below Target,Non-Compliant,Significantly Delayed,False
GOV-0002361,2023,8,August,Q3,2023-08-01,FAC-009,Bangalore Tech Centre,India,Asia Pacific,Anti-Corruption,52.03,85.33,5,3,2,44.9,2.99,0,0.0,77.51,Below Target,Near Compliant,Slightly Delayed,False
GOV-0002362,2023,8,August,Q3,2023-08-01,FAC-009,Bangalore Tech Centre,India,Asia Pacific,Data Privacy,47.49,81.74,3,2,1,38.7,3.37,0,0.0,76.27,Below Target,Non-Compliant,Slightly Delayed,False
GOV-0002363,2023,8,August,Q3,2023-08-01,FAC-009,Bangalore Tech Centre,India,Asia Pacific,Environmental,49.81,84.78,1,0,1,50.6,3.0,0,0.0,80.46,Below Target,Non-Compliant,Significantly Delayed,False
GOV-0002364,2023,8,August,Q3,2023-08-01,FAC-009,Bangalore Tech Centre,India,Asia Pacific,Health & Safety,47.39,85.39,3,2,1,46.7,3.04,0,0.0,77.34,Below Target,Near Compliant,Significantly Delayed,False
GOV-0002365,2023,8,August,Q3,2023-08-01,FAC-009,Bangalore Tech Centre,India,Asia Pacific,Human Rights,52.64,87.42,4,3,1,43.4,3.67,0,0.0,79.11,Below Target,Near Compliant,Slightly Delayed,False
GOV-0002366,2023,8,August,Q3,2023-08-01,FAC-009,Bangalore Tech Centre,India,Asia Pacific,Whistleblower,50.51,85.48,1,0,1,45.6,3.22,0,0.0,78.86,Below Target,Near Compliant,Significantly Delayed,False
GOV-0002367,2023,8,August,Q3,2023-08-01,FAC-009,Bangalore Tech Centre,India,Asia Pacific,Code of Conduct,49.59,85.76,4,2,2,37.0,3.17,0,0.0,81.15,Below Target,Near Compliant,Slightly Delayed,False
GOV-0002368,2023,8,August,Q3,2023-08-01,FAC-009,Bangalore Tech Centre,India,Asia Pacific,Conflict of Interest,49.64,85.37,3,2,1,37.6,3.33,0,0.0,78.75,Below Target,Near Compliant,Slightly Delayed,False
GOV-0002369,2023,8,August,Q3,2023-08-01,FAC-009,Bangalore Tech Centre,India,Asia Pacific,Supplier Standards,48.44,84.2,2,1,1,43.9,3.18,0,0.0,76.84,Below Target,Non-Compliant,Slightly Delayed,False
GOV-0002370,2023,8,August,Q3,2023-08-01,FAC-009,Bangalore Tech Centre,India,Asia Pacific,Information Security,50.52,87.74,1,0,1,42.5,2.8,0,0.0,79.93,Below Target,Near Compliant,Slightly Delayed,False
GOV-0002371,2023,8,August,Q3,2023-08-01,FAC-010,Singapore Distribution,Singapore,Asia Pacific,Anti-Corruption,49.22,84.92,5,4,1,41.3,3.38,0,0.0,80.49,Below Target,Non-Compliant,Slightly Delayed,False
GOV-0002372,2023,8,August,Q3,2023-08-01,FAC-010,Singapore Distribution,Singapore,Asia Pacific,Data Privacy,51.66,84.77,3,1,2,44.7,2.95,0,0.0,79.41,Below Target,Non-Compliant,Slightly Delayed,False
GOV-0002373,2023,8,August,Q3,2023-08-01,FAC-010,Singapore Distribution,Singapore,Asia Pacific,Environmental,46.16,84.72,1,0,1,44.5,2.97,1,0.0,80.79,Below Target,Non-Compliant,Slightly Delayed,False
GOV-0002374,2023,8,August,Q3,2023-08-01,FAC-010,Singapore Distribution,Singapore,Asia Pacific,Health & Safety,49.2,84.74,3,2,1,35.5,3.3,0,71869.62,79.81,Below Target,Non-Compliant,Slightly Delayed,True
GOV-0002375,2023,8,August,Q3,2023-08-01,FAC-010,Singapore Distribution,Singapore,Asia Pacific,Human Rights,50.37,84.74,3,2,1,42.8,3.34,0,0.0,82.45,Below Target,Non-Compliant,Slightly Delayed,False
GOV-0002376,2023,8,August,Q3,2023-08-01,FAC-010,Singapore Distribution,Singapore,Asia Pacific,Whistleblower,51.23,86.79,3,2,1,44.3,3.13,0,0.0,80.22,Below Target,Near Compliant,Slightly Delayed,False
GOV-0002377,2023,8,August,Q3,2023-08-01,FAC-010,Singapore Distribution,Singapore,Asia Pacific,Code of Conduct,49.34,87.29,4,3,1,51.3,3.24,0,0.0,75.33,Below Target,Near Compliant,Significantly Delayed,False
GOV-0002378,2023,8,August,Q3,2023-08-01,FAC-010,Singapore Distribution,Singapore,Asia Pacific,Conflict of Interest,49.56,85.11,3,2,1,44.4,3.2,0,0.0,78.44,Below Target,Near Compliant,Slightly Delayed,False
GOV-0002379,2023,8,August,Q3,2023-08-01,FAC-010,Singapore Distribution,Singapore,Asia Pacific,Supplier Standards,53.28,84.91,4,3,1,39.9,3.36,0,0.0,79.46,Below Target,Non-Compliant,Slightly Delayed,False
GOV-0002380,2023,8,August,Q3,2023-08-01,FAC-010,Singapore Distribution,Singapore,Asia Pacific,Information Security,50.08,85.43,0,0,0,40.9,2.97,0,0.0,82.84,Below Target,Near Compliant,Slightly Delayed,False
GOV-0002381,2023,8,August,Q3,2023-08-01,FAC-011,Monterrey Plant,Mexico,Latin America,Anti-Corruption,48.25,87.01,0,0,0,46.8,2.89,0,136679.95,76.47,Below Target,Near Compliant,Significantly Delayed,True
GOV-0002382,2023,8,August,Q3,2023-08-01,FAC-011,Monterrey Plant,Mexico,Latin America,Data Privacy,51.81,84.89,5,4,1,48.6,3.24,0,0.0,78.82,Below Target,Non-Compliant,Significantly Delayed,False
GOV-0002383,2023,8,August,Q3,2023-08-01,FAC-011,Monterrey Plant,Mexico,Latin America,Environmental,50.44,83.76,2,1,1,45.0,3.19,0,0.0,76.49,Below Target,Non-Compliant,Slightly Delayed,False
GOV-0002384,2023,8,August,Q3,2023-08-01,FAC-011,Monterrey Plant,Mexico,Latin America,Health & Safety,50.33,87.73,1,0,1,40.4,3.31,0,0.0,81.07,Below Target,Near Compliant,Slightly Delayed,False
GOV-0002385,2023,8,August,Q3,2023-08-01,FAC-011,Monterrey Plant,Mexico,Latin America,Human Rights,49.65,85.04,4,2,2,46.5,3.5,0,0.0,78.3,Below Target,Near Compliant,Significantly Delayed,False
GOV-0002386,2023,8,August,Q3,2023-08-01,FAC-011,Monterrey Plant,Mexico,Latin America,Whistleblower,48.97,85.71,2,1,1,46.3,2.91,0,0.0,81.34,Below Target,Near Compliant,Significantly Delayed,False
GOV-0002387,2023,8,August,Q3,2023-08-01,FAC-011,Monterrey Plant,Mexico,Latin America,Code of Conduct,51.12,85.03,1,0,1,42.5,3.26,0,0.0,80.5,Below Target,Near Compliant,Slightly Delayed,False
GOV-0002388,2023,8,August,Q3,2023-08-01,FAC-011,Monterrey Plant,Mexico,Latin America,Conflict of Interest,48.34,84.32,1,0,1,48.6,3.26,0,0.0,78.14,Below Target,Non-Compliant,Significantly Delayed,False
GOV-0002389,2023,8,August,Q3,2023-08-01,FAC-011,Monterrey Plant,Mexico,Latin America,Supplier Standards,47.47,84.35,3,2,1,43.6,3.59,0,0.0,81.05,Below Target,Non-Compliant,Slightly Delayed,False
GOV-0002390,2023,8,August,Q3,2023-08-01,FAC-011,Monterrey Plant,Mexico,Latin America,Information Security,48.67,86.06,2,1,1,44.6,2.77,1,0.0,79.5,Below Target,Near Compliant,Slightly Delayed,False
GOV-0002391,2023,8,August,Q3,2023-08-01,FAC-012,Sao Paulo Operations,Brazil,Latin America,Anti-Corruption,47.51,85.43,2,1,1,45.1,3.52,0,0.0,82.09,Below Target,Near Compliant,Significantly Delayed,False
GOV-0002392,2023,8,August,Q3,2023-08-01,FAC-012,Sao Paulo Operations,Brazil,Latin America,Data Privacy,52.1,84.15,5,3,2,47.1,3.48,0,0.0,81.07,Below Target,Non-Compliant,Significantly Delayed,False
GOV-0002393,2023,8,August,Q3,2023-08-01,FAC-012,Sao Paulo Operations,Brazil,Latin America,Environmental,47.79,86.04,4,3,1,45.4,3.81,0,0.0,81.72,Below Target,Near Compliant,Significantly Delayed,False
GOV-0002394,2023,8,August,Q3,2023-08-01,FAC-012,Sao Paulo Operations,Brazil,Latin America,Health & Safety,50.36,87.66,2,1,1,42.7,2.99,0,0.0,79.59,Below Target,Near Compliant,Slightly Delayed,False
GOV-0002395,2023,8,August,Q3,2023-08-01,FAC-012,Sao Paulo Operations,Brazil,Latin America,Human Rights,45.87,85.01,5,3,2,43.5,2.87,0,0.0,81.8,Below Target,Near Compliant,Slightly Delayed,False
GOV-0002396,2023,8,August,Q3,2023-08-01,FAC-012,Sao Paulo Operations,Brazil,Latin America,Whistleblower,48.94,84.53,1,0,1,46.3,3.36,0,0.0,78.33,Below Target,Non-Compliant,Significantly Delayed,False
GOV-0002397,2023,8,August,Q3,2023-08-01,FAC-012,Sao Paulo Operations,Brazil,Latin America,Code of Conduct,47.78,84.24,4,2,2,42.2,3.39,0,0.0,78.59,Below Target,Non-Compliant,Slightly Delayed,False
GOV-0002398,2023,8,August,Q3,2023-08-01,FAC-012,Sao Paulo Operations,Brazil,Latin America,Conflict of Interest,51.44,84.0,3,2,1,43.2,2.8,0,0.0,78.33,Below Target,Non-Compliant,Slightly Delayed,False
GOV-0002399,2023,8,August,Q3,2023-08-01,FAC-012,Sao Paulo Operations,Brazil,Latin America,Supplier Standards,52.79,81.55,5,3,2,47.8,3.26,0,0.0,81.41,Below Target,Non-Compliant,Significantly Delayed,False
GOV-0002400,2023,8,August,Q3,2023-08-01,FAC-012,Sao Paulo Operations,Brazil,Latin America,Information Security,50.19,88.99,4,2,2,36.8,3.15,0,0.0,79.52,Below Target,Near Compliant,Slightly Delayed,False
GOV-0002401,2023,9,September,Q3,2023-09-01,FAC-001,Chicago Main Plant,USA,North America,Anti-Corruption,49.32,85.13,5,3,2,45.7,3.47,0,0.0,76.39,Below Target,Near Compliant,Significantly Delayed,False
GOV-0002402,2023,9,September,Q3,2023-09-01,FAC-001,Chicago Main Plant,USA,North America,Data Privacy,49.3,85.44,1,0,1,43.7,3.09,0,0.0,79.36,Below Target,Near Compliant,Slightly Delayed,False
GOV-0002403,2023,9,September,Q3,2023-09-01,FAC-001,Chicago Main Plant,USA,North America,Environmental,51.33,83.39,1,0,1,45.8,3.33,0,0.0,77.72,Below Target,Non-Compliant,Significantly Delayed,False
GOV-0002404,2023,9,September,Q3,2023-09-01,FAC-001,Chicago Main Plant,USA,North America,Health & Safety,49.43,81.37,0,0,0,44.9,3.44,0,0.0,80.02,Below Target,Non-Compliant,Slightly Delayed,False
GOV-0002405,2023,9,September,Q3,2023-09-01,FAC-001,Chicago Main Plant,USA,North America,Human Rights,48.99,83.84,1,0,1,42.5,3.18,0,0.0,75.3,Below Target,Non-Compliant,Slightly Delayed,False
GOV-0002406,2023,9,September,Q3,2023-09-01,FAC-001,Chicago Main Plant,USA,North America,Whistleblower,49.13,81.56,3,2,1,44.3,3.11,1,0.0,80.14,Below Target,Non-Compliant,Slightly Delayed,False
GOV-0002407,2023,9,September,Q3,2023-09-01,FAC-001,Chicago Main Plant,USA,North America,Code of Conduct,49.07,83.1,2,1,1,44.2,3.38,0,0.0,82.36,Below Target,Non-Compliant,Slightly Delayed,False
GOV-0002408,2023,9,September,Q3,2023-09-01,FAC-001,Chicago Main Plant,USA,North America,Conflict of Interest,48.06,86.5,5,4,1,47.5,3.12,0,0.0,79.66,Below Target,Near Compliant,Significantly Delayed,False
GOV-0002409,2023,9,September,Q3,2023-09-01,FAC-001,Chicago Main Plant,USA,North America,Supplier Standards,49.24,81.84,1,0,1,44.0,3.17,0,0.0,80.92,Below Target,Non-Compliant,Slightly Delayed,False
GOV-0002410,2023,9,September,Q3,2023-09-01,FAC-001,Chicago Main Plant,USA,North America,Information Security,47.07,82.07,1,0,1,43.1,3.23,0,0.0,78.77,Below Target,Non-Compliant,Slightly Delayed,False
GOV-0002411,2023,9,September,Q3,2023-09-01,FAC-002,Detroit Assembly,USA,North America,Anti-Corruption,50.45,84.27,2,1,1,41.0,3.08,0,0.0,81.32,Below Target,Non-Compliant,Slightly Delayed,False
GOV-0002412,2023,9,September,Q3,2023-09-01,FAC-002,Detroit Assembly,USA,North America,Data Privacy,52.48,86.95,0,0,0,42.1,3.27,0,0.0,78.73,Below Target,Near Compliant,Slightly Delayed,False
GOV-0002413,2023,9,September,Q3,2023-09-01,FAC-002,Detroit Assembly,USA,North America,Environmental,49.68,85.32,3,2,1,43.8,3.37,0,0.0,80.62,Below Target,Near Compliant,Slightly Delayed,False
GOV-0002414,2023,9,September,Q3,2023-09-01,FAC-002,Detroit Assembly,USA,North America,Health & Safety,50.92,84.26,5,4,1,43.3,3.31,0,0.0,78.03,Below Target,Non-Compliant,Slightly Delayed,False
GOV-0002415,2023,9,September,Q3,2023-09-01,FAC-002,Detroit Assembly,USA,North America,Human Rights,48.28,81.39,5,3,2,48.2,3.3,0,0.0,77.75,Below Target,Non-Compliant,Significantly Delayed,False
GOV-0002416,2023,9,September,Q3,2023-09-01,FAC-002,Detroit Assembly,USA,North America,Whistleblower,49.11,85.56,4,3,1,45.9,3.68,0,0.0,77.51,Below Target,Near Compliant,Significantly Delayed,False
GOV-0002417,2023,9,September,Q3,2023-09-01,FAC-002,Detroit Assembly,USA,North America,Code of Conduct,50.85,85.37,0,0,0,42.4,3.52,0,0.0,81.2,Below Target,Near Compliant,Slightly Delayed,False
GOV-0002418,2023,9,September,Q3,2023-09-01,FAC-002,Detroit Assembly,USA,North America,Conflict of Interest,53.67,84.81,3,2,1,39.7,3.23,0,0.0,79.38,Below Target,Non-Compliant,Slightly Delayed,False
GOV-0002419,2023,9,September,Q3,2023-09-01,FAC-002,Detroit Assembly,USA,North America,Supplier Standards,48.23,85.03,0,0,0,41.3,3.19,0,0.0,79.25,Below Target,Near Compliant,Slightly Delayed,False
GOV-0002420,2023,9,September,Q3,2023-09-01,FAC-002,Detroit Assembly,USA,North America,Information Security,46.95,85.96,4,3,1,46.4,3.21,0,0.0,79.07,Below Target,Near Compliant,Significantly Delayed,False
GOV-0002421,2023,9,September,Q3,2023-09-01,FAC-003,Toronto Operations,Canada,North America,Anti-Corruption,49.01,84.1,5,3,2,45.6,3.2,0,0.0,81.15,Below Target,Non-Compliant,Significantly Delayed,False
GOV-0002422,2023,9,September,Q3,2023-09-01,FAC-003,Toronto Operations,Canada,North America,Data Privacy,51.8,84.51,0,0,0,40.7,3.3,0,0.0,77.95,Below Target,Non-Compliant,Slightly Delayed,False
GOV-0002423,2023,9,September,Q3,2023-09-01,FAC-003,Toronto Operations,Canada,North America,Environmental,49.76,85.98,4,3,1,32.5,2.91,0,0.0,83.18,Below Target,Near Compliant,Slightly Delayed,False
GOV-0002424,2023,9,September,Q3,2023-09-01,FAC-003,Toronto Operations,Canada,North America,Health & Safety,47.53,83.8,3,2,1,41.6,3.43,0,0.0,82.55,Below Target,Non-Compliant,Slightly Delayed,False
GOV-0002425,2023,9,September,Q3,2023-09-01,FAC-003,Toronto Operations,Canada,North America,Human Rights,47.19,84.0,5,3,2,45.6,3.53,0,0.0,79.85,Below Target,Non-Compliant,Significantly Delayed,False
GOV-0002426,2023,9,September,Q3,2023-09-01,FAC-003,Toronto Operations,Canada,North America,Whistleblower,49.88,82.96,1,0,1,40.5,3.32,0,0.0,77.66,Below Target,Non-Compliant,Slightly Delayed,False
GOV-0002427,2023,9,September,Q3,2023-09-01,FAC-003,Toronto Operations,Canada,North America,Code of Conduct,47.98,83.6,0,0,0,36.2,3.13,1,0.0,77.36,Below Target,Non-Compliant,Slightly Delayed,False
GOV-0002428,2023,9,September,Q3,2023-09-01,FAC-003,Toronto Operations,Canada,North America,Conflict of Interest,49.87,84.26,4,3,1,47.7,3.68,0,0.0,78.91,Below Target,Non-Compliant,Significantly Delayed,False
GOV-0002429,2023,9,September,Q3,2023-09-01,FAC-003,Toronto Operations,Canada,North America,Supplier Standards,52.23,85.46,4,3,1,44.3,3.35,0,0.0,81.76,Below Target,Near Compliant,Slightly Delayed,False
GOV-0002430,2023,9,September,Q3,2023-09-01,FAC-003,Toronto Operations,Canada,North America,Information Security,50.02,85.38,5,3,2,41.3,3.27,0,0.0,78.54,Below Target,Near Compliant,Slightly Delayed,False
GOV-0002431,2023,9,September,Q3,2023-09-01,FAC-004,Munich Precision Works,Germany,Europe,Anti-Corruption,49.85,81.49,0,0,0,50.0,3.44,0,0.0,80.21,Below Target,Non-Compliant,Significantly Delayed,False
GOV-0002432,2023,9,September,Q3,2023-09-01,FAC-004,Munich Precision Works,Germany,Europe,Data Privacy,49.8,84.51,3,2,1,36.2,3.23,0,0.0,81.57,Below Target,Non-Compliant,Slightly Delayed,False
GOV-0002433,2023,9,September,Q3,2023-09-01,FAC-004,Munich Precision Works,Germany,Europe,Environmental,47.22,86.02,5,3,2,43.1,3.12,1,0.0,78.35,Below Target,Near Compliant,Slightly Delayed,False
GOV-0002434,2023,9,September,Q3,2023-09-01,FAC-004,Munich Precision Works,Germany,Europe,Health & Safety,49.3,83.21,0,0,0,44.8,3.23,0,0.0,81.78,Below Target,Non-Compliant,Slightly Delayed,False
GOV-0002435,2023,9,September,Q3,2023-09-01,FAC-004,Munich Precision Works,Germany,Europe,Human Rights,49.57,84.92,2,1,1,49.9,3.49,0,0.0,80.06,Below Target,Non-Compliant,Significantly Delayed,False
GOV-0002436,2023,9,September,Q3,2023-09-01,FAC-004,Munich Precision Works,Germany,Europe,Whistleblower,53.39,81.52,4,3,1,46.4,3.25,0,0.0,76.81,Below Target,Non-Compliant,Significantly Delayed,False
GOV-0002437,2023,9,September,Q3,2023-09-01,FAC-004,Munich Precision Works,Germany,Europe,Code of Conduct,54.56,84.97,2,1,1,45.0,3.48,0,0.0,79.55,Below Target,Non-Compliant,Slightly Delayed,False
GOV-0002438,2023,9,September,Q3,2023-09-01,FAC-004,Munich Precision Works,Germany,Europe,Conflict of Interest,51.26,82.84,2,1,1,37.4,3.38,0,0.0,80.71,Below Target,Non-Compliant,Slightly Delayed,False
GOV-0002439,2023,9,September,Q3,2023-09-01,FAC-004,Munich Precision Works,Germany,Europe,Supplier Standards,47.31,84.82,3,2,1,44.6,2.87,0,0.0,77.56,Below Target,Non-Compliant,Slightly Delayed,False
GOV-0002440,2023,9,September,Q3,2023-09-01,FAC-004,Munich Precision Works,Germany,Europe,Information Security,49.65,83.51,4,2,2,42.3,3.75,0,0.0,80.81,Below Target,Non-Compliant,Slightly Delayed,False
GOV-0002441,2023,9,September,Q3,2023-09-01,FAC-005,Stuttgart Engineering,Germany,Europe,Anti-Corruption,49.44,83.25,1,0,1,42.7,3.27,0,0.0,77.54,Below Target,Non-Compliant,Slightly Delayed,False
GOV-0002442,2023,9,September,Q3,2023-09-01,FAC-005,Stuttgart Engineering,Germany,Europe,Data Privacy,51.41,85.4,0,0,0,49.5,3.53,0,0.0,76.33,Below Target,Near Compliant,Significantly Delayed,False
GOV-0002443,2023,9,September,Q3,2023-09-01,FAC-005,Stuttgart Engineering,Germany,Europe,Environmental,48.68,84.33,1,0,1,43.0,3.36,0,0.0,82.03,Below Target,Non-Compliant,Slightly Delayed,False
GOV-0002444,2023,9,September,Q3,2023-09-01,FAC-005,Stuttgart Engineering,Germany,Europe,Health & Safety,49.54,84.75,0,0,0,40.2,3.33,0,0.0,75.84,Below Target,Non-Compliant,Slightly Delayed,False
GOV-0002445,2023,9,September,Q3,2023-09-01,FAC-005,Stuttgart Engineering,Germany,Europe,Human Rights,47.74,84.43,3,2,1,41.9,2.95,0,0.0,78.67,Below Target,Non-Compliant,Slightly Delayed,False
GOV-0002446,2023,9,September,Q3,2023-09-01,FAC-005,Stuttgart Engineering,Germany,Europe,Whistleblower,51.15,84.66,0,0,0,45.4,3.26,0,0.0,79.37,Below Target,Non-Compliant,Significantly Delayed,False
GOV-0002447,2023,9,September,Q3,2023-09-01,FAC-005,Stuttgart Engineering,Germany,Europe,Code of Conduct,48.48,84.59,1,0,1,48.0,3.12,0,0.0,77.38,Below Target,Non-Compliant,Significantly Delayed,False
GOV-0002448,2023,9,September,Q3,2023-09-01,FAC-005,Stuttgart Engineering,Germany,Europe,Conflict of Interest,51.5,85.76,4,3,1,48.8,3.08,0,0.0,80.1,Below Target,Near Compliant,Significantly Delayed,False
GOV-0002449,2023,9,September,Q3,2023-09-01,FAC-005,Stuttgart Engineering,Germany,Europe,Supplier Standards,51.59,85.54,4,2,2,38.9,3.05,0,0.0,79.78,Below Target,Near Compliant,Slightly Delayed,False
GOV-0002450,2023,9,September,Q3,2023-09-01,FAC-005,Stuttgart Engineering,Germany,Europe,Information Security,49.68,84.09,2,1,1,45.9,2.78,0,0.0,78.9,Below Target,Non-Compliant,Significantly Delayed,False
GOV-0002451,2023,9,September,Q3,2023-09-01,FAC-006,Rotterdam Hub,Netherlands,Europe,Anti-Corruption,48.54,81.94,2,1,1,45.0,2.78,0,0.0,82.26,Below Target,Non-Compliant,Slightly Delayed,False
GOV-0002452,2023,9,September,Q3,2023-09-01,FAC-006,Rotterdam Hub,Netherlands,Europe,Data Privacy,48.13,81.21,1,0,1,44.2,3.22,0,0.0,77.43,Below Target,Non-Compliant,Slightly Delayed,False
GOV-0002453,2023,9,September,Q3,2023-09-01,FAC-006,Rotterdam Hub,Netherlands,Europe,Environmental,50.19,85.97,1,0,1,49.3,3.38,0,0.0,79.32,Below Target,Near Compliant,Significantly Delayed,False
GOV-0002454,2023,9,September,Q3,2023-09-01,FAC-006,Rotterdam Hub,Netherlands,Europe,Health & Safety,48.71,84.91,3,2,1,46.3,2.97,0,0.0,78.18,Below Target,Non-Compliant,Significantly Delayed,False
GOV-0002455,2023,9,September,Q3,2023-09-01,FAC-006,Rotterdam Hub,Netherlands,Europe,Human Rights,44.49,85.59,0,0,0,45.9,3.24,0,0.0,81.16,Below Target,Near Compliant,Significantly Delayed,False
GOV-0002456,2023,9,September,Q3,2023-09-01,FAC-006,Rotterdam Hub,Netherlands,Europe,Whistleblower,50.97,83.22,0,0,0,45.3,3.42,0,0.0,79.08,Below Target,Non-Compliant,Significantly Delayed,False
GOV-0002457,2023,9,September,Q3,2023-09-01,FAC-006,Rotterdam Hub,Netherlands,Europe,Code of Conduct,51.5,84.89,0,0,0,35.9,3.3,0,0.0,83.01,Below Target,Non-Compliant,Slightly Delayed,False
GOV-0002458,2023,9,September,Q3,2023-09-01,FAC-006,Rotterdam Hub,Netherlands,Europe,Conflict of Interest,51.67,87.53,0,0,0,44.2,3.17,0,0.0,78.32,Below Target,Near Compliant,Slightly Delayed,False
GOV-0002459,2023,9,September,Q3,2023-09-01,FAC-006,Rotterdam Hub,Netherlands,Europe,Supplier Standards,50.45,86.17,2,1,1,45.0,3.27,0,0.0,77.36,Below Target,Near Compliant,Slightly Delayed,False
GOV-0002460,2023,9,September,Q3,2023-09-01,FAC-006,Rotterdam Hub,Netherlands,Europe,Information Security,48.09,83.4,0,0,0,42.7,3.51,0,0.0,79.28,Below Target,Non-Compliant,Slightly Delayed,False
GOV-0002461,2023,9,September,Q3,2023-09-01,FAC-007,Lyon Components,France,Europe,Anti-Corruption,48.88,83.76,2,1,1,49.9,3.48,0,0.0,82.87,Below Target,Non-Compliant,Significantly Delayed,False
GOV-0002462,2023,9,September,Q3,2023-09-01,FAC-007,Lyon Components,France,Europe,Data Privacy,49.04,85.61,5,3,2,45.5,3.15,0,0.0,81.0,Below Target,Near Compliant,Significantly Delayed,False
GOV-0002463,2023,9,September,Q3,2023-09-01,FAC-007,Lyon Components,France,Europe,Environmental,49.94,86.71,1,0,1,37.5,3.07,0,0.0,77.54,Below Target,Near Compliant,Slightly Delayed,False
GOV-0002464,2023,9,September,Q3,2023-09-01,FAC-007,Lyon Components,France,Europe,Health & Safety,48.13,85.85,2,1,1,42.4,3.33,0,0.0,79.32,Below Target,Near Compliant,Slightly Delayed,False
GOV-0002465,2023,9,September,Q3,2023-09-01,FAC-007,Lyon Components,France,Europe,Human Rights,50.62,80.54,1,0,1,49.9,3.46,0,0.0,80.46,Below Target,Non-Compliant,Significantly Delayed,False
GOV-0002466,2023,9,September,Q3,2023-09-01,FAC-007,Lyon Components,France,Europe,Whistleblower,52.33,84.31,3,2,1,49.6,3.56,0,0.0,78.75,Below Target,Non-Compliant,Significantly Delayed,False
GOV-0002467,2023,9,September,Q3,2023-09-01,FAC-007,Lyon Components,France,Europe,Code of Conduct,49.21,85.87,3,2,1,46.6,3.29,0,0.0,76.39,Below Target,Near Compliant,Significantly Delayed,False
GOV-0002468,2023,9,September,Q3,2023-09-01,FAC-007,Lyon Components,France,Europe,Conflict of Interest,48.21,83.19,1,0,1,42.4,3.02,0,0.0,79.71,Below Target,Non-Compliant,Slightly Delayed,False
GOV-0002469,2023,9,September,Q3,2023-09-01,FAC-007,Lyon Components,France,Europe,Supplier Standards,48.81,86.4,2,1,1,41.9,3.27,0,0.0,79.39,Below Target,Near Compliant,Slightly Delayed,False
GOV-0002470,2023,9,September,Q3,2023-09-01,FAC-007,Lyon Components,France,Europe,Information Security,49.33,83.98,5,4,1,48.2,3.2,0,0.0,78.75,Below Target,Non-Compliant,Significantly Delayed,False
GOV-0002471,2023,9,September,Q3,2023-09-01,FAC-008,Shanghai Manufacturing,China,Asia Pacific,Anti-Corruption,45.95,84.74,1,0,1,48.4,3.16,0,0.0,80.04,Below Target,Non-Compliant,Significantly Delayed,False
GOV-0002472,2023,9,September,Q3,2023-09-01,FAC-008,Shanghai Manufacturing,China,Asia Pacific,Data Privacy,46.24,85.45,4,2,2,47.3,3.14,0,0.0,80.44,Below Target,Near Compliant,Significantly Delayed,False
GOV-0002473,2023,9,September,Q3,2023-09-01,FAC-008,Shanghai Manufacturing,China,Asia Pacific,Environmental,53.96,86.67,0,0,0,40.3,3.3,0,0.0,78.07,Below Target,Near Compliant,Slightly Delayed,False
GOV-0002474,2023,9,September,Q3,2023-09-01,FAC-008,Shanghai Manufacturing,China,Asia Pacific,Health & Safety,51.06,83.21,0,0,0,45.6,3.15,0,0.0,77.8,Below Target,Non-Compliant,Significantly Delayed,False
GOV-0002475,2023,9,September,Q3,2023-09-01,FAC-008,Shanghai Manufacturing,China,Asia Pacific,Human Rights,51.3,83.03,1,0,1,40.5,3.5,0,0.0,75.85,Below Target,Non-Compliant,Slightly Delayed,False
GOV-0002476,2023,9,September,Q3,2023-09-01,FAC-008,Shanghai Manufacturing,China,Asia Pacific,Whistleblower,49.86,84.54,3,1,2,44.3,3.21,0,0.0,78.39,Below Target,Non-Compliant,Slightly Delayed,False
GOV-0002477,2023,9,September,Q3,2023-09-01,FAC-008,Shanghai Manufacturing,China,Asia Pacific,Code of Conduct,50.57,84.21,0,0,0,43.7,2.96,0,0.0,77.29,Below Target,Non-Compliant,Slightly Delayed,False
GOV-0002478,2023,9,September,Q3,2023-09-01,FAC-008,Shanghai Manufacturing,China,Asia Pacific,Conflict of Interest,54.29,84.27,4,3,1,38.0,3.07,0,0.0,79.9,Below Target,Non-Compliant,Slightly Delayed,False
GOV-0002479,2023,9,September,Q3,2023-09-01,FAC-008,Shanghai Manufacturing,China,Asia Pacific,Supplier Standards,49.16,87.91,5,3,2,44.5,3.17,0,0.0,76.54,Below Target,Near Compliant,Slightly Delayed,False
GOV-0002480,2023,9,September,Q3,2023-09-01,FAC-008,Shanghai Manufacturing,China,Asia Pacific,Information Security,47.04,83.19,1,0,1,51.0,3.02,0,0.0,81.22,Below Target,Non-Compliant,Significantly Delayed,False
GOV-0002481,2023,9,September,Q3,2023-09-01,FAC-009,Bangalore Tech Centre,India,Asia Pacific,Anti-Corruption,43.0,84.92,2,1,1,47.0,3.26,0,0.0,78.38,Below Target,Non-Compliant,Significantly Delayed,False
GOV-0002482,2023,9,September,Q3,2023-09-01,FAC-009,Bangalore Tech Centre,India,Asia Pacific,Data Privacy,46.55,80.61,1,0,1,41.3,3.18,0,0.0,79.94,Below Target,Non-Compliant,Slightly Delayed,False
GOV-0002483,2023,9,September,Q3,2023-09-01,FAC-009,Bangalore Tech Centre,India,Asia Pacific,Environmental,49.54,86.22,2,1,1,38.5,3.34,0,0.0,81.86,Below Target,Near Compliant,Slightly Delayed,False
GOV-0002484,2023,9,September,Q3,2023-09-01,FAC-009,Bangalore Tech Centre,India,Asia Pacific,Health & Safety,49.14,84.58,0,0,0,46.8,3.36,0,0.0,81.23,Below Target,Non-Compliant,Significantly Delayed,False
GOV-0002485,2023,9,September,Q3,2023-09-01,FAC-009,Bangalore Tech Centre,India,Asia Pacific,Human Rights,48.79,84.8,4,2,2,41.0,2.83,0,0.0,76.98,Below Target,Non-Compliant,Slightly Delayed,False
GOV-0002486,2023,9,September,Q3,2023-09-01,FAC-009,Bangalore Tech Centre,India,Asia Pacific,Whistleblower,47.68,86.84,3,2,1,47.4,3.18,0,0.0,79.15,Below Target,Near Compliant,Significantly Delayed,False
GOV-0002487,2023,9,September,Q3,2023-09-01,FAC-009,Bangalore Tech Centre,India,Asia Pacific,Code of Conduct,50.88,84.2,1,0,1,39.2,3.02,0,0.0,78.8,Below Target,Non-Compliant,Slightly Delayed,False
GOV-0002488,2023,9,September,Q3,2023-09-01,FAC-009,Bangalore Tech Centre,India,Asia Pacific,Conflict of Interest,48.45,81.24,0,0,0,40.6,3.35,0,0.0,79.91,Below Target,Non-Compliant,Slightly Delayed,False
GOV-0002489,2023,9,September,Q3,2023-09-01,FAC-009,Bangalore Tech Centre,India,Asia Pacific,Supplier Standards,50.96,86.32,3,2,1,38.4,3.08,0,0.0,77.98,Below Target,Near Compliant,Slightly Delayed,False
GOV-0002490,2023,9,September,Q3,2023-09-01,FAC-009,Bangalore Tech Centre,India,Asia Pacific,Information Security,49.87,86.02,1,0,1,48.7,2.97,0,0.0,79.06,Below Target,Near Compliant,Significantly Delayed,False
GOV-0002491,2023,9,September,Q3,2023-09-01,FAC-010,Singapore Distribution,Singapore,Asia Pacific,Anti-Corruption,50.1,88.01,4,3,1,40.8,3.3,0,0.0,78.46,Below Target,Near Compliant,Slightly Delayed,False
GOV-0002492,2023,9,September,Q3,2023-09-01,FAC-010,Singapore Distribution,Singapore,Asia Pacific,Data Privacy,51.34,81.73,2,1,1,42.5,3.5,0,0.0,81.69,Below Target,Non-Compliant,Slightly Delayed,False
GOV-0002493,2023,9,September,Q3,2023-09-01,FAC-010,Singapore Distribution,Singapore,Asia Pacific,Environmental,52.55,85.8,5,3,2,40.2,3.11,0,0.0,79.25,Below Target,Near Compliant,Slightly Delayed,False
GOV-0002494,2023,9,September,Q3,2023-09-01,FAC-010,Singapore Distribution,Singapore,Asia Pacific,Health & Safety,50.26,84.66,1,0,1,43.6,3.41,0,0.0,79.12,Below Target,Non-Compliant,Slightly Delayed,False
GOV-0002495,2023,9,September,Q3,2023-09-01,FAC-010,Singapore Distribution,Singapore,Asia Pacific,Human Rights,48.65,83.63,4,3,1,49.9,3.22,0,0.0,81.64,Below Target,Non-Compliant,Significantly Delayed,False
GOV-0002496,2023,9,September,Q3,2023-09-01,FAC-010,Singapore Distribution,Singapore,Asia Pacific,Whistleblower,47.88,83.44,5,3,2,42.4,3.23,0,0.0,82.29,Below Target,Non-Compliant,Slightly Delayed,False
GOV-0002497,2023,9,September,Q3,2023-09-01,FAC-010,Singapore Distribution,Singapore,Asia Pacific,Code of Conduct,49.97,85.53,0,0,0,42.3,3.56,0,0.0,81.36,Below Target,Near Compliant,Slightly Delayed,False
GOV-0002498,2023,9,September,Q3,2023-09-01,FAC-010,Singapore Distribution,Singapore,Asia Pacific,Conflict of Interest,49.65,87.8,1,0,1,43.5,3.51,0,0.0,79.87,Below Target,Near Compliant,Slightly Delayed,False
GOV-0002499,2023,9,September,Q3,2023-09-01,FAC-010,Singapore Distribution,Singapore,Asia Pacific,Supplier Standards,51.08,83.82,2,1,1,48.2,3.33,0,0.0,78.1,Below Target,Non-Compliant,Significantly Delayed,False
GOV-0002500,2023,9,September,Q3,2023-09-01,FAC-010,Singapore Distribution,Singapore,Asia Pacific,Information Security,51.52,84.44,5,3,2,45.0,3.4,0,0.0,79.93,Below Target,Non-Compliant,Slightly Delayed,False
GOV-0002501,2023,9,September,Q3,2023-09-01,FAC-011,Monterrey Plant,Mexico,Latin America,Anti-Corruption,51.67,83.81,2,1,1,46.5,3.24,0,0.0,76.92,Below Target,Non-Compliant,Significantly Delayed,False
GOV-0002502,2023,9,September,Q3,2023-09-01,FAC-011,Monterrey Plant,Mexico,Latin America,Data Privacy,47.57,84.38,1,0,1,41.8,3.12,0,0.0,81.8,Below Target,Non-Compliant,Slightly Delayed,False
GOV-0002503,2023,9,September,Q3,2023-09-01,FAC-011,Monterrey Plant,Mexico,Latin America,Environmental,49.51,86.45,3,2,1,47.1,3.32,0,0.0,76.73,Below Target,Near Compliant,Significantly Delayed,False
GOV-0002504,2023,9,September,Q3,2023-09-01,FAC-011,Monterrey Plant,Mexico,Latin America,Health & Safety,48.14,84.84,4,3,1,44.9,3.36,0,0.0,80.25,Below Target,Non-Compliant,Slightly Delayed,False
GOV-0002505,2023,9,September,Q3,2023-09-01,FAC-011,Monterrey Plant,Mexico,Latin America,Human Rights,51.42,86.04,4,3,1,37.7,3.41,0,0.0,75.81,Below Target,Near Compliant,Slightly Delayed,False
GOV-0002506,2023,9,September,Q3,2023-09-01,FAC-011,Monterrey Plant,Mexico,Latin America,Whistleblower,49.69,85.17,1,0,1,45.8,3.78,0,0.0,77.02,Below Target,Near Compliant,Significantly Delayed,False
GOV-0002507,2023,9,September,Q3,2023-09-01,FAC-011,Monterrey Plant,Mexico,Latin America,Code of Conduct,48.01,84.07,3,2,1,45.9,3.72,0,0.0,76.59,Below Target,Non-Compliant,Significantly Delayed,False
GOV-0002508,2023,9,September,Q3,2023-09-01,FAC-011,Monterrey Plant,Mexico,Latin America,Conflict of Interest,49.5,85.8,3,2,1,42.4,3.34,0,0.0,80.1,Below Target,Near Compliant,Slightly Delayed,False
GOV-0002509,2023,9,September,Q3,2023-09-01,FAC-011,Monterrey Plant,Mexico,Latin America,Supplier Standards,49.78,87.46,4,3,1,46.4,3.04,0,0.0,81.12,Below Target,Near Compliant,Significantly Delayed,False
GOV-0002510,2023,9,September,Q3,2023-09-01,FAC-011,Monterrey Plant,Mexico,Latin America,Information Security,49.12,83.93,5,4,1,49.7,3.3,0,0.0,78.73,Below Target,Non-Compliant,Significantly Delayed,False
GOV-0002511,2023,9,September,Q3,2023-09-01,FAC-012,Sao Paulo Operations,Brazil,Latin America,Anti-Corruption,47.58,84.22,0,0,0,48.3,3.07,0,0.0,77.49,Below Target,Non-Compliant,Significantly Delayed,False
GOV-0002512,2023,9,September,Q3,2023-09-01,FAC-012,Sao Paulo Operations,Brazil,Latin America,Data Privacy,48.84,84.82,2,1,1,40.0,3.25,0,0.0,74.75,Below Target,Non-Compliant,Slightly Delayed,False
GOV-0002513,2023,9,September,Q3,2023-09-01,FAC-012,Sao Paulo Operations,Brazil,Latin America,Environmental,48.78,85.35,5,3,2,40.5,2.93,0,0.0,80.95,Below Target,Near Compliant,Slightly Delayed,False
GOV-0002514,2023,9,September,Q3,2023-09-01,FAC-012,Sao Paulo Operations,Brazil,Latin America,Health & Safety,46.98,85.5,0,0,0,44.7,3.37,0,0.0,79.95,Below Target,Near Compliant,Slightly Delayed,False
GOV-0002515,2023,9,September,Q3,2023-09-01,FAC-012,Sao Paulo Operations,Brazil,Latin America,Human Rights,52.32,84.71,2,1,1,42.7,3.33,0,0.0,80.45,Below Target,Non-Compliant,Slightly Delayed,False
GOV-0002516,2023,9,September,Q3,2023-09-01,FAC-012,Sao Paulo Operations,Brazil,Latin America,Whistleblower,47.42,80.47,0,0,0,38.1,3.29,0,0.0,82.21,Below Target,Non-Compliant,Slightly Delayed,False
GOV-0002517,2023,9,September,Q3,2023-09-01,FAC-012,Sao Paulo Operations,Brazil,Latin America,Code of Conduct,48.06,87.2,2,1,1,47.1,3.17,0,0.0,79.74,Below Target,Near Compliant,Significantly Delayed,False
GOV-0002518,2023,9,September,Q3,2023-09-01,FAC-012,Sao Paulo Operations,Brazil,Latin America,Conflict of Interest,48.29,86.7,1,0,1,46.3,3.43,0,0.0,77.33,Below Target,Near Compliant,Significantly Delayed,False
GOV-0002519,2023,9,September,Q3,2023-09-01,FAC-012,Sao Paulo Operations,Brazil,Latin America,Supplier Standards,48.77,82.28,0,0,0,44.1,3.25,0,0.0,81.76,Below Target,Non-Compliant,Slightly Delayed,False
GOV-0002520,2023,9,September,Q3,2023-09-01,FAC-012,Sao Paulo Operations,Brazil,Latin America,Information Security,49.58,82.37,2,1,1,43.4,3.38,0,0.0,79.14,Below Target,Non-Compliant,Slightly Delayed,False
GOV-0002521,2023,10,October,Q4,2023-10-01,FAC-001,Chicago Main Plant,USA,North America,Anti-Corruption,49.97,84.34,1,0,1,53.2,3.18,0,0.0,80.8,Below Target,Non-Compliant,Significantly Delayed,False
GOV-0002522,2023,10,October,Q4,2023-10-01,FAC-001,Chicago Main Plant,USA,North America,Data Privacy,51.27,85.32,0,0,0,41.3,2.96,0,0.0,80.73,Below Target,Near Compliant,Slightly Delayed,False
GOV-0002523,2023,10,October,Q4,2023-10-01,FAC-001,Chicago Main Plant,USA,North America,Environmental,47.98,84.3,4,2,2,44.1,3.47,0,0.0,80.22,Below Target,Non-Compliant,Slightly Delayed,False
GOV-0002524,2023,10,October,Q4,2023-10-01,FAC-001,Chicago Main Plant,USA,North America,Health & Safety,49.17,84.63,4,2,2,44.2,3.17,0,0.0,81.2,Below Target,Non-Compliant,Slightly Delayed,False
GOV-0002525,2023,10,October,Q4,2023-10-01,FAC-001,Chicago Main Plant,USA,North America,Human Rights,52.62,85.18,5,3,2,38.1,3.21,0,0.0,81.17,Below Target,Near Compliant,Slightly Delayed,False
GOV-0002526,2023,10,October,Q4,2023-10-01,FAC-001,Chicago Main Plant,USA,North America,Whistleblower,49.01,86.17,1,0,1,45.3,3.61,0,0.0,78.4,Below Target,Near Compliant,Significantly Delayed,False
GOV-0002527,2023,10,October,Q4,2023-10-01,FAC-001,Chicago Main Plant,USA,North America,Code of Conduct,48.26,84.49,1,0,1,43.0,3.23,0,108561.65,79.15,Below Target,Non-Compliant,Slightly Delayed,True
GOV-0002528,2023,10,October,Q4,2023-10-01,FAC-001,Chicago Main Plant,USA,North America,Conflict of Interest,49.54,83.07,2,1,1,44.3,2.93,0,0.0,82.63,Below Target,Non-Compliant,Slightly Delayed,False
GOV-0002529,2023,10,October,Q4,2023-10-01,FAC-001,Chicago Main Plant,USA,North America,Supplier Standards,49.51,82.11,0,0,0,43.6,3.27,0,0.0,80.12,Below Target,Non-Compliant,Slightly Delayed,False
GOV-0002530,2023,10,October,Q4,2023-10-01,FAC-001,Chicago Main Plant,USA,North America,Information Security,49.22,82.63,5,4,1,45.2,3.12,0,0.0,78.61,Below Target,Non-Compliant,Significantly Delayed,False
GOV-0002531,2023,10,October,Q4,2023-10-01,FAC-002,Detroit Assembly,USA,North America,Anti-Corruption,47.81,87.25,1,0,1,49.7,3.44,0,0.0,82.08,Below Target,Near Compliant,Significantly Delayed,False
GOV-0002532,2023,10,October,Q4,2023-10-01,FAC-002,Detroit Assembly,USA,North America,Data Privacy,50.47,86.42,2,1,1,37.8,3.44,0,0.0,76.26,Below Target,Near Compliant,Slightly Delayed,False
GOV-0002533,2023,10,October,Q4,2023-10-01,FAC-002,Detroit Assembly,USA,North America,Environmental,53.23,85.85,3,2,1,40.2,3.73,0,0.0,80.56,Below Target,Near Compliant,Slightly Delayed,False
GOV-0002534,2023,10,October,Q4,2023-10-01,FAC-002,Detroit Assembly,USA,North America,Health & Safety,48.96,84.48,5,3,2,45.0,3.08,0,0.0,80.23,Below Target,Non-Compliant,Slightly Delayed,False
GOV-0002535,2023,10,October,Q4,2023-10-01,FAC-002,Detroit Assembly,USA,North America,Human Rights,52.19,87.49,0,0,0,41.8,3.93,0,0.0,78.97,Below Target,Near Compliant,Slightly Delayed,False
GOV-0002536,2023,10,October,Q4,2023-10-01,FAC-002,Detroit Assembly,USA,North America,Whistleblower,51.49,86.16,5,3,2,39.4,3.14,0,0.0,82.36,Below Target,Near Compliant,Slightly Delayed,False
GOV-0002537,2023,10,October,Q4,2023-10-01,FAC-002,Detroit Assembly,USA,North America,Code of Conduct,48.54,86.35,3,2,1,44.4,3.15,0,0.0,77.09,Below Target,Near Compliant,Slightly Delayed,False
GOV-0002538,2023,10,October,Q4,2023-10-01,FAC-002,Detroit Assembly,USA,North America,Conflict of Interest,50.49,84.97,2,1,1,41.6,3.64,0,0.0,81.64,Below Target,Non-Compliant,Slightly Delayed,False
GOV-0002539,2023,10,October,Q4,2023-10-01,FAC-002,Detroit Assembly,USA,North America,Supplier Standards,48.07,83.62,1,0,1,43.5,3.71,0,0.0,79.87,Below Target,Non-Compliant,Slightly Delayed,False
GOV-0002540,2023,10,October,Q4,2023-10-01,FAC-002,Detroit Assembly,USA,North America,Information Security,51.82,88.05,5,3,2,44.5,3.19,0,0.0,79.45,Below Target,Near Compliant,Slightly Delayed,False
GOV-0002541,2023,10,October,Q4,2023-10-01,FAC-003,Toronto Operations,Canada,North America,Anti-Corruption,49.82,83.38,3,2,1,44.6,3.39,0,0.0,78.44,Below Target,Non-Compliant,Slightly Delayed,False
GOV-0002542,2023,10,October,Q4,2023-10-01,FAC-003,Toronto Operations,Canada,North America,Data Privacy,49.98,85.9,4,3,1,48.5,3.35,0,0.0,77.04,Below Target,Near Compliant,Significantly Delayed,False
GOV-0002543,2023,10,October,Q4,2023-10-01,FAC-003,Toronto Operations,Canada,North America,Environmental,50.41,85.15,2,1,1,39.4,3.16,0,0.0,81.71,Below Target,Near Compliant,Slightly Delayed,False
GOV-0002544,2023,10,October,Q4,2023-10-01,FAC-003,Toronto Operations,Canada,North America,Health & Safety,49.11,84.02,4,3,1,46.0,3.31,0,0.0,81.99,Below Target,Non-Compliant,Significantly Delayed,False
GOV-0002545,2023,10,October,Q4,2023-10-01,FAC-003,Toronto Operations,Canada,North America,Human Rights,52.58,84.19,0,0,0,42.8,2.86,0,88785.74,80.03,Below Target,Non-Compliant,Slightly Delayed,True
GOV-0002546,2023,10,October,Q4,2023-10-01,FAC-003,Toronto Operations,Canada,North America,Whistleblower,50.17,87.01,0,0,0,49.3,3.1,0,0.0,80.62,Below Target,Near Compliant,Significantly Delayed,False
GOV-0002547,2023,10,October,Q4,2023-10-01,FAC-003,Toronto Operations,Canada,North America,Code of Conduct,52.13,83.46,0,0,0,44.6,3.49,0,0.0,82.02,Below Target,Non-Compliant,Slightly Delayed,False
GOV-0002548,2023,10,October,Q4,2023-10-01,FAC-003,Toronto Operations,Canada,North America,Conflict of Interest,47.07,85.33,3,2,1,44.7,3.08,0,0.0,79.08,Below Target,Near Compliant,Slightly Delayed,False
GOV-0002549,2023,10,October,Q4,2023-10-01,FAC-003,Toronto Operations,Canada,North America,Supplier Standards,51.82,86.84,0,0,0,39.4,3.49,0,0.0,79.98,Below Target,Near Compliant,Slightly Delayed,False
GOV-0002550,2023,10,October,Q4,2023-10-01,FAC-003,Toronto Operations,Canada,North America,Information Security,50.04,80.23,3,2,1,42.2,3.05,0,0.0,77.86,Below Target,Non-Compliant,Slightly Delayed,False
GOV-0002551,2023,10,October,Q4,2023-10-01,FAC-004,Munich Precision Works,Germany,Europe,Anti-Corruption,45.62,83.27,0,0,0,47.5,3.12,0,0.0,79.22,Below Target,Non-Compliant,Significantly Delayed,False
GOV-0002552,2023,10,October,Q4,2023-10-01,FAC-004,Munich Precision Works,Germany,Europe,Data Privacy,50.65,85.5,0,0,0,46.3,3.47,0,0.0,77.41,Below Target,Near Compliant,Significantly Delayed,False
GOV-0002553,2023,10,October,Q4,2023-10-01,FAC-004,Munich Precision Works,Germany,Europe,Environmental,46.72,86.56,4,3,1,43.3,3.02,0,0.0,80.61,Below Target,Near Compliant,Slightly Delayed,False
GOV-0002554,2023,10,October,Q4,2023-10-01,FAC-004,Munich Precision Works,Germany,Europe,Health & Safety,51.82,83.82,3,2,1,43.9,3.0,0,0.0,79.72,Below Target,Non-Compliant,Slightly Delayed,False
GOV-0002555,2023,10,October,Q4,2023-10-01,FAC-004,Munich Precision Works,Germany,Europe,Human Rights,49.57,82.02,0,0,0,41.1,3.5,0,0.0,79.13,Below Target,Non-Compliant,Slightly Delayed,False
GOV-0002556,2023,10,October,Q4,2023-10-01,FAC-004,Munich Precision Works,Germany,Europe,Whistleblower,48.83,85.18,4,2,2,45.2,3.0,0,0.0,79.53,Below Target,Near Compliant,Significantly Delayed,False
GOV-0002557,2023,10,October,Q4,2023-10-01,FAC-004,Munich Precision Works,Germany,Europe,Code of Conduct,48.53,84.0,4,2,2,48.0,3.32,0,0.0,82.32,Below Target,Non-Compliant,Significantly Delayed,False
GOV-0002558,2023,10,October,Q4,2023-10-01,FAC-004,Munich Precision Works,Germany,Europe,Conflict of Interest,46.28,83.39,4,2,2,46.6,3.12,0,9163.93,82.42,Below Target,Non-Compliant,Significantly Delayed,True
GOV-0002559,2023,10,October,Q4,2023-10-01,FAC-004,Munich Precision Works,Germany,Europe,Supplier Standards,49.87,82.59,2,1,1,48.3,3.58,0,0.0,77.33,Below Target,Non-Compliant,Significantly Delayed,False
GOV-0002560,2023,10,October,Q4,2023-10-01,FAC-004,Munich Precision Works,Germany,Europe,Information Security,51.45,87.03,2,1,1,43.9,3.14,0,0.0,77.61,Below Target,Near Compliant,Slightly Delayed,False
GOV-0002561,2023,10,October,Q4,2023-10-01,FAC-005,Stuttgart Engineering,Germany,Europe,Anti-Corruption,50.35,85.88,2,1,1,46.3,3.39,0,0.0,81.24,Below Target,Near Compliant,Significantly Delayed,False
GOV-0002562,2023,10,October,Q4,2023-10-01,FAC-005,Stuttgart Engineering,Germany,Europe,Data Privacy,48.1,83.9,5,4,1,42.7,2.87,0,0.0,79.77,Below Target,Non-Compliant,Slightly Delayed,False
GOV-0002563,2023,10,October,Q4,2023-10-01,FAC-005,Stuttgart Engineering,Germany,Europe,Environmental,47.63,84.1,0,0,0,41.7,3.21,0,0.0,79.04,Below Target,Non-Compliant,Slightly Delayed,False
GOV-0002564,2023,10,October,Q4,2023-10-01,FAC-005,Stuttgart Engineering,Germany,Europe,Health & Safety,47.91,86.18,4,2,2,46.0,3.38,0,0.0,78.78,Below Target,Near Compliant,Significantly Delayed,False
GOV-0002565,2023,10,October,Q4,2023-10-01,FAC-005,Stuttgart Engineering,Germany,Europe,Human Rights,50.41,86.31,1,0,1,47.5,3.12,0,0.0,82.03,Below Target,Near Compliant,Significantly Delayed,False
GOV-0002566,2023,10,October,Q4,2023-10-01,FAC-005,Stuttgart Engineering,Germany,Europe,Whistleblower,49.85,84.15,0,0,0,41.2,3.54,0,0.0,80.59,Below Target,Non-Compliant,Slightly Delayed,False
GOV-0002567,2023,10,October,Q4,2023-10-01,FAC-005,Stuttgart Engineering,Germany,Europe,Code of Conduct,51.43,82.67,5,4,1,46.6,3.23,0,0.0,78.97,Below Target,Non-Compliant,Significantly Delayed,False
GOV-0002568,2023,10,October,Q4,2023-10-01,FAC-005,Stuttgart Engineering,Germany,Europe,Conflict of Interest,51.55,84.64,1,0,1,51.6,3.44,0,0.0,78.71,Below Target,Non-Compliant,Significantly Delayed,False
GOV-0002569,2023,10,October,Q4,2023-10-01,FAC-005,Stuttgart Engineering,Germany,Europe,Supplier Standards,49.78,87.55,5,4,1,42.4,3.49,0,0.0,79.75,Below Target,Near Compliant,Slightly Delayed,False
GOV-0002570,2023,10,October,Q4,2023-10-01,FAC-005,Stuttgart Engineering,Germany,Europe,Information Security,48.66,83.5,5,4,1,41.1,2.77,0,0.0,81.57,Below Target,Non-Compliant,Slightly Delayed,False
GOV-0002571,2023,10,October,Q4,2023-10-01,FAC-006,Rotterdam Hub,Netherlands,Europe,Anti-Corruption,47.5,84.77,3,1,2,46.8,3.34,0,0.0,78.47,Below Target,Non-Compliant,Significantly Delayed,False
GOV-0002572,2023,10,October,Q4,2023-10-01,FAC-006,Rotterdam Hub,Netherlands,Europe,Data Privacy,49.67,83.32,1,0,1,46.8,3.16,0,135916.96,81.06,Below Target,Non-Compliant,Significantly Delayed,True
GOV-0002573,2023,10,October,Q4,2023-10-01,FAC-006,Rotterdam Hub,Netherlands,Europe,Environmental,52.02,87.44,0,0,0,46.6,3.49,0,0.0,81.1,Below Target,Near Compliant,Significantly Delayed,False
GOV-0002574,2023,10,October,Q4,2023-10-01,FAC-006,Rotterdam Hub,Netherlands,Europe,Health & Safety,48.71,84.43,5,3,2,44.7,3.22,0,0.0,79.13,Below Target,Non-Compliant,Slightly Delayed,False
GOV-0002575,2023,10,October,Q4,2023-10-01,FAC-006,Rotterdam Hub,Netherlands,Europe,Human Rights,51.55,84.92,2,1,1,44.8,3.56,0,0.0,80.48,Below Target,Non-Compliant,Slightly Delayed,False
GOV-0002576,2023,10,October,Q4,2023-10-01,FAC-006,Rotterdam Hub,Netherlands,Europe,Whistleblower,50.61,83.74,1,0,1,45.6,3.45,0,0.0,77.86,Below Target,Non-Compliant,Significantly Delayed,False
GOV-0002577,2023,10,October,Q4,2023-10-01,FAC-006,Rotterdam Hub,Netherlands,Europe,Code of Conduct,49.88,85.28,3,1,2,44.1,3.24,0,0.0,78.49,Below Target,Near Compliant,Slightly Delayed,False
GOV-0002578,2023,10,October,Q4,2023-10-01,FAC-006,Rotterdam Hub,Netherlands,Europe,Conflict of Interest,51.48,86.49,2,1,1,40.1,3.05,0,0.0,77.47,Below Target,Near Compliant,Slightly Delayed,False
GOV-0002579,2023,10,October,Q4,2023-10-01,FAC-006,Rotterdam Hub,Netherlands,Europe,Supplier Standards,45.8,83.99,2,1,1,46.6,3.61,0,0.0,76.52,Below Target,Non-Compliant,Significantly Delayed,False
GOV-0002580,2023,10,October,Q4,2023-10-01,FAC-006,Rotterdam Hub,Netherlands,Europe,Information Security,47.0,86.61,4,3,1,40.7,3.09,0,0.0,83.3,Below Target,Near Compliant,Slightly Delayed,False
GOV-0002581,2023,10,October,Q4,2023-10-01,FAC-007,Lyon Components,France,Europe,Anti-Corruption,47.26,88.32,1,0,1,43.4,3.53,0,0.0,75.76,Below Target,Near Compliant,Slightly Delayed,False
GOV-0002582,2023,10,October,Q4,2023-10-01,FAC-007,Lyon Components,France,Europe,Data Privacy,48.51,84.15,3,1,2,46.5,3.19,0,0.0,77.03,Below Target,Non-Compliant,Significantly Delayed,False
GOV-0002583,2023,10,October,Q4,2023-10-01,FAC-007,Lyon Components,France,Europe,Environmental,50.87,83.26,5,4,1,44.8,2.89,0,0.0,79.18,Below Target,Non-Compliant,Slightly Delayed,False
GOV-0002584,2023,10,October,Q4,2023-10-01,FAC-007,Lyon Components,France,Europe,Health & Safety,47.85,85.48,2,1,1,38.6,2.89,0,0.0,81.03,Below Target,Near Compliant,Slightly Delayed,False
GOV-0002585,2023,10,October,Q4,2023-10-01,FAC-007,Lyon Components,France,Europe,Human Rights,48.2,86.49,0,0,0,43.9,3.17,0,0.0,79.33,Below Target,Near Compliant,Slightly Delayed,False
GOV-0002586,2023,10,October,Q4,2023-10-01,FAC-007,Lyon Components,France,Europe,Whistleblower,48.68,87.71,3,2,1,45.1,3.14,0,0.0,79.32,Below Target,Near Compliant,Significantly Delayed,False
GOV-0002587,2023,10,October,Q4,2023-10-01,FAC-007,Lyon Components,France,Europe,Code of Conduct,50.41,86.25,3,2,1,39.1,3.3,0,0.0,79.44,Below Target,Near Compliant,Slightly Delayed,False
GOV-0002588,2023,10,October,Q4,2023-10-01,FAC-007,Lyon Components,France,Europe,Conflict of Interest,49.45,86.53,4,3,1,47.1,3.06,0,0.0,80.45,Below Target,Near Compliant,Significantly Delayed,False
GOV-0002589,2023,10,October,Q4,2023-10-01,FAC-007,Lyon Components,France,Europe,Supplier Standards,48.91,83.93,2,1,1,44.1,3.11,0,0.0,79.92,Below Target,Non-Compliant,Slightly Delayed,False
GOV-0002590,2023,10,October,Q4,2023-10-01,FAC-007,Lyon Components,France,Europe,Information Security,47.16,85.1,0,0,0,38.2,3.42,0,0.0,78.56,Below Target,Near Compliant,Slightly Delayed,False
GOV-0002591,2023,10,October,Q4,2023-10-01,FAC-008,Shanghai Manufacturing,China,Asia Pacific,Anti-Corruption,50.51,82.85,5,3,2,40.7,3.43,0,0.0,80.01,Below Target,Non-Compliant,Slightly Delayed,False
GOV-0002592,2023,10,October,Q4,2023-10-01,FAC-008,Shanghai Manufacturing,China,Asia Pacific,Data Privacy,50.89,84.66,4,3,1,46.0,3.33,0,0.0,80.51,Below Target,Non-Compliant,Significantly Delayed,False
GOV-0002593,2023,10,October,Q4,2023-10-01,FAC-008,Shanghai Manufacturing,China,Asia Pacific,Environmental,51.38,84.65,2,1,1,43.5,2.95,0,0.0,76.96,Below Target,Non-Compliant,Slightly Delayed,False
GOV-0002594,2023,10,October,Q4,2023-10-01,FAC-008,Shanghai Manufacturing,China,Asia Pacific,Health & Safety,49.07,85.74,4,3,1,46.3,3.18,0,0.0,77.94,Below Target,Near Compliant,Significantly Delayed,False
GOV-0002595,2023,10,October,Q4,2023-10-01,FAC-008,Shanghai Manufacturing,China,Asia Pacific,Human Rights,46.93,82.56,3,2,1,46.4,3.09,0,0.0,80.33,Below Target,Non-Compliant,Significantly Delayed,False
GOV-0002596,2023,10,October,Q4,2023-10-01,FAC-008,Shanghai Manufacturing,China,Asia Pacific,Whistleblower,47.41,85.33,2,1,1,39.2,3.27,0,0.0,78.99,Below Target,Near Compliant,Slightly Delayed,False
GOV-0002597,2023,10,October,Q4,2023-10-01,FAC-008,Shanghai Manufacturing,China,Asia Pacific,Code of Conduct,49.93,85.93,0,0,0,38.1,3.23,0,80446.81,79.33,Below Target,Near Compliant,Slightly Delayed,True
GOV-0002598,2023,10,October,Q4,2023-10-01,FAC-008,Shanghai Manufacturing,China,Asia Pacific,Conflict of Interest,47.87,85.57,1,0,1,44.3,3.05,0,0.0,79.79,Below Target,Near Compliant,Slightly Delayed,False
GOV-0002599,2023,10,October,Q4,2023-10-01,FAC-008,Shanghai Manufacturing,China,Asia Pacific,Supplier Standards,52.21,86.43,2,1,1,42.8,3.37,0,0.0,80.9,Below Target,Near Compliant,Slightly Delayed,False
GOV-0002600,2023,10,October,Q4,2023-10-01,FAC-008,Shanghai Manufacturing,China,Asia Pacific,Information Security,50.74,84.13,0,0,0,42.0,2.98,0,0.0,81.99,Below Target,Non-Compliant,Slightly Delayed,False
GOV-0002601,2023,10,October,Q4,2023-10-01,FAC-009,Bangalore Tech Centre,India,Asia Pacific,Anti-Corruption,51.01,86.26,3,2,1,47.9,3.36,0,0.0,80.21,Below Target,Near Compliant,Significantly Delayed,False
GOV-0002602,2023,10,October,Q4,2023-10-01,FAC-009,Bangalore Tech Centre,India,Asia Pacific,Data Privacy,48.37,85.31,1,0,1,43.6,3.3,0,0.0,83.57,Below Target,Near Compliant,Slightly Delayed,False
GOV-0002603,2023,10,October,Q4,2023-10-01,FAC-009,Bangalore Tech Centre,India,Asia Pacific,Environmental,50.24,85.71,4,3,1,40.0,3.07,0,0.0,80.12,Below Target,Near Compliant,Slightly Delayed,False
GOV-0002604,2023,10,October,Q4,2023-10-01,FAC-009,Bangalore Tech Centre,India,Asia Pacific,Health & Safety,52.5,84.13,0,0,0,46.7,3.6,0,5528.96,77.8,Below Target,Non-Compliant,Significantly Delayed,True
GOV-0002605,2023,10,October,Q4,2023-10-01,FAC-009,Bangalore Tech Centre,India,Asia Pacific,Human Rights,48.47,82.13,4,3,1,45.5,3.01,0,0.0,81.04,Below Target,Non-Compliant,Significantly Delayed,False
GOV-0002606,2023,10,October,Q4,2023-10-01,FAC-009,Bangalore Tech Centre,India,Asia Pacific,Whistleblower,49.87,82.92,0,0,0,40.0,3.55,0,132907.71,78.98,Below Target,Non-Compliant,Slightly Delayed,True
GOV-0002607,2023,10,October,Q4,2023-10-01,FAC-009,Bangalore Tech Centre,India,Asia Pacific,Code of Conduct,50.31,84.99,4,3,1,47.9,2.98,0,0.0,79.77,Below Target,Non-Compliant,Significantly Delayed,False
GOV-0002608,2023,10,October,Q4,2023-10-01,FAC-009,Bangalore Tech Centre,India,Asia Pacific,Conflict of Interest,48.31,82.82,0,0,0,42.6,3.11,0,0.0,84.08,Below Target,Non-Compliant,Slightly Delayed,False
GOV-0002609,2023,10,October,Q4,2023-10-01,FAC-009,Bangalore Tech Centre,India,Asia Pacific,Supplier Standards,49.98,83.4,0,0,0,48.5,3.07,0,0.0,78.89,Below Target,Non-Compliant,Significantly Delayed,False
GOV-0002610,2023,10,October,Q4,2023-10-01,FAC-009,Bangalore Tech Centre,India,Asia Pacific,Information Security,50.19,84.43,2,1,1,43.7,3.43,0,0.0,79.76,Below Target,Non-Compliant,Slightly Delayed,False
GOV-0002611,2023,10,October,Q4,2023-10-01,FAC-010,Singapore Distribution,Singapore,Asia Pacific,Anti-Corruption,50.74,85.94,4,3,1,40.3,3.13,0,0.0,77.59,Below Target,Near Compliant,Slightly Delayed,False
GOV-0002612,2023,10,October,Q4,2023-10-01,FAC-010,Singapore Distribution,Singapore,Asia Pacific,Data Privacy,48.78,84.29,4,3,1,47.3,3.14,0,0.0,82.33,Below Target,Non-Compliant,Significantly Delayed,False
GOV-0002613,2023,10,October,Q4,2023-10-01,FAC-010,Singapore Distribution,Singapore,Asia Pacific,Environmental,51.96,83.06,5,3,2,48.7,3.3,0,0.0,79.0,Below Target,Non-Compliant,Significantly Delayed,False
GOV-0002614,2023,10,October,Q4,2023-10-01,FAC-010,Singapore Distribution,Singapore,Asia Pacific,Health & Safety,45.19,85.65,4,2,2,43.8,3.05,0,0.0,78.97,Below Target,Near Compliant,Slightly Delayed,False
GOV-0002615,2023,10,October,Q4,2023-10-01,FAC-010,Singapore Distribution,Singapore,Asia Pacific,Human Rights,50.32,84.11,0,0,0,47.7,3.46,0,0.0,81.69,Below Target,Non-Compliant,Significantly Delayed,False
GOV-0002616,2023,10,October,Q4,2023-10-01,FAC-010,Singapore Distribution,Singapore,Asia Pacific,Whistleblower,50.43,83.75,4,3,1,40.5,3.34,0,0.0,83.58,Below Target,Non-Compliant,Slightly Delayed,False
GOV-0002617,2023,10,October,Q4,2023-10-01,FAC-010,Singapore Distribution,Singapore,Asia Pacific,Code of Conduct,45.91,83.84,1,0,1,46.1,2.76,0,0.0,81.61,Below Target,Non-Compliant,Significantly Delayed,False
GOV-0002618,2023,10,October,Q4,2023-10-01,FAC-010,Singapore Distribution,Singapore,Asia Pacific,Conflict of Interest,49.96,80.86,5,4,1,47.6,3.19,0,107290.07,77.97,Below Target,Non-Compliant,Significantly Delayed,True
GOV-0002619,2023,10,October,Q4,2023-10-01,FAC-010,Singapore Distribution,Singapore,Asia Pacific,Supplier Standards,47.86,80.37,0,0,0,40.4,2.92,0,0.0,80.68,Below Target,Non-Compliant,Slightly Delayed,False
GOV-0002620,2023,10,October,Q4,2023-10-01,FAC-010,Singapore Distribution,Singapore,Asia Pacific,Information Security,50.64,88.32,5,4,1,42.0,3.23,0,0.0,76.47,Below Target,Near Compliant,Slightly Delayed,False
GOV-0002621,2023,10,October,Q4,2023-10-01,FAC-011,Monterrey Plant,Mexico,Latin America,Anti-Corruption,51.68,84.04,2,1,1,43.8,3.16,0,0.0,81.02,Below Target,Non-Compliant,Slightly Delayed,False
GOV-0002622,2023,10,October,Q4,2023-10-01,FAC-011,Monterrey Plant,Mexico,Latin America,Data Privacy,49.91,83.7,3,1,2,41.8,3.29,0,0.0,78.01,Below Target,Non-Compliant,Slightly Delayed,False
GOV-0002623,2023,10,October,Q4,2023-10-01,FAC-011,Monterrey Plant,Mexico,Latin America,Environmental,48.8,84.34,2,1,1,51.9,3.27,0,122354.1,78.25,Below Target,Non-Compliant,Significantly Delayed,True
GOV-0002624,2023,10,October,Q4,2023-10-01,FAC-011,Monterrey Plant,Mexico,Latin America,Health & Safety,48.44,84.05,5,4,1,46.8,3.66,0,130523.19,77.77,Below Target,Non-Compliant,Significantly Delayed,True
GOV-0002625,2023,10,October,Q4,2023-10-01,FAC-011,Monterrey Plant,Mexico,Latin America,Human Rights,50.28,86.78,1,0,1,42.1,3.45,0,0.0,79.39,Below Target,Near Compliant,Slightly Delayed,False
GOV-0002626,2023,10,October,Q4,2023-10-01,FAC-011,Monterrey Plant,Mexico,Latin America,Whistleblower,47.42,87.29,5,4,1,43.8,3.31,0,0.0,76.45,Below Target,Near Compliant,Slightly Delayed,False
GOV-0002627,2023,10,October,Q4,2023-10-01,FAC-011,Monterrey Plant,Mexico,Latin America,Code of Conduct,49.96,83.62,2,1,1,44.0,3.43,0,0.0,79.55,Below Target,Non-Compliant,Slightly Delayed,False
GOV-0002628,2023,10,October,Q4,2023-10-01,FAC-011,Monterrey Plant,Mexico,Latin America,Conflict of Interest,48.38,83.76,1,0,1,43.0,3.41,0,0.0,78.32,Below Target,Non-Compliant,Slightly Delayed,False
GOV-0002629,2023,10,October,Q4,2023-10-01,FAC-011,Monterrey Plant,Mexico,Latin America,Supplier Standards,51.12,83.88,2,1,1,46.1,3.29,0,0.0,79.06,Below Target,Non-Compliant,Significantly Delayed,False
GOV-0002630,2023,10,October,Q4,2023-10-01,FAC-011,Monterrey Plant,Mexico,Latin America,Information Security,48.07,87.13,0,0,0,37.5,3.2,0,0.0,81.41,Below Target,Near Compliant,Slightly Delayed,False
GOV-0002631,2023,10,October,Q4,2023-10-01,FAC-012,Sao Paulo Operations,Brazil,Latin America,Anti-Corruption,48.98,84.49,2,1,1,45.9,3.29,0,0.0,80.6,Below Target,Non-Compliant,Significantly Delayed,False
GOV-0002632,2023,10,October,Q4,2023-10-01,FAC-012,Sao Paulo Operations,Brazil,Latin America,Data Privacy,50.15,83.71,0,0,0,49.1,3.46,0,0.0,80.9,Below Target,Non-Compliant,Significantly Delayed,False
GOV-0002633,2023,10,October,Q4,2023-10-01,FAC-012,Sao Paulo Operations,Brazil,Latin America,Environmental,51.3,81.29,4,2,2,47.6,3.23,0,0.0,76.7,Below Target,Non-Compliant,Significantly Delayed,False
GOV-0002634,2023,10,October,Q4,2023-10-01,FAC-012,Sao Paulo Operations,Brazil,Latin America,Health & Safety,47.31,83.94,4,2,2,43.1,3.76,0,0.0,80.47,Below Target,Non-Compliant,Slightly Delayed,False
GOV-0002635,2023,10,October,Q4,2023-10-01,FAC-012,Sao Paulo Operations,Brazil,Latin America,Human Rights,49.94,84.02,3,1,2,40.2,3.42,0,0.0,80.38,Below Target,Non-Compliant,Slightly Delayed,False
GOV-0002636,2023,10,October,Q4,2023-10-01,FAC-012,Sao Paulo Operations,Brazil,Latin America,Whistleblower,47.77,86.16,4,3,1,43.2,3.23,0,0.0,77.75,Below Target,Near Compliant,Slightly Delayed,False
GOV-0002637,2023,10,October,Q4,2023-10-01,FAC-012,Sao Paulo Operations,Brazil,Latin America,Code of Conduct,50.83,83.79,1,0,1,43.7,3.12,0,0.0,78.26,Below Target,Non-Compliant,Slightly Delayed,False
GOV-0002638,2023,10,October,Q4,2023-10-01,FAC-012,Sao Paulo Operations,Brazil,Latin America,Conflict of Interest,46.25,83.39,0,0,0,39.6,3.15,0,0.0,78.03,Below Target,Non-Compliant,Slightly Delayed,False
GOV-0002639,2023,10,October,Q4,2023-10-01,FAC-012,Sao Paulo Operations,Brazil,Latin America,Supplier Standards,49.97,86.04,2,1,1,46.0,3.17,0,0.0,78.86,Below Target,Near Compliant,Significantly Delayed,False
GOV-0002640,2023,10,October,Q4,2023-10-01,FAC-012,Sao Paulo Operations,Brazil,Latin America,Information Security,48.59,87.58,0,0,0,43.8,3.16,0,0.0,77.96,Below Target,Near Compliant,Slightly Delayed,False
GOV-0002641,2023,11,November,Q4,2023-11-01,FAC-001,Chicago Main Plant,USA,North America,Anti-Corruption,48.5,86.86,2,1,1,44.7,3.28,0,0.0,80.3,Below Target,Near Compliant,Slightly Delayed,False
GOV-0002642,2023,11,November,Q4,2023-11-01,FAC-001,Chicago Main Plant,USA,North America,Data Privacy,47.75,84.0,0,0,0,40.1,3.28,0,0.0,79.79,Below Target,Non-Compliant,Slightly Delayed,False
GOV-0002643,2023,11,November,Q4,2023-11-01,FAC-001,Chicago Main Plant,USA,North America,Environmental,50.89,85.42,5,4,1,46.1,3.26,0,0.0,79.53,Below Target,Near Compliant,Significantly Delayed,False
GOV-0002644,2023,11,November,Q4,2023-11-01,FAC-001,Chicago Main Plant,USA,North America,Health & Safety,50.06,82.69,0,0,0,45.9,3.26,0,0.0,80.05,Below Target,Non-Compliant,Significantly Delayed,False
GOV-0002645,2023,11,November,Q4,2023-11-01,FAC-001,Chicago Main Plant,USA,North America,Human Rights,46.89,83.26,1,0,1,45.1,3.41,0,0.0,80.43,Below Target,Non-Compliant,Significantly Delayed,False
GOV-0002646,2023,11,November,Q4,2023-11-01,FAC-001,Chicago Main Plant,USA,North America,Whistleblower,49.88,84.09,3,2,1,46.6,3.36,0,0.0,76.54,Below Target,Non-Compliant,Significantly Delayed,False
GOV-0002647,2023,11,November,Q4,2023-11-01,FAC-001,Chicago Main Plant,USA,North America,Code of Conduct,49.27,85.5,5,4,1,45.3,3.18,0,0.0,80.56,Below Target,Near Compliant,Significantly Delayed,False
GOV-0002648,2023,11,November,Q4,2023-11-01,FAC-001,Chicago Main Plant,USA,North America,Conflict of Interest,52.77,84.9,0,0,0,49.0,3.19,0,0.0,81.04,Below Target,Non-Compliant,Significantly Delayed,False
GOV-0002649,2023,11,November,Q4,2023-11-01,FAC-001,Chicago Main Plant,USA,North America,Supplier Standards,49.69,81.82,4,3,1,47.4,3.35,0,0.0,79.46,Below Target,Non-Compliant,Significantly Delayed,False
GOV-0002650,2023,11,November,Q4,2023-11-01,FAC-001,Chicago Main Plant,USA,North America,Information Security,48.69,86.08,3,2,1,41.3,2.92,0,0.0,78.33,Below Target,Near Compliant,Slightly Delayed,False
GOV-0002651,2023,11,November,Q4,2023-11-01,FAC-002,Detroit Assembly,USA,North America,Anti-Corruption,50.58,85.22,3,2,1,43.6,3.56,0,0.0,77.78,Below Target,Near Compliant,Slightly Delayed,False
GOV-0002652,2023,11,November,Q4,2023-11-01,FAC-002,Detroit Assembly,USA,North America,Data Privacy,49.74,82.43,1,0,1,45.3,3.53,0,0.0,78.98,Below Target,Non-Compliant,Significantly Delayed,False
GOV-0002653,2023,11,November,Q4,2023-11-01,FAC-002,Detroit Assembly,USA,North America,Environmental,50.54,83.37,2,1,1,41.0,3.06,0,0.0,80.7,Below Target,Non-Compliant,Slightly Delayed,False
GOV-0002654,2023,11,November,Q4,2023-11-01,FAC-002,Detroit Assembly,USA,North America,Health & Safety,46.89,82.36,5,3,2,41.5,3.18,0,0.0,80.94,Below Target,Non-Compliant,Slightly Delayed,False
GOV-0002655,2023,11,November,Q4,2023-11-01,FAC-002,Detroit Assembly,USA,North America,Human Rights,49.26,83.27,2,1,1,40.2,3.24,0,0.0,78.92,Below Target,Non-Compliant,Slightly Delayed,False
GOV-0002656,2023,11,November,Q4,2023-11-01,FAC-002,Detroit Assembly,USA,North America,Whistleblower,45.71,83.98,5,4,1,45.1,2.94,0,0.0,79.84,Below Target,Non-Compliant,Significantly Delayed,False
GOV-0002657,2023,11,November,Q4,2023-11-01,FAC-002,Detroit Assembly,USA,North America,Code of Conduct,48.04,85.08,3,2,1,46.5,3.31,0,107273.0,79.07,Below Target,Near Compliant,Significantly Delayed,True
GOV-0002658,2023,11,November,Q4,2023-11-01,FAC-002,Detroit Assembly,USA,North America,Conflict of Interest,49.0,87.27,1,0,1,45.5,3.04,0,0.0,79.05,Below Target,Near Compliant,Significantly Delayed,False
GOV-0002659,2023,11,November,Q4,2023-11-01,FAC-002,Detroit Assembly,USA,North America,Supplier Standards,51.12,84.2,4,3,1,41.6,3.15,0,0.0,77.99,Below Target,Non-Compliant,Slightly Delayed,False
GOV-0002660,2023,11,November,Q4,2023-11-01,FAC-002,Detroit Assembly,USA,North America,Information Security,49.94,84.76,2,1,1,39.2,3.27,0,0.0,76.87,Below Target,Non-Compliant,Slightly Delayed,False
GOV-0002661,2023,11,November,Q4,2023-11-01,FAC-003,Toronto Operations,Canada,North America,Anti-Corruption,49.58,82.16,3,2,1,44.9,3.23,0,0.0,81.55,Below Target,Non-Compliant,Slightly Delayed,False
GOV-0002662,2023,11,November,Q4,2023-11-01,FAC-003,Toronto Operations,Canada,North America,Data Privacy,49.43,86.7,2,1,1,37.6,3.2,0,0.0,80.7,Below Target,Near Compliant,Slightly Delayed,False
GOV-0002663,2023,11,November,Q4,2023-11-01,FAC-003,Toronto Operations,Canada,North America,Environmental,50.27,84.99,3,2,1,49.0,3.61,0,0.0,80.77,Below Target,Non-Compliant,Significantly Delayed,False
GOV-0002664,2023,11,November,Q4,2023-11-01,FAC-003,Toronto Operations,Canada,North America,Health & Safety,51.4,82.68,5,3,2,50.5,3.31,0,0.0,78.41,Below Target,Non-Compliant,Significantly Delayed,False
GOV-0002665,2023,11,November,Q4,2023-11-01,FAC-003,Toronto Operations,Canada,North America,Human Rights,46.31,85.01,1,0,1,37.8,3.31,0,0.0,76.67,Below Target,Near Compliant,Slightly Delayed,False
GOV-0002666,2023,11,November,Q4,2023-11-01,FAC-003,Toronto Operations,Canada,North America,Whistleblower,49.74,82.67,4,3,1,42.2,3.38,0,0.0,80.55,Below Target,Non-Compliant,Slightly Delayed,False
GOV-0002667,2023,11,November,Q4,2023-11-01,FAC-003,Toronto Operations,Canada,North America,Code of Conduct,49.65,82.24,2,1,1,40.6,3.51,0,0.0,81.69,Below Target,Non-Compliant,Slightly Delayed,False
GOV-0002668,2023,11,November,Q4,2023-11-01,FAC-003,Toronto Operations,Canada,North America,Conflict of Interest,50.35,84.87,0,0,0,38.2,3.11,0,0.0,79.38,Below Target,Non-Compliant,Slightly Delayed,False
GOV-0002669,2023,11,November,Q4,2023-11-01,FAC-003,Toronto Operations,Canada,North America,Supplier Standards,50.92,86.63,1,0,1,41.5,3.4,0,0.0,83.3,Below Target,Near Compliant,Slightly Delayed,False
GOV-0002670,2023,11,November,Q4,2023-11-01,FAC-003,Toronto Operations,Canada,North America,Information Security,46.44,84.4,0,0,0,46.9,3.23,0,0.0,78.06,Below Target,Non-Compliant,Significantly Delayed,False
GOV-0002671,2023,11,November,Q4,2023-11-01,FAC-004,Munich Precision Works,Germany,Europe,Anti-Corruption,52.69,84.43,4,2,2,45.1,3.13,0,0.0,77.03,Below Target,Non-Compliant,Significantly Delayed,False
GOV-0002672,2023,11,November,Q4,2023-11-01,FAC-004,Munich Precision Works,Germany,Europe,Data Privacy,50.67,81.51,2,1,1,42.9,3.34,0,0.0,77.93,Below Target,Non-Compliant,Slightly Delayed,False
GOV-0002673,2023,11,November,Q4,2023-11-01,FAC-004,Munich Precision Works,Germany,Europe,Environmental,47.38,83.54,3,1,2,42.3,3.4,0,0.0,80.27,Below Target,Non-Compliant,Slightly Delayed,False
GOV-0002674,2023,11,November,Q4,2023-11-01,FAC-004,Munich Precision Works,Germany,Europe,Health & Safety,47.65,85.73,5,3,2,44.8,3.35,0,0.0,78.56,Below Target,Near Compliant,Slightly Delayed,False
GOV-0002675,2023,11,November,Q4,2023-11-01,FAC-004,Munich Precision Works,Germany,Europe,Human Rights,49.57,84.83,5,3,2,43.1,3.31,0,0.0,78.96,Below Target,Non-Compliant,Slightly Delayed,False
GOV-0002676,2023,11,November,Q4,2023-11-01,FAC-004,Munich Precision Works,Germany,Europe,Whistleblower,47.47,84.89,0,0,0,51.7,3.21,0,0.0,80.44,Below Target,Non-Compliant,Significantly Delayed,False
GOV-0002677,2023,11,November,Q4,2023-11-01,FAC-004,Munich Precision Works,Germany,Europe,Code of Conduct,50.29,83.24,5,4,1,43.3,3.26,0,0.0,76.85,Below Target,Non-Compliant,Slightly Delayed,False
GOV-0002678,2023,11,November,Q4,2023-11-01,FAC-004,Munich Precision Works,Germany,Europe,Conflict of Interest,51.4,87.12,2,1,1,46.3,3.45,0,0.0,82.07,Below Target,Near Compliant,Significantly Delayed,False
GOV-0002679,2023,11,November,Q4,2023-11-01,FAC-004,Munich Precision Works,Germany,Europe,Supplier Standards,50.24,85.35,2,1,1,44.3,3.34,0,0.0,79.18,Below Target,Near Compliant,Slightly Delayed,False
GOV-0002680,2023,11,November,Q4,2023-11-01,FAC-004,Munich Precision Works,Germany,Europe,Information Security,51.45,85.49,2,1,1,39.7,3.36,0,0.0,79.86,Below Target,Near Compliant,Slightly Delayed,False
GOV-0002681,2023,11,November,Q4,2023-11-01,FAC-005,Stuttgart Engineering,Germany,Europe,Anti-Corruption,48.21,82.76,2,1,1,46.0,3.07,0,0.0,75.69,Below Target,Non-Compliant,Significantly Delayed,False
GOV-0002682,2023,11,November,Q4,2023-11-01,FAC-005,Stuttgart Engineering,Germany,Europe,Data Privacy,52.95,85.56,0,0,0,40.2,3.6,0,0.0,77.58,Below Target,Near Compliant,Slightly Delayed,False
GOV-0002683,2023,11,November,Q4,2023-11-01,FAC-005,Stuttgart Engineering,Germany,Europe,Environmental,47.59,83.23,0,0,0,44.2,3.14,0,0.0,78.91,Below Target,Non-Compliant,Slightly Delayed,False
GOV-0002684,2023,11,November,Q4,2023-11-01,FAC-005,Stuttgart Engineering,Germany,Europe,Health & Safety,51.16,84.37,3,1,2,49.8,3.48,0,0.0,80.45,Below Target,Non-Compliant,Significantly Delayed,False
GOV-0002685,2023,11,November,Q4,2023-11-01,FAC-005,Stuttgart Engineering,Germany,Europe,Human Rights,50.67,82.8,4,2,2,40.4,3.12,0,0.0,79.39,Below Target,Non-Compliant,Slightly Delayed,False
GOV-0002686,2023,11,November,Q4,2023-11-01,FAC-005,Stuttgart Engineering,Germany,Europe,Whistleblower,50.41,84.19,0,0,0,48.1,3.66,0,0.0,78.28,Below Target,Non-Compliant,Significantly Delayed,False
GOV-0002687,2023,11,November,Q4,2023-11-01,FAC-005,Stuttgart Engineering,Germany,Europe,Code of Conduct,50.14,85.0,3,1,2,42.9,3.21,1,0.0,78.39,Below Target,Near Compliant,Slightly Delayed,False
GOV-0002688,2023,11,November,Q4,2023-11-01,FAC-005,Stuttgart Engineering,Germany,Europe,Conflict of Interest,50.88,86.41,3,2,1,39.1,3.24,0,0.0,78.89,Below Target,Near Compliant,Slightly Delayed,False
GOV-0002689,2023,11,November,Q4,2023-11-01,FAC-005,Stuttgart Engineering,Germany,Europe,Supplier Standards,50.48,82.28,3,2,1,47.8,3.31,0,0.0,82.24,Below Target,Non-Compliant,Significantly Delayed,False
GOV-0002690,2023,11,November,Q4,2023-11-01,FAC-005,Stuttgart Engineering,Germany,Europe,Information Security,47.59,85.53,2,1,1,43.9,2.97,0,90362.88,80.78,Below Target,Near Compliant,Slightly Delayed,True
GOV-0002691,2023,11,November,Q4,2023-11-01,FAC-006,Rotterdam Hub,Netherlands,Europe,Anti-Corruption,46.05,81.84,5,4,1,41.8,3.28,0,0.0,81.22,Below Target,Non-Compliant,Slightly Delayed,False
GOV-0002692,2023,11,November,Q4,2023-11-01,FAC-006,Rotterdam Hub,Netherlands,Europe,Data Privacy,48.01,85.44,0,0,0,48.1,3.43,0,0.0,76.73,Below Target,Near Compliant,Significantly Delayed,False
GOV-0002693,2023,11,November,Q4,2023-11-01,FAC-006,Rotterdam Hub,Netherlands,Europe,Environmental,48.95,84.27,2,1,1,48.8,3.22,0,0.0,78.88,Below Target,Non-Compliant,Significantly Delayed,False
GOV-0002694,2023,11,November,Q4,2023-11-01,FAC-006,Rotterdam Hub,Netherlands,Europe,Health & Safety,48.66,83.9,3,1,2,46.0,3.06,0,0.0,78.04,Below Target,Non-Compliant,Significantly Delayed,False
GOV-0002695,2023,11,November,Q4,2023-11-01,FAC-006,Rotterdam Hub,Netherlands,Europe,Human Rights,49.18,86.36,1,0,1,44.1,3.26,0,0.0,76.14,Below Target,Near Compliant,Slightly Delayed,False
GOV-0002696,2023,11,November,Q4,2023-11-01,FAC-006,Rotterdam Hub,Netherlands,Europe,Whistleblower,51.43,83.45,0,0,0,45.0,3.1,0,0.0,76.38,Below Target,Non-Compliant,Slightly Delayed,False
GOV-0002697,2023,11,November,Q4,2023-11-01,FAC-006,Rotterdam Hub,Netherlands,Europe,Code of Conduct,50.11,85.05,0,0,0,47.7,3.38,0,0.0,79.56,Below Target,Near Compliant,Significantly Delayed,False
GOV-0002698,2023,11,November,Q4,2023-11-01,FAC-006,Rotterdam Hub,Netherlands,Europe,Conflict of Interest,46.98,86.21,5,4,1,40.5,3.11,0,0.0,79.74,Below Target,Near Compliant,Slightly Delayed,False
GOV-0002699,2023,11,November,Q4,2023-11-01,FAC-006,Rotterdam Hub,Netherlands,Europe,Supplier Standards,48.43,84.44,1,0,1,41.0,3.72,0,0.0,80.37,Below Target,Non-Compliant,Slightly Delayed,False
GOV-0002700,2023,11,November,Q4,2023-11-01,FAC-006,Rotterdam Hub,Netherlands,Europe,Information Security,45.78,83.71,5,3,2,46.1,3.24,0,0.0,76.38,Below Target,Non-Compliant,Significantly Delayed,False
GOV-0002701,2023,11,November,Q4,2023-11-01,FAC-007,Lyon Components,France,Europe,Anti-Corruption,50.26,83.89,4,3,1,43.4,3.15,0,0.0,82.19,Below Target,Non-Compliant,Slightly Delayed,False
GOV-0002702,2023,11,November,Q4,2023-11-01,FAC-007,Lyon Components,France,Europe,Data Privacy,46.84,84.82,3,1,2,45.2,2.7,0,0.0,80.16,Below Target,Non-Compliant,Significantly Delayed,False
GOV-0002703,2023,11,November,Q4,2023-11-01,FAC-007,Lyon Components,France,Europe,Environmental,45.71,82.44,1,0,1,54.3,3.51,0,123461.56,81.25,Below Target,Non-Compliant,Significantly Delayed,True
GOV-0002704,2023,11,November,Q4,2023-11-01,FAC-007,Lyon Components,France,Europe,Health & Safety,49.1,86.43,3,2,1,45.4,3.46,0,0.0,80.09,Below Target,Near Compliant,Significantly Delayed,False
GOV-0002705,2023,11,November,Q4,2023-11-01,FAC-007,Lyon Components,France,Europe,Human Rights,48.44,81.5,2,1,1,38.8,3.22,0,0.0,84.09,Below Target,Non-Compliant,Slightly Delayed,False
GOV-0002706,2023,11,November,Q4,2023-11-01,FAC-007,Lyon Components,France,Europe,Whistleblower,48.96,84.74,4,2,2,40.1,3.31,0,0.0,78.38,Below Target,Non-Compliant,Slightly Delayed,False
GOV-0002707,2023,11,November,Q4,2023-11-01,FAC-007,Lyon Components,France,Europe,Code of Conduct,48.08,84.97,4,3,1,46.4,3.36,0,0.0,80.71,Below Target,Non-Compliant,Significantly Delayed,False
GOV-0002708,2023,11,November,Q4,2023-11-01,FAC-007,Lyon Components,France,Europe,Conflict of Interest,49.17,81.6,4,3,1,43.4,3.39,0,0.0,76.44,Below Target,Non-Compliant,Slightly Delayed,False
GOV-0002709,2023,11,November,Q4,2023-11-01,FAC-007,Lyon Components,France,Europe,Supplier Standards,50.04,85.98,3,2,1,47.1,3.35,0,0.0,79.94,Below Target,Near Compliant,Significantly Delayed,False
GOV-0002710,2023,11,November,Q4,2023-11-01,FAC-007,Lyon Components,France,Europe,Information Security,48.43,84.23,2,1,1,47.0,3.22,0,0.0,82.04,Below Target,Non-Compliant,Significantly Delayed,False
GOV-0002711,2023,11,November,Q4,2023-11-01,FAC-008,Shanghai Manufacturing,China,Asia Pacific,Anti-Corruption,49.73,84.44,5,4,1,45.3,3.33,0,0.0,77.26,Below Target,Non-Compliant,Significantly Delayed,False
GOV-0002712,2023,11,November,Q4,2023-11-01,FAC-008,Shanghai Manufacturing,China,Asia Pacific,Data Privacy,49.24,83.94,0,0,0,44.1,3.13,0,0.0,79.52,Below Target,Non-Compliant,Slightly Delayed,False
GOV-0002713,2023,11,November,Q4,2023-11-01,FAC-008,Shanghai Manufacturing,China,Asia Pacific,Environmental,49.48,85.07,2,1,1,37.5,3.16,0,0.0,80.58,Below Target,Near Compliant,Slightly Delayed,False
GOV-0002714,2023,11,November,Q4,2023-11-01,FAC-008,Shanghai Manufacturing,China,Asia Pacific,Health & Safety,49.94,81.84,5,3,2,46.6,3.12,0,0.0,76.57,Below Target,Non-Compliant,Significantly Delayed,False
GOV-0002715,2023,11,November,Q4,2023-11-01,FAC-008,Shanghai Manufacturing,China,Asia Pacific,Human Rights,48.66,87.21,4,2,2,43.5,3.57,0,0.0,78.39,Below Target,Near Compliant,Slightly Delayed,False
GOV-0002716,2023,11,November,Q4,2023-11-01,FAC-008,Shanghai Manufacturing,China,Asia Pacific,Whistleblower,50.68,84.97,4,3,1,46.0,2.99,0,130440.24,76.65,Below Target,Non-Compliant,Significantly Delayed,True
GOV-0002717,2023,11,November,Q4,2023-11-01,FAC-008,Shanghai Manufacturing,China,Asia Pacific,Code of Conduct,48.51,82.4,1,0,1,46.2,3.73,0,0.0,77.11,Below Target,Non-Compliant,Significantly Delayed,False
GOV-0002718,2023,11,November,Q4,2023-11-01,FAC-008,Shanghai Manufacturing,China,Asia Pacific,Conflict of Interest,50.63,86.27,2,1,1,45.4,2.91,0,0.0,78.05,Below Target,Near Compliant,Significantly Delayed,False
GOV-0002719,2023,11,November,Q4,2023-11-01,FAC-008,Shanghai Manufacturing,China,Asia Pacific,Supplier Standards,49.65,85.59,4,3,1,42.0,3.12,0,0.0,81.68,Below Target,Near Compliant,Slightly Delayed,False
GOV-0002720,2023,11,November,Q4,2023-11-01,FAC-008,Shanghai Manufacturing,China,Asia Pacific,Information Security,48.71,86.65,3,1,2,37.7,2.95,0,0.0,77.25,Below Target,Near Compliant,Slightly Delayed,False
GOV-0002721,2023,11,November,Q4,2023-11-01,FAC-009,Bangalore Tech Centre,India,Asia Pacific,Anti-Corruption,50.91,85.56,5,4,1,39.6,3.2,0,0.0,80.32,Below Target,Near Compliant,Slightly Delayed,False
GOV-0002722,2023,11,November,Q4,2023-11-01,FAC-009,Bangalore Tech Centre,India,Asia Pacific,Data Privacy,49.12,85.81,3,2,1,45.3,2.93,0,0.0,77.22,Below Target,Near Compliant,Significantly Delayed,False
GOV-0002723,2023,11,November,Q4,2023-11-01,FAC-009,Bangalore Tech Centre,India,Asia Pacific,Environmental,50.51,84.7,2,1,1,43.4,3.34,0,0.0,76.16,Below Target,Non-Compliant,Slightly Delayed,False
GOV-0002724,2023,11,November,Q4,2023-11-01,FAC-009,Bangalore Tech Centre,India,Asia Pacific,Health & Safety,52.63,85.99,5,4,1,43.3,3.73,0,0.0,79.97,Below Target,Near Compliant,Slightly Delayed,False
GOV-0002725,2023,11,November,Q4,2023-11-01,FAC-009,Bangalore Tech Centre,India,Asia Pacific,Human Rights,47.03,82.7,2,1,1,38.2,3.26,0,0.0,79.88,Below Target,Non-Compliant,Slightly Delayed,False
GOV-0002726,2023,11,November,Q4,2023-11-01,FAC-009,Bangalore Tech Centre,India,Asia Pacific,Whistleblower,51.0,83.31,3,2,1,45.1,3.48,0,0.0,78.02,Below Target,Non-Compliant,Significantly Delayed,False
GOV-0002727,2023,11,November,Q4,2023-11-01,FAC-009,Bangalore Tech Centre,India,Asia Pacific,Code of Conduct,49.43,83.6,5,3,2,43.7,3.33,0,0.0,81.3,Below Target,Non-Compliant,Slightly Delayed,False
GOV-0002728,2023,11,November,Q4,2023-11-01,FAC-009,Bangalore Tech Centre,India,Asia Pacific,Conflict of Interest,49.86,87.92,0,0,0,34.1,3.34,0,0.0,80.64,Below Target,Near Compliant,Slightly Delayed,False
GOV-0002729,2023,11,November,Q4,2023-11-01,FAC-009,Bangalore Tech Centre,India,Asia Pacific,Supplier Standards,47.72,85.61,1,0,1,42.3,3.46,0,0.0,78.7,Below Target,Near Compliant,Slightly Delayed,False
GOV-0002730,2023,11,November,Q4,2023-11-01,FAC-009,Bangalore Tech Centre,India,Asia Pacific,Information Security,50.12,84.46,0,0,0,44.3,2.96,0,0.0,78.52,Below Target,Non-Compliant,Slightly Delayed,False
GOV-0002731,2023,11,November,Q4,2023-11-01,FAC-010,Singapore Distribution,Singapore,Asia Pacific,Anti-Corruption,51.46,86.34,1,0,1,46.1,3.24,0,0.0,80.37,Below Target,Near Compliant,Significantly Delayed,False
GOV-0002732,2023,11,November,Q4,2023-11-01,FAC-010,Singapore Distribution,Singapore,Asia Pacific,Data Privacy,46.92,83.57,1,0,1,46.4,3.29,0,0.0,79.42,Below Target,Non-Compliant,Significantly Delayed,False
GOV-0002733,2023,11,November,Q4,2023-11-01,FAC-010,Singapore Distribution,Singapore,Asia Pacific,Environmental,49.29,83.92,3,2,1,44.7,3.09,0,0.0,78.24,Below Target,Non-Compliant,Slightly Delayed,False
GOV-0002734,2023,11,November,Q4,2023-11-01,FAC-010,Singapore Distribution,Singapore,Asia Pacific,Health & Safety,48.83,85.84,2,1,1,46.3,3.15,0,0.0,78.55,Below Target,Near Compliant,Significantly Delayed,False
GOV-0002735,2023,11,November,Q4,2023-11-01,FAC-010,Singapore Distribution,Singapore,Asia Pacific,Human Rights,48.73,84.05,0,0,0,39.9,3.58,0,0.0,78.58,Below Target,Non-Compliant,Slightly Delayed,False
GOV-0002736,2023,11,November,Q4,2023-11-01,FAC-010,Singapore Distribution,Singapore,Asia Pacific,Whistleblower,47.64,85.06,1,0,1,41.5,3.44,0,0.0,80.05,Below Target,Near Compliant,Slightly Delayed,False
GOV-0002737,2023,11,November,Q4,2023-11-01,FAC-010,Singapore Distribution,Singapore,Asia Pacific,Code of Conduct,51.02,83.44,0,0,0,44.0,3.63,0,0.0,78.4,Below Target,Non-Compliant,Slightly Delayed,False
GOV-0002738,2023,11,November,Q4,2023-11-01,FAC-010,Singapore Distribution,Singapore,Asia Pacific,Conflict of Interest,49.93,83.48,0,0,0,46.8,3.53,0,0.0,76.49,Below Target,Non-Compliant,Significantly Delayed,False
GOV-0002739,2023,11,November,Q4,2023-11-01,FAC-010,Singapore Distribution,Singapore,Asia Pacific,Supplier Standards,51.41,84.54,3,1,2,42.9,3.28,0,149987.31,79.7,Below Target,Non-Compliant,Slightly Delayed,True
GOV-0002740,2023,11,November,Q4,2023-11-01,FAC-010,Singapore Distribution,Singapore,Asia Pacific,Information Security,50.06,85.32,1,0,1,47.4,3.46,0,0.0,77.78,Below Target,Near Compliant,Significantly Delayed,False
GOV-0002741,2023,11,November,Q4,2023-11-01,FAC-011,Monterrey Plant,Mexico,Latin America,Anti-Corruption,48.16,83.23,2,1,1,45.6,3.2,0,0.0,78.59,Below Target,Non-Compliant,Significantly Delayed,False
GOV-0002742,2023,11,November,Q4,2023-11-01,FAC-011,Monterrey Plant,Mexico,Latin America,Data Privacy,48.61,83.59,5,3,2,45.6,3.46,0,0.0,78.5,Below Target,Non-Compliant,Significantly Delayed,False
GOV-0002743,2023,11,November,Q4,2023-11-01,FAC-011,Monterrey Plant,Mexico,Latin America,Environmental,47.74,84.06,0,0,0,46.1,3.47,0,0.0,76.6,Below Target,Non-Compliant,Significantly Delayed,False
GOV-0002744,2023,11,November,Q4,2023-11-01,FAC-011,Monterrey Plant,Mexico,Latin America,Health & Safety,50.01,82.05,3,1,2,49.9,3.37,0,0.0,77.53,Below Target,Non-Compliant,Significantly Delayed,False
GOV-0002745,2023,11,November,Q4,2023-11-01,FAC-011,Monterrey Plant,Mexico,Latin America,Human Rights,48.4,84.77,5,4,1,43.3,2.95,0,21577.42,78.46,Below Target,Non-Compliant,Slightly Delayed,True
GOV-0002746,2023,11,November,Q4,2023-11-01,FAC-011,Monterrey Plant,Mexico,Latin America,Whistleblower,46.17,84.81,5,4,1,48.3,3.44,0,0.0,79.81,Below Target,Non-Compliant,Significantly Delayed,False
GOV-0002747,2023,11,November,Q4,2023-11-01,FAC-011,Monterrey Plant,Mexico,Latin America,Code of Conduct,51.83,81.63,3,2,1,43.1,3.32,0,0.0,79.16,Below Target,Non-Compliant,Slightly Delayed,False
GOV-0002748,2023,11,November,Q4,2023-11-01,FAC-011,Monterrey Plant,Mexico,Latin America,Conflict of Interest,50.04,86.03,0,0,0,40.7,3.13,0,0.0,77.94,Below Target,Near Compliant,Slightly Delayed,False
GOV-0002749,2023,11,November,Q4,2023-11-01,FAC-011,Monterrey Plant,Mexico,Latin America,Supplier Standards,47.88,84.61,3,2,1,51.0,3.32,0,0.0,79.39,Below Target,Non-Compliant,Significantly Delayed,False
GOV-0002750,2023,11,November,Q4,2023-11-01,FAC-011,Monterrey Plant,Mexico,Latin America,Information Security,51.56,85.4,4,2,2,47.9,3.03,0,0.0,82.39,Below Target,Near Compliant,Significantly Delayed,False
GOV-0002751,2023,11,November,Q4,2023-11-01,FAC-012,Sao Paulo Operations,Brazil,Latin America,Anti-Corruption,51.09,85.31,4,3,1,50.0,3.46,0,0.0,82.7,Below Target,Near Compliant,Significantly Delayed,False
GOV-0002752,2023,11,November,Q4,2023-11-01,FAC-012,Sao Paulo Operations,Brazil,Latin America,Data Privacy,48.84,88.1,4,3,1,46.2,3.11,0,0.0,80.67,Below Target,Near Compliant,Significantly Delayed,False
GOV-0002753,2023,11,November,Q4,2023-11-01,FAC-012,Sao Paulo Operations,Brazil,Latin America,Environmental,50.31,83.04,2,1,1,43.1,2.88,0,0.0,78.1,Below Target,Non-Compliant,Slightly Delayed,False
GOV-0002754,2023,11,November,Q4,2023-11-01,FAC-012,Sao Paulo Operations,Brazil,Latin America,Health & Safety,48.56,84.34,5,4,1,47.1,2.96,0,0.0,79.6,Below Target,Non-Compliant,Significantly Delayed,False
GOV-0002755,2023,11,November,Q4,2023-11-01,FAC-012,Sao Paulo Operations,Brazil,Latin America,Human Rights,48.83,84.23,1,0,1,43.4,3.28,0,0.0,79.44,Below Target,Non-Compliant,Slightly Delayed,False
GOV-0002756,2023,11,November,Q4,2023-11-01,FAC-012,Sao Paulo Operations,Brazil,Latin America,Whistleblower,50.11,86.65,0,0,0,46.9,3.4,0,82005.5,78.87,Below Target,Near Compliant,Significantly Delayed,True
GOV-0002757,2023,11,November,Q4,2023-11-01,FAC-012,Sao Paulo Operations,Brazil,Latin America,Code of Conduct,50.26,82.09,4,3,1,43.3,3.54,0,0.0,79.6,Below Target,Non-Compliant,Slightly Delayed,False
GOV-0002758,2023,11,November,Q4,2023-11-01,FAC-012,Sao Paulo Operations,Brazil,Latin America,Conflict of Interest,49.2,86.0,5,4,1,44.7,3.62,0,0.0,83.02,Below Target,Near Compliant,Slightly Delayed,False
GOV-0002759,2023,11,November,Q4,2023-11-01,FAC-012,Sao Paulo Operations,Brazil,Latin America,Supplier Standards,50.03,82.47,1,0,1,45.3,3.04,0,0.0,79.32,Below Target,Non-Compliant,Significantly Delayed,False
GOV-0002760,2023,11,November,Q4,2023-11-01,FAC-012,Sao Paulo Operations,Brazil,Latin America,Information Security,47.63,85.38,4,2,2,45.5,3.31,0,0.0,76.04,Below Target,Near Compliant,Significantly Delayed,False
GOV-0002761,2023,12,December,Q4,2023-12-01,FAC-001,Chicago Main Plant,USA,North America,Anti-Corruption,48.3,83.95,5,3,2,40.7,3.42,0,0.0,75.44,Below Target,Non-Compliant,Slightly Delayed,False
GOV-0002762,2023,12,December,Q4,2023-12-01,FAC-001,Chicago Main Plant,USA,North America,Data Privacy,49.66,86.0,4,3,1,41.1,3.03,0,0.0,79.66,Below Target,Near Compliant,Slightly Delayed,False
GOV-0002763,2023,12,December,Q4,2023-12-01,FAC-001,Chicago Main Plant,USA,North America,Environmental,51.1,84.2,2,1,1,41.4,2.67,0,0.0,81.29,Below Target,Non-Compliant,Slightly Delayed,False
GOV-0002764,2023,12,December,Q4,2023-12-01,FAC-001,Chicago Main Plant,USA,North America,Health & Safety,47.79,86.11,1,0,1,46.4,2.97,0,0.0,78.58,Below Target,Near Compliant,Significantly Delayed,False
GOV-0002765,2023,12,December,Q4,2023-12-01,FAC-001,Chicago Main Plant,USA,North America,Human Rights,50.62,84.15,1,0,1,42.3,3.26,0,0.0,79.77,Below Target,Non-Compliant,Slightly Delayed,False
GOV-0002766,2023,12,December,Q4,2023-12-01,FAC-001,Chicago Main Plant,USA,North America,Whistleblower,50.64,82.48,1,0,1,43.0,3.26,0,0.0,80.1,Below Target,Non-Compliant,Slightly Delayed,False
GOV-0002767,2023,12,December,Q4,2023-12-01,FAC-001,Chicago Main Plant,USA,North America,Code of Conduct,50.43,86.16,3,2,1,50.3,3.07,0,91653.88,79.28,Below Target,Near Compliant,Significantly Delayed,True
GOV-0002768,2023,12,December,Q4,2023-12-01,FAC-001,Chicago Main Plant,USA,North America,Conflict of Interest,49.54,84.49,1,0,1,41.1,2.95,0,0.0,80.49,Below Target,Non-Compliant,Slightly Delayed,False
GOV-0002769,2023,12,December,Q4,2023-12-01,FAC-001,Chicago Main Plant,USA,North America,Supplier Standards,48.16,84.56,5,3,2,42.0,3.65,0,0.0,79.19,Below Target,Non-Compliant,Slightly Delayed,False
GOV-0002770,2023,12,December,Q4,2023-12-01,FAC-001,Chicago Main Plant,USA,North America,Information Security,49.48,84.47,5,3,2,43.1,3.21,0,0.0,79.97,Below Target,Non-Compliant,Slightly Delayed,False
GOV-0002771,2023,12,December,Q4,2023-12-01,FAC-002,Detroit Assembly,USA,North America,Anti-Corruption,51.87,82.95,5,3,2,42.7,2.95,0,0.0,79.2,Below Target,Non-Compliant,Slightly Delayed,False
GOV-0002772,2023,12,December,Q4,2023-12-01,FAC-002,Detroit Assembly,USA,North America,Data Privacy,47.63,85.53,0,0,0,36.2,2.93,0,0.0,79.72,Below Target,Near Compliant,Slightly Delayed,False
GOV-0002773,2023,12,December,Q4,2023-12-01,FAC-002,Detroit Assembly,USA,North America,Environmental,46.65,83.92,4,3,1,43.6,3.0,0,0.0,78.59,Below Target,Non-Compliant,Slightly Delayed,False
GOV-0002774,2023,12,December,Q4,2023-12-01,FAC-002,Detroit Assembly,USA,North America,Health & Safety,50.57,85.26,5,3,2,43.6,3.14,0,0.0,80.32,Below Target,Near Compliant,Slightly Delayed,False
GOV-0002775,2023,12,December,Q4,2023-12-01,FAC-002,Detroit Assembly,USA,North America,Human Rights,52.63,83.19,5,3,2,45.6,3.42,0,0.0,79.35,Below Target,Non-Compliant,Significantly Delayed,False
GOV-0002776,2023,12,December,Q4,2023-12-01,FAC-002,Detroit Assembly,USA,North America,Whistleblower,48.05,83.91,3,2,1,40.3,3.28,0,0.0,79.97,Below Target,Non-Compliant,Slightly Delayed,False
GOV-0002777,2023,12,December,Q4,2023-12-01,FAC-002,Detroit Assembly,USA,North America,Code of Conduct,49.73,84.62,2,1,1,46.4,3.24,0,0.0,81.64,Below Target,Non-Compliant,Significantly Delayed,False
GOV-0002778,2023,12,December,Q4,2023-12-01,FAC-002,Detroit Assembly,USA,North America,Conflict of Interest,48.21,82.93,0,0,0,45.1,3.34,0,0.0,81.0,Below Target,Non-Compliant,Significantly Delayed,False
GOV-0002779,2023,12,December,Q4,2023-12-01,FAC-002,Detroit Assembly,USA,North America,Supplier Standards,51.21,83.84,5,3,2,47.9,3.15,0,0.0,83.01,Below Target,Non-Compliant,Significantly Delayed,False
GOV-0002780,2023,12,December,Q4,2023-12-01,FAC-002,Detroit Assembly,USA,North America,Information Security,47.48,86.57,4,2,2,42.7,3.31,0,0.0,80.81,Below Target,Near Compliant,Slightly Delayed,False
GOV-0002781,2023,12,December,Q4,2023-12-01,FAC-003,Toronto Operations,Canada,North America,Anti-Corruption,50.98,86.12,2,1,1,44.4,3.58,0,0.0,78.87,Below Target,Near Compliant,Slightly Delayed,False
GOV-0002782,2023,12,December,Q4,2023-12-01,FAC-003,Toronto Operations,Canada,North America,Data Privacy,47.09,87.5,0,0,0,46.2,3.25,0,0.0,78.3,Below Target,Near Compliant,Significantly Delayed,False
GOV-0002783,2023,12,December,Q4,2023-12-01,FAC-003,Toronto Operations,Canada,North America,Environmental,52.29,84.01,4,3,1,37.4,3.53,0,0.0,79.65,Below Target,Non-Compliant,Slightly Delayed,False
GOV-0002784,2023,12,December,Q4,2023-12-01,FAC-003,Toronto Operations,Canada,North America,Health & Safety,49.46,83.56,0,0,0,45.4,3.09,0,0.0,77.85,Below Target,Non-Compliant,Significantly Delayed,False
GOV-0002785,2023,12,December,Q4,2023-12-01,FAC-003,Toronto Operations,Canada,North America,Human Rights,48.4,85.58,3,2,1,41.6,3.36,0,0.0,78.17,Below Target,Near Compliant,Slightly Delayed,False
GOV-0002786,2023,12,December,Q4,2023-12-01,FAC-003,Toronto Operations,Canada,North America,Whistleblower,51.66,84.29,5,4,1,39.4,2.93,0,0.0,80.01,Below Target,Non-Compliant,Slightly Delayed,False
GOV-0002787,2023,12,December,Q4,2023-12-01,FAC-003,Toronto Operations,Canada,North America,Code of Conduct,46.77,85.38,0,0,0,42.9,3.16,0,0.0,82.31,Below Target,Near Compliant,Slightly Delayed,False
GOV-0002788,2023,12,December,Q4,2023-12-01,FAC-003,Toronto Operations,Canada,North America,Conflict of Interest,52.13,84.24,1,0,1,43.0,3.18,0,0.0,83.1,Below Target,Non-Compliant,Slightly Delayed,False
GOV-0002789,2023,12,December,Q4,2023-12-01,FAC-003,Toronto Operations,Canada,North America,Supplier Standards,46.96,85.13,2,1,1,47.2,3.09,0,0.0,80.62,Below Target,Near Compliant,Significantly Delayed,False
GOV-0002790,2023,12,December,Q4,2023-12-01,FAC-003,Toronto Operations,Canada,North America,Information Security,51.18,85.68,4,2,2,42.1,3.46,0,0.0,83.79,Below Target,Near Compliant,Slightly Delayed,False
GOV-0002791,2023,12,December,Q4,2023-12-01,FAC-004,Munich Precision Works,Germany,Europe,Anti-Corruption,53.38,84.26,0,0,0,52.6,3.75,0,83015.21,79.23,Below Target,Non-Compliant,Significantly Delayed,True
GOV-0002792,2023,12,December,Q4,2023-12-01,FAC-004,Munich Precision Works,Germany,Europe,Data Privacy,49.73,85.51,0,0,0,46.8,2.9,1,0.0,79.99,Below Target,Near Compliant,Significantly Delayed,False
GOV-0002793,2023,12,December,Q4,2023-12-01,FAC-004,Munich Precision Works,Germany,Europe,Environmental,54.06,85.8,3,1,2,42.0,3.44,0,0.0,81.19,Below Target,Near Compliant,Slightly Delayed,False
GOV-0002794,2023,12,December,Q4,2023-12-01,FAC-004,Munich Precision Works,Germany,Europe,Health & Safety,47.89,85.04,5,4,1,46.1,3.1,0,0.0,80.32,Below Target,Near Compliant,Significantly Delayed,False
GOV-0002795,2023,12,December,Q4,2023-12-01,FAC-004,Munich Precision Works,Germany,Europe,Human Rights,46.87,86.43,5,4,1,39.8,2.93,0,0.0,75.3,Below Target,Near Compliant,Slightly Delayed,False
GOV-0002796,2023,12,December,Q4,2023-12-01,FAC-004,Munich Precision Works,Germany,Europe,Whistleblower,52.01,86.77,2,1,1,47.8,3.19,0,0.0,77.67,Below Target,Near Compliant,Significantly Delayed,False
GOV-0002797,2023,12,December,Q4,2023-12-01,FAC-004,Munich Precision Works,Germany,Europe,Code of Conduct,49.25,83.8,1,0,1,43.7,3.44,0,0.0,83.54,Below Target,Non-Compliant,Slightly Delayed,False
GOV-0002798,2023,12,December,Q4,2023-12-01,FAC-004,Munich Precision Works,Germany,Europe,Conflict of Interest,49.99,84.7,4,2,2,44.1,2.94,0,0.0,78.16,Below Target,Non-Compliant,Slightly Delayed,False
GOV-0002799,2023,12,December,Q4,2023-12-01,FAC-004,Munich Precision Works,Germany,Europe,Supplier Standards,49.08,86.37,1,0,1,43.3,2.9,0,0.0,80.61,Below Target,Near Compliant,Slightly Delayed,False
GOV-0002800,2023,12,December,Q4,2023-12-01,FAC-004,Munich Precision Works,Germany,Europe,Information Security,49.51,85.98,4,3,1,44.8,3.25,0,0.0,78.92,Below Target,Near Compliant,Slightly Delayed,False
GOV-0002801,2023,12,December,Q4,2023-12-01,FAC-005,Stuttgart Engineering,Germany,Europe,Anti-Corruption,49.44,81.28,2,1,1,47.8,3.25,0,0.0,82.35,Below Target,Non-Compliant,Significantly Delayed,False
GOV-0002802,2023,12,December,Q4,2023-12-01,FAC-005,Stuttgart Engineering,Germany,Europe,Data Privacy,49.59,85.25,3,1,2,39.8,3.58,0,0.0,80.82,Below Target,Near Compliant,Slightly Delayed,False
GOV-0002803,2023,12,December,Q4,2023-12-01,FAC-005,Stuttgart Engineering,Germany,Europe,Environmental,51.44,85.95,3,1,2,44.8,2.91,0,0.0,76.35,Below Target,Near Compliant,Slightly Delayed,False
GOV-0002804,2023,12,December,Q4,2023-12-01,FAC-005,Stuttgart Engineering,Germany,Europe,Health & Safety,50.93,86.3,5,4,1,45.3,2.82,0,0.0,79.77,Below Target,Near Compliant,Significantly Delayed,False
GOV-0002805,2023,12,December,Q4,2023-12-01,FAC-005,Stuttgart Engineering,Germany,Europe,Human Rights,48.86,85.54,3,2,1,46.9,3.49,0,0.0,76.97,Below Target,Near Compliant,Significantly Delayed,False
GOV-0002806,2023,12,December,Q4,2023-12-01,FAC-005,Stuttgart Engineering,Germany,Europe,Whistleblower,50.38,86.79,2,1,1,45.5,3.05,0,0.0,80.16,Below Target,Near Compliant,Significantly Delayed,False
GOV-0002807,2023,12,December,Q4,2023-12-01,FAC-005,Stuttgart Engineering,Germany,Europe,Code of Conduct,50.31,85.23,1,0,1,46.1,3.11,0,131487.17,77.51,Below Target,Near Compliant,Significantly Delayed,True
GOV-0002808,2023,12,December,Q4,2023-12-01,FAC-005,Stuttgart Engineering,Germany,Europe,Conflict of Interest,48.42,80.99,2,1,1,42.9,3.31,0,0.0,77.1,Below Target,Non-Compliant,Slightly Delayed,False
GOV-0002809,2023,12,December,Q4,2023-12-01,FAC-005,Stuttgart Engineering,Germany,Europe,Supplier Standards,50.47,86.51,3,2,1,46.5,3.21,0,0.0,78.0,Below Target,Near Compliant,Significantly Delayed,False
GOV-0002810,2023,12,December,Q4,2023-12-01,FAC-005,Stuttgart Engineering,Germany,Europe,Information Security,49.33,86.01,2,1,1,47.6,2.84,0,0.0,81.54,Below Target,Near Compliant,Significantly Delayed,False
GOV-0002811,2023,12,December,Q4,2023-12-01,FAC-006,Rotterdam Hub,Netherlands,Europe,Anti-Corruption,50.28,87.52,0,0,0,42.7,3.31,0,0.0,80.13,Below Target,Near Compliant,Slightly Delayed,False
GOV-0002812,2023,12,December,Q4,2023-12-01,FAC-006,Rotterdam Hub,Netherlands,Europe,Data Privacy,51.95,87.14,5,3,2,40.1,3.22,0,0.0,80.42,Below Target,Near Compliant,Slightly Delayed,False
GOV-0002813,2023,12,December,Q4,2023-12-01,FAC-006,Rotterdam Hub,Netherlands,Europe,Environmental,47.67,84.16,5,4,1,41.8,3.18,0,0.0,83.3,Below Target,Non-Compliant,Slightly Delayed,False
GOV-0002814,2023,12,December,Q4,2023-12-01,FAC-006,Rotterdam Hub,Netherlands,Europe,Health & Safety,49.17,87.56,1,0,1,45.0,3.34,0,0.0,75.32,Below Target,Near Compliant,Slightly Delayed,False
GOV-0002815,2023,12,December,Q4,2023-12-01,FAC-006,Rotterdam Hub,Netherlands,Europe,Human Rights,48.66,84.99,3,2,1,37.7,3.39,0,0.0,81.33,Below Target,Non-Compliant,Slightly Delayed,False
GOV-0002816,2023,12,December,Q4,2023-12-01,FAC-006,Rotterdam Hub,Netherlands,Europe,Whistleblower,48.11,84.69,2,1,1,41.6,3.35,0,0.0,80.59,Below Target,Non-Compliant,Slightly Delayed,False
GOV-0002817,2023,12,December,Q4,2023-12-01,FAC-006,Rotterdam Hub,Netherlands,Europe,Code of Conduct,50.46,85.13,2,1,1,42.1,3.25,0,0.0,79.45,Below Target,Near Compliant,Slightly Delayed,False
GOV-0002818,2023,12,December,Q4,2023-12-01,FAC-006,Rotterdam Hub,Netherlands,Europe,Conflict of Interest,48.65,83.21,2,1,1,46.6,3.71,0,0.0,80.29,Below Target,Non-Compliant,Significantly Delayed,False
GOV-0002819,2023,12,December,Q4,2023-12-01,FAC-006,Rotterdam Hub,Netherlands,Europe,Supplier Standards,52.58,83.47,4,2,2,52.6,2.75,0,0.0,78.99,Below Target,Non-Compliant,Significantly Delayed,False
GOV-0002820,2023,12,December,Q4,2023-12-01,FAC-006,Rotterdam Hub,Netherlands,Europe,Information Security,49.18,80.75,3,2,1,40.7,3.4,0,0.0,78.29,Below Target,Non-Compliant,Slightly Delayed,False
GOV-0002821,2023,12,December,Q4,2023-12-01,FAC-007,Lyon Components,France,Europe,Anti-Corruption,47.87,84.75,4,3,1,48.7,3.31,0,0.0,81.56,Below Target,Non-Compliant,Significantly Delayed,False
GOV-0002822,2023,12,December,Q4,2023-12-01,FAC-007,Lyon Components,France,Europe,Data Privacy,51.81,81.19,1,0,1,51.2,3.25,0,0.0,78.24,Below Target,Non-Compliant,Significantly Delayed,False
GOV-0002823,2023,12,December,Q4,2023-12-01,FAC-007,Lyon Components,France,Europe,Environmental,54.67,87.84,5,3,2,39.1,2.7,0,0.0,77.7,Below Target,Near Compliant,Slightly Delayed,False
GOV-0002824,2023,12,December,Q4,2023-12-01,FAC-007,Lyon Components,France,Europe,Health & Safety,47.07,85.51,1,0,1,47.1,3.01,0,0.0,80.93,Below Target,Near Compliant,Significantly Delayed,False
GOV-0002825,2023,12,December,Q4,2023-12-01,FAC-007,Lyon Components,France,Europe,Human Rights,46.71,84.09,5,3,2,44.4,3.13,0,0.0,78.13,Below Target,Non-Compliant,Slightly Delayed,False
GOV-0002826,2023,12,December,Q4,2023-12-01,FAC-007,Lyon Components,France,Europe,Whistleblower,54.21,85.57,2,1,1,43.2,3.23,0,0.0,79.48,Below Target,Near Compliant,Slightly Delayed,False
GOV-0002827,2023,12,December,Q4,2023-12-01,FAC-007,Lyon Components,France,Europe,Code of Conduct,47.52,84.96,4,3,1,45.6,3.09,0,0.0,76.37,Below Target,Non-Compliant,Significantly Delayed,False
GOV-0002828,2023,12,December,Q4,2023-12-01,FAC-007,Lyon Components,France,Europe,Conflict of Interest,49.77,82.49,5,4,1,50.4,3.01,0,96599.87,78.71,Below Target,Non-Compliant,Significantly Delayed,True
GOV-0002829,2023,12,December,Q4,2023-12-01,FAC-007,Lyon Components,France,Europe,Supplier Standards,50.04,86.68,2,1,1,47.0,3.65,0,0.0,79.86,Below Target,Near Compliant,Significantly Delayed,False
GOV-0002830,2023,12,December,Q4,2023-12-01,FAC-007,Lyon Components,France,Europe,Information Security,50.02,84.06,3,2,1,44.3,3.03,0,0.0,77.23,Below Target,Non-Compliant,Slightly Delayed,False
GOV-0002831,2023,12,December,Q4,2023-12-01,FAC-008,Shanghai Manufacturing,China,Asia Pacific,Anti-Corruption,50.22,86.76,3,2,1,40.6,3.2,0,0.0,82.45,Below Target,Near Compliant,Slightly Delayed,False
GOV-0002832,2023,12,December,Q4,2023-12-01,FAC-008,Shanghai Manufacturing,China,Asia Pacific,Data Privacy,50.53,85.61,4,3,1,45.4,2.9,0,0.0,79.44,Below Target,Near Compliant,Significantly Delayed,False
GOV-0002833,2023,12,December,Q4,2023-12-01,FAC-008,Shanghai Manufacturing,China,Asia Pacific,Environmental,50.57,84.15,0,0,0,45.8,2.83,1,0.0,78.35,Below Target,Non-Compliant,Significantly Delayed,False
GOV-0002834,2023,12,December,Q4,2023-12-01,FAC-008,Shanghai Manufacturing,China,Asia Pacific,Health & Safety,51.36,83.07,3,2,1,48.8,3.13,0,11789.21,77.26,Below Target,Non-Compliant,Significantly Delayed,True
GOV-0002835,2023,12,December,Q4,2023-12-01,FAC-008,Shanghai Manufacturing,China,Asia Pacific,Human Rights,47.89,80.88,3,2,1,45.7,3.47,0,0.0,80.78,Below Target,Non-Compliant,Significantly Delayed,False
GOV-0002836,2023,12,December,Q4,2023-12-01,FAC-008,Shanghai Manufacturing,China,Asia Pacific,Whistleblower,52.73,86.51,5,4,1,44.5,3.21,0,0.0,79.44,Below Target,Near Compliant,Slightly Delayed,False
GOV-0002837,2023,12,December,Q4,2023-12-01,FAC-008,Shanghai Manufacturing,China,Asia Pacific,Code of Conduct,47.38,83.08,2,1,1,46.6,3.05,0,0.0,79.88,Below Target,Non-Compliant,Significantly Delayed,False
GOV-0002838,2023,12,December,Q4,2023-12-01,FAC-008,Shanghai Manufacturing,China,Asia Pacific,Conflict of Interest,49.26,82.71,3,2,1,48.2,3.64,0,0.0,82.29,Below Target,Non-Compliant,Significantly Delayed,False
GOV-0002839,2023,12,December,Q4,2023-12-01,FAC-008,Shanghai Manufacturing,China,Asia Pacific,Supplier Standards,50.96,84.27,4,3,1,44.2,3.23,0,0.0,82.07,Below Target,Non-Compliant,Slightly Delayed,False
GOV-0002840,2023,12,December,Q4,2023-12-01,FAC-008,Shanghai Manufacturing,China,Asia Pacific,Information Security,49.5,83.82,2,1,1,40.9,3.45,0,0.0,79.96,Below Target,Non-Compliant,Slightly Delayed,False
GOV-0002841,2023,12,December,Q4,2023-12-01,FAC-009,Bangalore Tech Centre,India,Asia Pacific,Anti-Corruption,48.29,86.84,0,0,0,39.3,3.12,0,0.0,74.98,Below Target,Near Compliant,Slightly Delayed,False
GOV-0002842,2023,12,December,Q4,2023-12-01,FAC-009,Bangalore Tech Centre,India,Asia Pacific,Data Privacy,50.79,84.46,4,2,2,42.8,3.33,1,0.0,79.52,Below Target,Non-Compliant,Slightly Delayed,False
GOV-0002843,2023,12,December,Q4,2023-12-01,FAC-009,Bangalore Tech Centre,India,Asia Pacific,Environmental,51.14,85.93,1,0,1,46.1,3.16,0,0.0,76.76,Below Target,Near Compliant,Significantly Delayed,False
GOV-0002844,2023,12,December,Q4,2023-12-01,FAC-009,Bangalore Tech Centre,India,Asia Pacific,Health & Safety,48.5,84.46,1,0,1,42.3,3.72,0,0.0,80.21,Below Target,Non-Compliant,Slightly Delayed,False
GOV-0002845,2023,12,December,Q4,2023-12-01,FAC-009,Bangalore Tech Centre,India,Asia Pacific,Human Rights,49.17,84.12,0,0,0,48.2,2.95,0,0.0,76.96,Below Target,Non-Compliant,Significantly Delayed,False
GOV-0002846,2023,12,December,Q4,2023-12-01,FAC-009,Bangalore Tech Centre,India,Asia Pacific,Whistleblower,50.18,84.48,2,1,1,51.1,3.53,0,0.0,82.91,Below Target,Non-Compliant,Significantly Delayed,False
GOV-0002847,2023,12,December,Q4,2023-12-01,FAC-009,Bangalore Tech Centre,India,Asia Pacific,Code of Conduct,51.05,87.04,1,0,1,45.1,3.09,0,0.0,80.2,Below Target,Near Compliant,Significantly Delayed,False
GOV-0002848,2023,12,December,Q4,2023-12-01,FAC-009,Bangalore Tech Centre,India,Asia Pacific,Conflict of Interest,50.92,85.01,2,1,1,35.1,3.19,0,0.0,78.74,Below Target,Near Compliant,Slightly Delayed,False
GOV-0002849,2023,12,December,Q4,2023-12-01,FAC-009,Bangalore Tech Centre,India,Asia Pacific,Supplier Standards,52.2,86.07,0,0,0,41.1,3.34,0,0.0,77.11,Below Target,Near Compliant,Slightly Delayed,False
GOV-0002850,2023,12,December,Q4,2023-12-01,FAC-009,Bangalore Tech Centre,India,Asia Pacific,Information Security,53.71,86.17,2,1,1,40.1,3.17,0,0.0,78.35,Below Target,Near Compliant,Slightly Delayed,False
GOV-0002851,2023,12,December,Q4,2023-12-01,FAC-010,Singapore Distribution,Singapore,Asia Pacific,Anti-Corruption,48.57,85.16,4,3,1,46.2,3.01,0,0.0,82.31,Below Target,Near Compliant,Significantly Delayed,False
GOV-0002852,2023,12,December,Q4,2023-12-01,FAC-010,Singapore Distribution,Singapore,Asia Pacific,Data Privacy,52.32,85.3,2,1,1,41.4,3.51,0,0.0,77.82,Below Target,Near Compliant,Slightly Delayed,False
GOV-0002853,2023,12,December,Q4,2023-12-01,FAC-010,Singapore Distribution,Singapore,Asia Pacific,Environmental,49.82,87.25,1,0,1,49.3,3.39,0,0.0,81.65,Below Target,Near Compliant,Significantly Delayed,False
GOV-0002854,2023,12,December,Q4,2023-12-01,FAC-010,Singapore Distribution,Singapore,Asia Pacific,Health & Safety,52.98,84.33,3,2,1,50.0,3.06,0,0.0,76.36,Below Target,Non-Compliant,Significantly Delayed,False
GOV-0002855,2023,12,December,Q4,2023-12-01,FAC-010,Singapore Distribution,Singapore,Asia Pacific,Human Rights,48.52,84.0,5,3,2,39.2,3.35,0,21072.91,80.64,Below Target,Non-Compliant,Slightly Delayed,True
GOV-0002856,2023,12,December,Q4,2023-12-01,FAC-010,Singapore Distribution,Singapore,Asia Pacific,Whistleblower,53.87,84.89,0,0,0,42.8,3.69,0,0.0,80.15,Below Target,Non-Compliant,Slightly Delayed,False
GOV-0002857,2023,12,December,Q4,2023-12-01,FAC-010,Singapore Distribution,Singapore,Asia Pacific,Code of Conduct,49.19,86.53,1,0,1,43.9,3.3,0,0.0,78.42,Below Target,Near Compliant,Slightly Delayed,False
GOV-0002858,2023,12,December,Q4,2023-12-01,FAC-010,Singapore Distribution,Singapore,Asia Pacific,Conflict of Interest,48.78,83.37,2,1,1,44.4,3.07,0,0.0,78.76,Below Target,Non-Compliant,Slightly Delayed,False
GOV-0002859,2023,12,December,Q4,2023-12-01,FAC-010,Singapore Distribution,Singapore,Asia Pacific,Supplier Standards,49.16,85.88,5,3,2,44.8,3.16,0,0.0,79.45,Below Target,Near Compliant,Slightly Delayed,False
GOV-0002860,2023,12,December,Q4,2023-12-01,FAC-010,Singapore Distribution,Singapore,Asia Pacific,Information Security,50.89,84.96,4,3,1,43.2,2.96,0,0.0,79.78,Below Target,Non-Compliant,Slightly Delayed,False
GOV-0002861,2023,12,December,Q4,2023-12-01,FAC-011,Monterrey Plant,Mexico,Latin America,Anti-Corruption,50.07,85.68,2,1,1,46.7,3.28,0,0.0,79.48,Below Target,Near Compliant,Significantly Delayed,False
GOV-0002862,2023,12,December,Q4,2023-12-01,FAC-011,Monterrey Plant,Mexico,Latin America,Data Privacy,47.58,85.53,4,3,1,42.9,3.38,0,0.0,80.6,Below Target,Near Compliant,Slightly Delayed,False
GOV-0002863,2023,12,December,Q4,2023-12-01,FAC-011,Monterrey Plant,Mexico,Latin America,Environmental,48.96,87.62,1,0,1,38.7,3.31,0,0.0,78.46,Below Target,Near Compliant,Slightly Delayed,False
GOV-0002864,2023,12,December,Q4,2023-12-01,FAC-011,Monterrey Plant,Mexico,Latin America,Health & Safety,47.96,82.59,5,4,1,43.0,3.29,0,0.0,80.08,Below Target,Non-Compliant,Slightly Delayed,False
GOV-0002865,2023,12,December,Q4,2023-12-01,FAC-011,Monterrey Plant,Mexico,Latin America,Human Rights,50.72,85.92,2,1,1,45.4,3.31,0,0.0,80.56,Below Target,Near Compliant,Significantly Delayed,False
GOV-0002866,2023,12,December,Q4,2023-12-01,FAC-011,Monterrey Plant,Mexico,Latin America,Whistleblower,46.75,83.4,0,0,0,48.7,2.84,0,0.0,78.47,Below Target,Non-Compliant,Significantly Delayed,False
GOV-0002867,2023,12,December,Q4,2023-12-01,FAC-011,Monterrey Plant,Mexico,Latin America,Code of Conduct,47.93,86.36,1,0,1,45.5,2.93,0,0.0,77.16,Below Target,Near Compliant,Significantly Delayed,False
GOV-0002868,2023,12,December,Q4,2023-12-01,FAC-011,Monterrey Plant,Mexico,Latin America,Conflict of Interest,51.57,85.09,3,2,1,43.8,3.58,0,0.0,78.83,Below Target,Near Compliant,Slightly Delayed,False
GOV-0002869,2023,12,December,Q4,2023-12-01,FAC-011,Monterrey Plant,Mexico,Latin America,Supplier Standards,51.3,81.89,1,0,1,43.3,3.28,0,0.0,80.54,Below Target,Non-Compliant,Slightly Delayed,False
GOV-0002870,2023,12,December,Q4,2023-12-01,FAC-011,Monterrey Plant,Mexico,Latin America,Information Security,50.55,84.13,2,1,1,48.1,3.29,0,0.0,78.23,Below Target,Non-Compliant,Significantly Delayed,False
GOV-0002871,2023,12,December,Q4,2023-12-01,FAC-012,Sao Paulo Operations,Brazil,Latin America,Anti-Corruption,47.27,84.87,0,0,0,39.1,3.2,0,0.0,82.1,Below Target,Non-Compliant,Slightly Delayed,False
GOV-0002872,2023,12,December,Q4,2023-12-01,FAC-012,Sao Paulo Operations,Brazil,Latin America,Data Privacy,51.04,84.24,4,2,2,45.4,3.08,0,0.0,75.83,Below Target,Non-Compliant,Significantly Delayed,False
GOV-0002873,2023,12,December,Q4,2023-12-01,FAC-012,Sao Paulo Operations,Brazil,Latin America,Environmental,47.69,84.75,5,3,2,52.9,3.35,0,0.0,75.03,Below Target,Non-Compliant,Significantly Delayed,False
GOV-0002874,2023,12,December,Q4,2023-12-01,FAC-012,Sao Paulo Operations,Brazil,Latin America,Health & Safety,48.45,85.74,4,2,2,35.7,3.23,0,0.0,81.26,Below Target,Near Compliant,Slightly Delayed,False
GOV-0002875,2023,12,December,Q4,2023-12-01,FAC-012,Sao Paulo Operations,Brazil,Latin America,Human Rights,49.25,86.84,4,2,2,41.9,3.11,0,0.0,80.07,Below Target,Near Compliant,Slightly Delayed,False
GOV-0002876,2023,12,December,Q4,2023-12-01,FAC-012,Sao Paulo Operations,Brazil,Latin America,Whistleblower,47.66,84.21,2,1,1,43.1,3.47,0,0.0,81.57,Below Target,Non-Compliant,Slightly Delayed,False
GOV-0002877,2023,12,December,Q4,2023-12-01,FAC-012,Sao Paulo Operations,Brazil,Latin America,Code of Conduct,49.18,87.51,1,0,1,45.9,3.28,0,0.0,77.44,Below Target,Near Compliant,Significantly Delayed,False
GOV-0002878,2023,12,December,Q4,2023-12-01,FAC-012,Sao Paulo Operations,Brazil,Latin America,Conflict of Interest,49.66,82.16,1,0,1,45.0,3.0,0,0.0,78.37,Below Target,Non-Compliant,Slightly Delayed,False
GOV-0002879,2023,12,December,Q4,2023-12-01,FAC-012,Sao Paulo Operations,Brazil,Latin America,Supplier Standards,49.51,82.91,0,0,0,44.2,3.41,0,0.0,78.82,Below Target,Non-Compliant,Slightly Delayed,False
GOV-0002880,2023,12,December,Q4,2023-12-01,FAC-012,Sao Paulo Operations,Brazil,Latin America,Information Security,48.59,85.72,4,3,1,41.4,3.32,0,0.0,79.54,Below Target,Near Compliant,Slightly Delayed,False
GOV-0002881,2024,1,January,Q1,2024-01-01,FAC-001,Chicago Main Plant,USA,North America,Anti-Corruption,56.69,84.89,3,1,2,43.7,2.85,0,0.0,85.63,Below Target,Non-Compliant,Slightly Delayed,False
GOV-0002882,2024,1,January,Q1,2024-01-01,FAC-001,Chicago Main Plant,USA,North America,Data Privacy,51.65,83.64,0,0,0,36.9,3.07,0,0.0,82.71,Below Target,Non-Compliant,Slightly Delayed,False
GOV-0002883,2024,1,January,Q1,2024-01-01,FAC-001,Chicago Main Plant,USA,North America,Environmental,52.21,87.91,5,3,2,40.8,3.13,0,0.0,82.2,Below Target,Near Compliant,Slightly Delayed,False
GOV-0002884,2024,1,January,Q1,2024-01-01,FAC-001,Chicago Main Plant,USA,North America,Health & Safety,53.1,91.18,5,4,1,43.4,2.68,0,0.0,85.03,Below Target,Near Compliant,Slightly Delayed,False
GOV-0002885,2024,1,January,Q1,2024-01-01,FAC-001,Chicago Main Plant,USA,North America,Human Rights,54.21,83.38,5,4,1,34.4,2.96,0,0.0,80.01,Below Target,Non-Compliant,Slightly Delayed,False
GOV-0002886,2024,1,January,Q1,2024-01-01,FAC-001,Chicago Main Plant,USA,North America,Whistleblower,56.42,86.37,4,3,1,45.8,3.25,0,0.0,85.6,Below Target,Near Compliant,Significantly Delayed,False
GOV-0002887,2024,1,January,Q1,2024-01-01,FAC-001,Chicago Main Plant,USA,North America,Code of Conduct,53.64,87.46,5,3,2,44.8,3.28,0,0.0,82.59,Below Target,Near Compliant,Slightly Delayed,False
GOV-0002888,2024,1,January,Q1,2024-01-01,FAC-001,Chicago Main Plant,USA,North America,Conflict of Interest,47.72,90.06,0,0,0,42.7,3.08,0,0.0,86.01,Below Target,Near Compliant,Slightly Delayed,False
GOV-0002889,2024,1,January,Q1,2024-01-01,FAC-001,Chicago Main Plant,USA,North America,Supplier Standards,51.87,86.92,1,0,1,32.7,3.06,0,0.0,79.66,Below Target,Near Compliant,Slightly Delayed,False
GOV-0002890,2024,1,January,Q1,2024-01-01,FAC-001,Chicago Main Plant,USA,North America,Information Security,50.43,86.35,1,0,1,40.3,3.02,0,0.0,84.52,Below Target,Near Compliant,Slightly Delayed,False
GOV-0002891,2024,1,January,Q1,2024-01-01,FAC-002,Detroit Assembly,USA,North America,Anti-Corruption,56.06,88.15,5,4,1,42.9,2.93,0,0.0,81.13,Below Target,Near Compliant,Slightly Delayed,False
GOV-0002892,2024,1,January,Q1,2024-01-01,FAC-002,Detroit Assembly,USA,North America,Data Privacy,50.97,88.11,5,3,2,44.4,2.84,0,0.0,82.99,Below Target,Near Compliant,Slightly Delayed,False
GOV-0002893,2024,1,January,Q1,2024-01-01,FAC-002,Detroit Assembly,USA,North America,Environmental,52.84,87.32,4,2,2,44.1,2.68,0,0.0,83.93,Below Target,Near Compliant,Slightly Delayed,False
GOV-0002894,2024,1,January,Q1,2024-01-01,FAC-002,Detroit Assembly,USA,North America,Health & Safety,49.35,85.26,4,3,1,42.4,3.24,0,0.0,80.03,Below Target,Near Compliant,Slightly Delayed,False
GOV-0002895,2024,1,January,Q1,2024-01-01,FAC-002,Detroit Assembly,USA,North America,Human Rights,51.36,85.79,2,1,1,38.9,3.08,0,0.0,81.39,Below Target,Near Compliant,Slightly Delayed,False
GOV-0002896,2024,1,January,Q1,2024-01-01,FAC-002,Detroit Assembly,USA,North America,Whistleblower,49.99,87.44,0,0,0,35.8,3.24,0,0.0,83.26,Below Target,Near Compliant,Slightly Delayed,False
GOV-0002897,2024,1,January,Q1,2024-01-01,FAC-002,Detroit Assembly,USA,North America,Code of Conduct,54.32,91.32,1,0,1,39.1,3.06,0,0.0,79.93,Below Target,Near Compliant,Slightly Delayed,False
GOV-0002898,2024,1,January,Q1,2024-01-01,FAC-002,Detroit Assembly,USA,North America,Conflict of Interest,52.07,89.76,0,0,0,37.6,2.64,0,0.0,79.7,Below Target,Near Compliant,Slightly Delayed,False
GOV-0002899,2024,1,January,Q1,2024-01-01,FAC-002,Detroit Assembly,USA,North America,Supplier Standards,53.48,88.31,0,0,0,42.4,3.46,0,0.0,86.64,Below Target,Near Compliant,Slightly Delayed,False
GOV-0002900,2024,1,January,Q1,2024-01-01,FAC-002,Detroit Assembly,USA,North America,Information Security,53.98,91.36,2,1,1,38.2,2.87,0,0.0,82.45,Below Target,Near Compliant,Slightly Delayed,False
GOV-0002901,2024,1,January,Q1,2024-01-01,FAC-003,Toronto Operations,Canada,North America,Anti-Corruption,50.34,86.17,5,4,1,43.2,2.96,0,0.0,83.88,Below Target,Near Compliant,Slightly Delayed,False
GOV-0002902,2024,1,January,Q1,2024-01-01,FAC-003,Toronto Operations,Canada,North America,Data Privacy,54.45,85.99,0,0,0,38.6,3.32,0,0.0,82.39,Below Target,Near Compliant,Slightly Delayed,False
GOV-0002903,2024,1,January,Q1,2024-01-01,FAC-003,Toronto Operations,Canada,North America,Environmental,52.15,88.2,0,0,0,32.6,3.05,0,0.0,87.19,Below Target,Near Compliant,Slightly Delayed,False
GOV-0002904,2024,1,January,Q1,2024-01-01,FAC-003,Toronto Operations,Canada,North America,Health & Safety,53.9,87.92,2,1,1,43.5,3.19,0,104586.09,84.73,Below Target,Near Compliant,Slightly Delayed,True
GOV-0002905,2024,1,January,Q1,2024-01-01,FAC-003,Toronto Operations,Canada,North America,Human Rights,54.81,89.07,0,0,0,41.9,2.83,0,0.0,78.62,Below Target,Near Compliant,Slightly Delayed,False
GOV-0002906,2024,1,January,Q1,2024-01-01,FAC-003,Toronto Operations,Canada,North America,Whistleblower,55.76,88.25,5,4,1,37.1,3.27,0,0.0,80.67,Below Target,Near Compliant,Slightly Delayed,False
GOV-0002907,2024,1,January,Q1,2024-01-01,FAC-003,Toronto Operations,Canada,North America,Code of Conduct,52.94,90.72,2,1,1,33.6,3.26,0,0.0,82.03,Below Target,Near Compliant,Slightly Delayed,False
GOV-0002908,2024,1,January,Q1,2024-01-01,FAC-003,Toronto Operations,Canada,North America,Conflict of Interest,51.91,85.84,4,3,1,39.0,3.28,0,0.0,80.14,Below Target,Near Compliant,Slightly Delayed,False
GOV-0002909,2024,1,January,Q1,2024-01-01,FAC-003,Toronto Operations,Canada,North America,Supplier Standards,56.94,83.07,3,2,1,38.7,3.05,0,141875.05,83.0,Below Target,Non-Compliant,Slightly Delayed,True
GOV-0002910,2024,1,January,Q1,2024-01-01,FAC-003,Toronto Operations,Canada,North America,Information Security,56.02,85.51,5,4,1,39.9,2.83,0,0.0,81.28,Below Target,Near Compliant,Slightly Delayed,False
GOV-0002911,2024,1,January,Q1,2024-01-01,FAC-004,Munich Precision Works,Germany,Europe,Anti-Corruption,52.73,89.85,2,1,1,42.1,3.05,0,0.0,83.73,Below Target,Near Compliant,Slightly Delayed,False
GOV-0002912,2024,1,January,Q1,2024-01-01,FAC-004,Munich Precision Works,Germany,Europe,Data Privacy,56.5,86.58,5,4,1,35.2,2.59,0,54071.72,88.3,Below Target,Near Compliant,Slightly Delayed,True
GOV-0002913,2024,1,January,Q1,2024-01-01,FAC-004,Munich Precision Works,Germany,Europe,Environmental,55.72,88.88,5,3,2,35.1,2.93,0,0.0,86.57,Below Target,Near Compliant,Slightly Delayed,False
GOV-0002914,2024,1,January,Q1,2024-01-01,FAC-004,Munich Precision Works,Germany,Europe,Health & Safety,51.06,85.89,3,2,1,38.3,2.78,0,0.0,86.08,Below Target,Near Compliant,Slightly Delayed,False
GOV-0002915,2024,1,January,Q1,2024-01-01,FAC-004,Munich Precision Works,Germany,Europe,Human Rights,56.29,87.04,5,4,1,41.8,2.33,0,0.0,84.49,Below Target,Near Compliant,Slightly Delayed,False
GOV-0002916,2024,1,January,Q1,2024-01-01,FAC-004,Munich Precision Works,Germany,Europe,Whistleblower,56.4,87.52,0,0,0,47.0,2.8,0,0.0,79.73,Below Target,Near Compliant,Significantly Delayed,False
GOV-0002917,2024,1,January,Q1,2024-01-01,FAC-004,Munich Precision Works,Germany,Europe,Code of Conduct,52.54,88.08,1,0,1,38.8,2.88,0,0.0,78.82,Below Target,Near Compliant,Slightly Delayed,False
GOV-0002918,2024,1,January,Q1,2024-01-01,FAC-004,Munich Precision Works,Germany,Europe,Conflict of Interest,54.76,89.21,0,0,0,45.6,2.97,0,0.0,84.18,Below Target,Near Compliant,Significantly Delayed,False
GOV-0002919,2024,1,January,Q1,2024-01-01,FAC-004,Munich Precision Works,Germany,Europe,Supplier Standards,50.52,89.18,4,2,2,44.1,2.7,0,0.0,79.45,Below Target,Near Compliant,Slightly Delayed,False
GOV-0002920,2024,1,January,Q1,2024-01-01,FAC-004,Munich Precision Works,Germany,Europe,Information Security,51.19,88.99,5,3,2,39.5,3.41,0,0.0,82.7,Below Target,Near Compliant,Slightly Delayed,False
GOV-0002921,2024,1,January,Q1,2024-01-01,FAC-005,Stuttgart Engineering,Germany,Europe,Anti-Corruption,51.89,87.37,5,3,2,37.9,2.61,0,0.0,84.6,Below Target,Near Compliant,Slightly Delayed,False
GOV-0002922,2024,1,January,Q1,2024-01-01,FAC-005,Stuttgart Engineering,Germany,Europe,Data Privacy,48.63,83.56,0,0,0,33.2,2.63,0,0.0,84.58,Below Target,Non-Compliant,Slightly Delayed,False
GOV-0002923,2024,1,January,Q1,2024-01-01,FAC-005,Stuttgart Engineering,Germany,Europe,Environmental,55.46,87.48,4,2,2,41.3,2.98,0,0.0,81.96,Below Target,Near Compliant,Slightly Delayed,False
GOV-0002924,2024,1,January,Q1,2024-01-01,FAC-005,Stuttgart Engineering,Germany,Europe,Health & Safety,49.8,87.37,5,4,1,45.8,2.95,0,0.0,82.81,Below Target,Near Compliant,Significantly Delayed,False
GOV-0002925,2024,1,January,Q1,2024-01-01,FAC-005,Stuttgart Engineering,Germany,Europe,Human Rights,48.8,84.67,2,1,1,41.7,3.4,0,0.0,82.29,Below Target,Non-Compliant,Slightly Delayed,False
GOV-0002926,2024,1,January,Q1,2024-01-01,FAC-005,Stuttgart Engineering,Germany,Europe,Whistleblower,50.4,87.61,4,3,1,42.8,3.12,0,0.0,82.48,Below Target,Near Compliant,Slightly Delayed,False
GOV-0002927,2024,1,January,Q1,2024-01-01,FAC-005,Stuttgart Engineering,Germany,Europe,Code of Conduct,53.89,87.21,2,1,1,41.0,2.7,0,0.0,81.64,Below Target,Near Compliant,Slightly Delayed,False
GOV-0002928,2024,1,January,Q1,2024-01-01,FAC-005,Stuttgart Engineering,Germany,Europe,Conflict of Interest,53.76,88.32,2,1,1,38.1,3.08,0,0.0,84.19,Below Target,Near Compliant,Slightly Delayed,False
GOV-0002929,2024,1,January,Q1,2024-01-01,FAC-005,Stuttgart Engineering,Germany,Europe,Supplier Standards,54.31,90.07,2,1,1,35.0,2.86,0,0.0,84.1,Below Target,Near Compliant,Slightly Delayed,False
GOV-0002930,2024,1,January,Q1,2024-01-01,FAC-005,Stuttgart Engineering,Germany,Europe,Information Security,51.36,85.92,0,0,0,40.2,2.76,0,0.0,81.14,Below Target,Near Compliant,Slightly Delayed,False
GOV-0002931,2024,1,January,Q1,2024-01-01,FAC-006,Rotterdam Hub,Netherlands,Europe,Anti-Corruption,52.43,84.5,4,2,2,42.1,2.41,0,0.0,87.15,Below Target,Non-Compliant,Slightly Delayed,False
GOV-0002932,2024,1,January,Q1,2024-01-01,FAC-006,Rotterdam Hub,Netherlands,Europe,Data Privacy,57.55,90.15,4,2,2,37.5,2.96,0,0.0,87.98,Below Target,Near Compliant,Slightly Delayed,False
GOV-0002933,2024,1,January,Q1,2024-01-01,FAC-006,Rotterdam Hub,Netherlands,Europe,Environmental,54.58,89.72,5,3,2,33.9,3.2,0,0.0,82.02,Below Target,Near Compliant,Slightly Delayed,False
GOV-0002934,2024,1,January,Q1,2024-01-01,FAC-006,Rotterdam Hub,Netherlands,Europe,Health & Safety,52.57,89.08,3,2,1,42.4,2.73,0,0.0,82.86,Below Target,Near Compliant,Slightly Delayed,False
GOV-0002935,2024,1,January,Q1,2024-01-01,FAC-006,Rotterdam Hub,Netherlands,Europe,Human Rights,54.87,84.4,1,0,1,42.2,2.93,0,0.0,82.98,Below Target,Non-Compliant,Slightly Delayed,False
GOV-0002936,2024,1,January,Q1,2024-01-01,FAC-006,Rotterdam Hub,Netherlands,Europe,Whistleblower,52.85,88.3,2,1,1,41.8,2.85,0,0.0,82.17,Below Target,Near Compliant,Slightly Delayed,False
GOV-0002937,2024,1,January,Q1,2024-01-01,FAC-006,Rotterdam Hub,Netherlands,Europe,Code of Conduct,56.89,90.77,1,0,1,34.6,2.55,0,0.0,85.85,Below Target,Near Compliant,Slightly Delayed,False
GOV-0002938,2024,1,January,Q1,2024-01-01,FAC-006,Rotterdam Hub,Netherlands,Europe,Conflict of Interest,49.71,84.83,5,4,1,33.7,3.09,0,0.0,85.91,Below Target,Non-Compliant,Slightly Delayed,False
GOV-0002939,2024,1,January,Q1,2024-01-01,FAC-006,Rotterdam Hub,Netherlands,Europe,Supplier Standards,52.9,86.7,0,0,0,40.9,2.77,0,0.0,84.9,Below Target,Near Compliant,Slightly Delayed,False
GOV-0002940,2024,1,January,Q1,2024-01-01,FAC-006,Rotterdam Hub,Netherlands,Europe,Information Security,55.17,85.82,3,2,1,41.4,2.74,0,0.0,82.22,Below Target,Near Compliant,Slightly Delayed,False
GOV-0002941,2024,1,January,Q1,2024-01-01,FAC-007,Lyon Components,France,Europe,Anti-Corruption,53.19,87.68,2,1,1,43.9,3.52,0,0.0,82.34,Below Target,Near Compliant,Slightly Delayed,False
GOV-0002942,2024,1,January,Q1,2024-01-01,FAC-007,Lyon Components,France,Europe,Data Privacy,50.57,87.63,4,2,2,40.9,3.07,0,0.0,84.5,Below Target,Near Compliant,Slightly Delayed,False
GOV-0002943,2024,1,January,Q1,2024-01-01,FAC-007,Lyon Components,France,Europe,Environmental,55.21,89.32,1,0,1,41.7,2.61,0,0.0,89.25,Below Target,Near Compliant,Slightly Delayed,False
GOV-0002944,2024,1,January,Q1,2024-01-01,FAC-007,Lyon Components,France,Europe,Health & Safety,53.82,85.26,2,1,1,36.2,3.13,0,0.0,80.31,Below Target,Near Compliant,Slightly Delayed,False
GOV-0002945,2024,1,January,Q1,2024-01-01,FAC-007,Lyon Components,France,Europe,Human Rights,52.62,86.39,3,2,1,37.8,2.72,0,0.0,85.65,Below Target,Near Compliant,Slightly Delayed,False
GOV-0002946,2024,1,January,Q1,2024-01-01,FAC-007,Lyon Components,France,Europe,Whistleblower,51.38,87.65,5,4,1,41.6,2.72,0,0.0,85.01,Below Target,Near Compliant,Slightly Delayed,False
GOV-0002947,2024,1,January,Q1,2024-01-01,FAC-007,Lyon Components,France,Europe,Code of Conduct,53.4,86.75,3,1,2,42.1,2.73,0,125481.72,82.57,Below Target,Near Compliant,Slightly Delayed,True
GOV-0002948,2024,1,January,Q1,2024-01-01,FAC-007,Lyon Components,France,Europe,Conflict of Interest,55.58,85.69,3,2,1,35.5,2.77,0,0.0,83.61,Below Target,Near Compliant,Slightly Delayed,False
GOV-0002949,2024,1,January,Q1,2024-01-01,FAC-007,Lyon Components,France,Europe,Supplier Standards,51.48,85.27,3,2,1,43.3,2.71,0,0.0,82.1,Below Target,Near Compliant,Slightly Delayed,False
GOV-0002950,2024,1,January,Q1,2024-01-01,FAC-007,Lyon Components,France,Europe,Information Security,53.89,89.99,3,1,2,34.3,3.15,0,0.0,81.43,Below Target,Near Compliant,Slightly Delayed,False
GOV-0002951,2024,1,January,Q1,2024-01-01,FAC-008,Shanghai Manufacturing,China,Asia Pacific,Anti-Corruption,48.33,85.24,0,0,0,34.6,3.2,0,0.0,88.25,Below Target,Near Compliant,Slightly Delayed,False
GOV-0002952,2024,1,January,Q1,2024-01-01,FAC-008,Shanghai Manufacturing,China,Asia Pacific,Data Privacy,53.23,86.35,2,1,1,39.4,3.07,0,0.0,81.88,Below Target,Near Compliant,Slightly Delayed,False
GOV-0002953,2024,1,January,Q1,2024-01-01,FAC-008,Shanghai Manufacturing,China,Asia Pacific,Environmental,55.28,87.59,5,4,1,40.0,3.19,0,0.0,80.03,Below Target,Near Compliant,Slightly Delayed,False
GOV-0002954,2024,1,January,Q1,2024-01-01,FAC-008,Shanghai Manufacturing,China,Asia Pacific,Health & Safety,52.09,89.7,3,2,1,41.0,3.01,0,0.0,83.84,Below Target,Near Compliant,Slightly Delayed,False
GOV-0002955,2024,1,January,Q1,2024-01-01,FAC-008,Shanghai Manufacturing,China,Asia Pacific,Human Rights,54.06,89.83,4,3,1,42.3,2.8,0,0.0,81.31,Below Target,Near Compliant,Slightly Delayed,False
GOV-0002956,2024,1,January,Q1,2024-01-01,FAC-008,Shanghai Manufacturing,China,Asia Pacific,Whistleblower,52.03,86.33,2,1,1,40.9,3.51,0,0.0,84.46,Below Target,Near Compliant,Slightly Delayed,False
GOV-0002957,2024,1,January,Q1,2024-01-01,FAC-008,Shanghai Manufacturing,China,Asia Pacific,Code of Conduct,54.25,87.77,3,2,1,38.3,2.68,0,0.0,84.73,Below Target,Near Compliant,Slightly Delayed,False
GOV-0002958,2024,1,January,Q1,2024-01-01,FAC-008,Shanghai Manufacturing,China,Asia Pacific,Conflict of Interest,53.2,87.91,1,0,1,42.0,3.13,1,0.0,83.73,Below Target,Near Compliant,Slightly Delayed,False
GOV-0002959,2024,1,January,Q1,2024-01-01,FAC-008,Shanghai Manufacturing,China,Asia Pacific,Supplier Standards,50.12,89.18,3,2,1,35.0,2.6,0,0.0,84.35,Below Target,Near Compliant,Slightly Delayed,False
GOV-0002960,2024,1,January,Q1,2024-01-01,FAC-008,Shanghai Manufacturing,China,Asia Pacific,Information Security,53.53,88.01,2,1,1,36.0,3.1,0,0.0,78.93,Below Target,Near Compliant,Slightly Delayed,False
GOV-0002961,2024,1,January,Q1,2024-01-01,FAC-009,Bangalore Tech Centre,India,Asia Pacific,Anti-Corruption,54.24,87.88,4,2,2,49.6,3.07,0,0.0,85.61,Below Target,Near Compliant,Significantly Delayed,False
GOV-0002962,2024,1,January,Q1,2024-01-01,FAC-009,Bangalore Tech Centre,India,Asia Pacific,Data Privacy,56.17,89.32,5,3,2,41.6,2.47,0,0.0,78.51,Below Target,Near Compliant,Slightly Delayed,False
GOV-0002963,2024,1,January,Q1,2024-01-01,FAC-009,Bangalore Tech Centre,India,Asia Pacific,Environmental,54.72,88.57,1,0,1,37.5,3.15,0,0.0,83.56,Below Target,Near Compliant,Slightly Delayed,False
GOV-0002964,2024,1,January,Q1,2024-01-01,FAC-009,Bangalore Tech Centre,India,Asia Pacific,Health & Safety,55.09,86.7,1,0,1,38.6,3.11,0,0.0,82.0,Below Target,Near Compliant,Slightly Delayed,False
GOV-0002965,2024,1,January,Q1,2024-01-01,FAC-009,Bangalore Tech Centre,India,Asia Pacific,Human Rights,55.09,89.0,2,1,1,32.3,3.3,0,0.0,81.78,Below Target,Near Compliant,Slightly Delayed,False
GOV-0002966,2024,1,January,Q1,2024-01-01,FAC-009,Bangalore Tech Centre,India,Asia Pacific,Whistleblower,50.88,87.54,4,3,1,36.6,2.76,0,0.0,83.72,Below Target,Near Compliant,Slightly Delayed,False
GOV-0002967,2024,1,January,Q1,2024-01-01,FAC-009,Bangalore Tech Centre,India,Asia Pacific,Code of Conduct,55.95,86.83,2,1,1,38.0,3.43,0,0.0,85.33,Below Target,Near Compliant,Slightly Delayed,False
GOV-0002968,2024,1,January,Q1,2024-01-01,FAC-009,Bangalore Tech Centre,India,Asia Pacific,Conflict of Interest,53.97,88.29,0,0,0,39.2,3.08,0,0.0,85.73,Below Target,Near Compliant,Slightly Delayed,False
GOV-0002969,2024,1,January,Q1,2024-01-01,FAC-009,Bangalore Tech Centre,India,Asia Pacific,Supplier Standards,51.65,86.68,3,2,1,42.6,2.64,0,0.0,85.14,Below Target,Near Compliant,Slightly Delayed,False
GOV-0002970,2024,1,January,Q1,2024-01-01,FAC-009,Bangalore Tech Centre,India,Asia Pacific,Information Security,53.6,87.1,5,3,2,40.6,2.9,1,0.0,78.85,Below Target,Near Compliant,Slightly Delayed,False
GOV-0002971,2024,1,January,Q1,2024-01-01,FAC-010,Singapore Distribution,Singapore,Asia Pacific,Anti-Corruption,55.14,88.44,1,0,1,40.0,2.6,0,0.0,79.54,Below Target,Near Compliant,Slightly Delayed,False
GOV-0002972,2024,1,January,Q1,2024-01-01,FAC-010,Singapore Distribution,Singapore,Asia Pacific,Data Privacy,51.18,88.01,2,1,1,33.6,2.54,0,0.0,81.44,Below Target,Near Compliant,Slightly Delayed,False
GOV-0002973,2024,1,January,Q1,2024-01-01,FAC-010,Singapore Distribution,Singapore,Asia Pacific,Environmental,47.83,94.0,3,2,1,39.7,2.81,0,18681.27,78.36,Below Target,Near Compliant,Slightly Delayed,True
GOV-0002974,2024,1,January,Q1,2024-01-01,FAC-010,Singapore Distribution,Singapore,Asia Pacific,Health & Safety,52.28,91.49,0,0,0,41.8,2.96,0,0.0,87.1,Below Target,Near Compliant,Slightly Delayed,False
GOV-0002975,2024,1,January,Q1,2024-01-01,FAC-010,Singapore Distribution,Singapore,Asia Pacific,Human Rights,55.91,89.86,0,0,0,38.9,2.93,0,0.0,85.9,Below Target,Near Compliant,Slightly Delayed,False
GOV-0002976,2024,1,January,Q1,2024-01-01,FAC-010,Singapore Distribution,Singapore,Asia Pacific,Whistleblower,54.48,86.65,4,3,1,43.0,3.48,0,0.0,87.52,Below Target,Near Compliant,Slightly Delayed,False
GOV-0002977,2024,1,January,Q1,2024-01-01,FAC-010,Singapore Distribution,Singapore,Asia Pacific,Code of Conduct,51.56,84.98,4,3,1,32.5,2.94,0,0.0,82.79,Below Target,Non-Compliant,Slightly Delayed,False
GOV-0002978,2024,1,January,Q1,2024-01-01,FAC-010,Singapore Distribution,Singapore,Asia Pacific,Conflict of Interest,54.09,85.31,4,3,1,45.3,3.32,0,0.0,81.74,Below Target,Near Compliant,Significantly Delayed,False
GOV-0002979,2024,1,January,Q1,2024-01-01,FAC-010,Singapore Distribution,Singapore,Asia Pacific,Supplier Standards,56.69,81.79,0,0,0,35.5,3.02,0,0.0,83.87,Below Target,Non-Compliant,Slightly Delayed,False
GOV-0002980,2024,1,January,Q1,2024-01-01,FAC-010,Singapore Distribution,Singapore,Asia Pacific,Information Security,57.26,87.16,1,0,1,46.1,2.46,0,0.0,79.71,Below Target,Near Compliant,Significantly Delayed,False
GOV-0002981,2024,1,January,Q1,2024-01-01,FAC-011,Monterrey Plant,Mexico,Latin America,Anti-Corruption,56.23,87.94,0,0,0,27.6,2.8,0,0.0,80.16,Below Target,Near Compliant,On Target,False
GOV-0002982,2024,1,January,Q1,2024-01-01,FAC-011,Monterrey Plant,Mexico,Latin America,Data Privacy,56.22,84.21,2,1,1,39.3,3.62,0,0.0,83.14,Below Target,Non-Compliant,Slightly Delayed,False
GOV-0002983,2024,1,January,Q1,2024-01-01,FAC-011,Monterrey Plant,Mexico,Latin America,Environmental,54.24,86.74,5,3,2,40.4,3.11,0,0.0,84.65,Below Target,Near Compliant,Slightly Delayed,False
GOV-0002984,2024,1,January,Q1,2024-01-01,FAC-011,Monterrey Plant,Mexico,Latin America,Health & Safety,53.93,88.83,3,2,1,37.2,2.94,0,0.0,81.12,Below Target,Near Compliant,Slightly Delayed,False
GOV-0002985,2024,1,January,Q1,2024-01-01,FAC-011,Monterrey Plant,Mexico,Latin America,Human Rights,53.0,86.53,4,2,2,38.9,2.98,0,0.0,84.63,Below Target,Near Compliant,Slightly Delayed,False
GOV-0002986,2024,1,January,Q1,2024-01-01,FAC-011,Monterrey Plant,Mexico,Latin America,Whistleblower,52.08,86.73,3,2,1,38.2,2.96,0,0.0,89.21,Below Target,Near Compliant,Slightly Delayed,False
GOV-0002987,2024,1,January,Q1,2024-01-01,FAC-011,Monterrey Plant,Mexico,Latin America,Code of Conduct,51.98,85.2,5,4,1,39.9,2.8,0,0.0,84.76,Below Target,Near Compliant,Slightly Delayed,False
GOV-0002988,2024,1,January,Q1,2024-01-01,FAC-011,Monterrey Plant,Mexico,Latin America,Conflict of Interest,52.3,87.42,5,4,1,40.3,2.78,0,0.0,79.95,Below Target,Near Compliant,Slightly Delayed,False
GOV-0002989,2024,1,January,Q1,2024-01-01,FAC-011,Monterrey Plant,Mexico,Latin America,Supplier Standards,50.33,87.74,3,2,1,39.4,3.11,0,0.0,85.64,Below Target,Near Compliant,Slightly Delayed,False
GOV-0002990,2024,1,January,Q1,2024-01-01,FAC-011,Monterrey Plant,Mexico,Latin America,Information Security,56.96,89.26,3,2,1,38.4,3.25,0,0.0,87.84,Below Target,Near Compliant,Slightly Delayed,False
GOV-0002991,2024,1,January,Q1,2024-01-01,FAC-012,Sao Paulo Operations,Brazil,Latin America,Anti-Corruption,53.05,89.75,3,2,1,37.4,3.64,0,0.0,84.47,Below Target,Near Compliant,Slightly Delayed,False
GOV-0002992,2024,1,January,Q1,2024-01-01,FAC-012,Sao Paulo Operations,Brazil,Latin America,Data Privacy,52.4,91.26,5,3,2,39.4,2.97,0,0.0,79.65,Below Target,Near Compliant,Slightly Delayed,False
GOV-0002993,2024,1,January,Q1,2024-01-01,FAC-012,Sao Paulo Operations,Brazil,Latin America,Environmental,54.53,89.88,3,2,1,48.6,2.95,0,0.0,78.7,Below Target,Near Compliant,Significantly Delayed,False
GOV-0002994,2024,1,January,Q1,2024-01-01,FAC-012,Sao Paulo Operations,Brazil,Latin America,Health & Safety,50.42,86.86,4,2,2,43.0,3.06,0,0.0,82.8,Below Target,Near Compliant,Slightly Delayed,False
GOV-0002995,2024,1,January,Q1,2024-01-01,FAC-012,Sao Paulo Operations,Brazil,Latin America,Human Rights,57.11,86.86,5,3,2,41.6,3.34,0,0.0,86.3,Below Target,Near Compliant,Slightly Delayed,False
GOV-0002996,2024,1,January,Q1,2024-01-01,FAC-012,Sao Paulo Operations,Brazil,Latin America,Whistleblower,47.52,87.47,4,3,1,42.1,2.97,0,0.0,83.48,Below Target,Near Compliant,Slightly Delayed,False
GOV-0002997,2024,1,January,Q1,2024-01-01,FAC-012,Sao Paulo Operations,Brazil,Latin America,Code of Conduct,57.15,88.04,1,0,1,40.6,2.89,0,0.0,83.58,Below Target,Near Compliant,Slightly Delayed,False
GOV-0002998,2024,1,January,Q1,2024-01-01,FAC-012,Sao Paulo Operations,Brazil,Latin America,Conflict of Interest,53.97,84.19,5,4,1,44.8,3.09,0,0.0,83.25,Below Target,Non-Compliant,Slightly Delayed,False
GOV-0002999,2024,1,January,Q1,2024-01-01,FAC-012,Sao Paulo Operations,Brazil,Latin America,Supplier Standards,55.61,85.61,5,4,1,35.7,3.05,1,0.0,81.01,Below Target,Near Compliant,Slightly Delayed,False
GOV-0003000,2024,1,January,Q1,2024-01-01,FAC-012,Sao Paulo Operations,Brazil,Latin America,Information Security,53.06,85.65,3,2,1,36.6,3.14,0,0.0,84.66,Below Target,Near Compliant,Slightly Delayed,False
GOV-0003001,2024,2,February,Q1,2024-02-01,FAC-001,Chicago Main Plant,USA,North America,Anti-Corruption,55.16,86.78,1,0,1,42.0,2.77,0,0.0,83.35,Below Target,Near Compliant,Slightly Delayed,False
GOV-0003002,2024,2,February,Q1,2024-02-01,FAC-001,Chicago Main Plant,USA,North America,Data Privacy,52.73,90.9,1,0,1,39.8,2.89,0,0.0,81.51,Below Target,Near Compliant,Slightly Delayed,False
GOV-0003003,2024,2,February,Q1,2024-02-01,FAC-001,Chicago Main Plant,USA,North America,Environmental,52.14,85.93,0,0,0,38.0,2.71,0,0.0,86.03,Below Target,Near Compliant,Slightly Delayed,False
GOV-0003004,2024,2,February,Q1,2024-02-01,FAC-001,Chicago Main Plant,USA,North America,Health & Safety,51.29,90.62,2,1,1,45.8,3.2,0,0.0,83.79,Below Target,Near Compliant,Significantly Delayed,False
GOV-0003005,2024,2,February,Q1,2024-02-01,FAC-001,Chicago Main Plant,USA,North America,Human Rights,49.42,87.43,4,3,1,37.0,3.04,0,0.0,82.7,Below Target,Near Compliant,Slightly Delayed,False
GOV-0003006,2024,2,February,Q1,2024-02-01,FAC-001,Chicago Main Plant,USA,North America,Whistleblower,50.35,85.34,1,0,1,41.8,3.35,0,0.0,82.34,Below Target,Near Compliant,Slightly Delayed,False
GOV-0003007,2024,2,February,Q1,2024-02-01,FAC-001,Chicago Main Plant,USA,North America,Code of Conduct,50.43,88.35,4,3,1,46.3,3.13,0,0.0,86.9,Below Target,Near Compliant,Significantly Delayed,False
GOV-0003008,2024,2,February,Q1,2024-02-01,FAC-001,Chicago Main Plant,USA,North America,Conflict of Interest,55.89,93.05,0,0,0,38.9,2.68,0,0.0,82.61,Below Target,Near Compliant,Slightly Delayed,False
GOV-0003009,2024,2,February,Q1,2024-02-01,FAC-001,Chicago Main Plant,USA,North America,Supplier Standards,54.88,86.39,5,4,1,45.2,3.33,0,0.0,80.03,Below Target,Near Compliant,Significantly Delayed,False
GOV-0003010,2024,2,February,Q1,2024-02-01,FAC-001,Chicago Main Plant,USA,North America,Information Security,52.37,85.07,5,3,2,45.6,2.79,0,0.0,84.25,Below Target,Near Compliant,Significantly Delayed,False
GOV-0003011,2024,2,February,Q1,2024-02-01,FAC-002,Detroit Assembly,USA,North America,Anti-Corruption,49.72,89.49,1,0,1,39.7,2.63,0,0.0,81.64,Below Target,Near Compliant,Slightly Delayed,False
GOV-0003012,2024,2,February,Q1,2024-02-01,FAC-002,Detroit Assembly,USA,North America,Data Privacy,55.61,90.09,1,0,1,37.2,2.77,0,0.0,81.04,Below Target,Near Compliant,Slightly Delayed,False
GOV-0003013,2024,2,February,Q1,2024-02-01,FAC-002,Detroit Assembly,USA,North America,Environmental,50.73,87.12,5,4,1,40.8,3.2,0,0.0,81.07,Below Target,Near Compliant,Slightly Delayed,False
GOV-0003014,2024,2,February,Q1,2024-02-01,FAC-002,Detroit Assembly,USA,North America,Health & Safety,55.54,83.66,1,0,1,39.2,3.04,0,0.0,84.19,Below Target,Non-Compliant,Slightly Delayed,False
GOV-0003015,2024,2,February,Q1,2024-02-01,FAC-002,Detroit Assembly,USA,North America,Human Rights,49.02,83.59,2,1,1,41.8,3.31,0,0.0,82.2,Below Target,Non-Compliant,Slightly Delayed,False
GOV-0003016,2024,2,February,Q1,2024-02-01,FAC-002,Detroit Assembly,USA,North America,Whistleblower,55.25,89.27,4,3,1,38.2,3.39,0,0.0,82.88,Below Target,Near Compliant,Slightly Delayed,False
GOV-0003017,2024,2,February,Q1,2024-02-01,FAC-002,Detroit Assembly,USA,North America,Code of Conduct,53.6,89.7,3,2,1,38.3,3.02,0,0.0,79.82,Below Target,Near Compliant,Slightly Delayed,False
GOV-0003018,2024,2,February,Q1,2024-02-01,FAC-002,Detroit Assembly,USA,North America,Conflict of Interest,54.53,86.59,1,0,1,36.4,3.55,0,53519.65,84.92,Below Target,Near Compliant,Slightly Delayed,True
GOV-0003019,2024,2,February,Q1,2024-02-01,FAC-002,Detroit Assembly,USA,North America,Supplier Standards,56.0,85.33,5,4,1,31.8,3.44,0,0.0,80.96,Below Target,Near Compliant,Slightly Delayed,False
GOV-0003020,2024,2,February,Q1,2024-02-01,FAC-002,Detroit Assembly,USA,North America,Information Security,50.57,86.06,4,3,1,43.4,2.84,0,0.0,80.97,Below Target,Near Compliant,Slightly Delayed,False
GOV-0003021,2024,2,February,Q1,2024-02-01,FAC-003,Toronto Operations,Canada,North America,Anti-Corruption,48.71,89.65,0,0,0,38.4,3.04,0,29233.5,81.27,Below Target,Near Compliant,Slightly Delayed,True
GOV-0003022,2024,2,February,Q1,2024-02-01,FAC-003,Toronto Operations,Canada,North America,Data Privacy,52.2,86.38,0,0,0,37.3,3.07,0,0.0,84.07,Below Target,Near Compliant,Slightly Delayed,False
GOV-0003023,2024,2,February,Q1,2024-02-01,FAC-003,Toronto Operations,Canada,North America,Environmental,55.48,89.14,0,0,0,40.2,3.59,0,0.0,82.79,Below Target,Near Compliant,Slightly Delayed,False
GOV-0003024,2024,2,February,Q1,2024-02-01,FAC-003,Toronto Operations,Canada,North America,Health & Safety,52.41,91.06,2,1,1,32.7,2.62,0,0.0,83.36,Below Target,Near Compliant,Slightly Delayed,False
GOV-0003025,2024,2,February,Q1,2024-02-01,FAC-003,Toronto Operations,Canada,North America,Human Rights,53.05,86.83,3,2,1,37.6,3.02,0,0.0,83.52,Below Target,Near Compliant,Slightly Delayed,False
GOV-0003026,2024,2,February,Q1,2024-02-01,FAC-003,Toronto Operations,Canada,North America,Whistleblower,56.64,89.78,2,1,1,45.7,2.98,0,0.0,79.6,Below Target,Near Compliant,Significantly Delayed,False
GOV-0003027,2024,2,February,Q1,2024-02-01,FAC-003,Toronto Operations,Canada,North America,Code of Conduct,52.63,85.58,3,2,1,35.4,3.4,0,0.0,77.94,Below Target,Near Compliant,Slightly Delayed,False
GOV-0003028,2024,2,February,Q1,2024-02-01,FAC-003,Toronto Operations,Canada,North America,Conflict of Interest,54.94,87.71,1,0,1,42.2,3.29,0,0.0,82.27,Below Target,Near Compliant,Slightly Delayed,False
GOV-0003029,2024,2,February,Q1,2024-02-01,FAC-003,Toronto Operations,Canada,North America,Supplier Standards,52.22,92.23,1,0,1,40.3,2.8,0,0.0,83.35,Below Target,Near Compliant,Slightly Delayed,False
GOV-0003030,2024,2,February,Q1,2024-02-01,FAC-003,Toronto Operations,Canada,North America,Information Security,52.07,89.41,3,2,1,37.0,3.0,0,0.0,83.18,Below Target,Near Compliant,Slightly Delayed,False
GOV-0003031,2024,2,February,Q1,2024-02-01,FAC-004,Munich Precision Works,Germany,Europe,Anti-Corruption,54.0,90.07,3,1,2,36.2,3.27,0,0.0,86.06,Below Target,Near Compliant,Slightly Delayed,False
GOV-0003032,2024,2,February,Q1,2024-02-01,FAC-004,Munich Precision Works,Germany,Europe,Data Privacy,54.29,89.53,4,3,1,43.6,2.6,0,0.0,78.29,Below Target,Near Compliant,Slightly Delayed,False
GOV-0003033,2024,2,February,Q1,2024-02-01,FAC-004,Munich Precision Works,Germany,Europe,Environmental,56.28,87.75,0,0,0,36.1,2.95,0,0.0,81.72,Below Target,Near Compliant,Slightly Delayed,False
GOV-0003034,2024,2,February,Q1,2024-02-01,FAC-004,Munich Precision Works,Germany,Europe,Health & Safety,50.26,85.46,3,2,1,36.6,3.1,0,0.0,83.85,Below Target,Near Compliant,Slightly Delayed,False
GOV-0003035,2024,2,February,Q1,2024-02-01,FAC-004,Munich Precision Works,Germany,Europe,Human Rights,50.64,87.36,5,3,2,43.9,2.73,0,0.0,80.0,Below Target,Near Compliant,Slightly Delayed,False
GOV-0003036,2024,2,February,Q1,2024-02-01,FAC-004,Munich Precision Works,Germany,Europe,Whistleblower,52.92,85.41,1,0,1,37.7,3.57,0,0.0,87.6,Below Target,Near Compliant,Slightly Delayed,False
GOV-0003037,2024,2,February,Q1,2024-02-01,FAC-004,Munich Precision Works,Germany,Europe,Code of Conduct,49.58,88.39,3,2,1,42.9,2.89,0,0.0,82.93,Below Target,Near Compliant,Slightly Delayed,False
GOV-0003038,2024,2,February,Q1,2024-02-01,FAC-004,Munich Precision Works,Germany,Europe,Conflict of Interest,51.61,86.9,5,3,2,39.6,3.36,0,0.0,86.73,Below Target,Near Compliant,Slightly Delayed,False
GOV-0003039,2024,2,February,Q1,2024-02-01,FAC-004,Munich Precision Works,Germany,Europe,Supplier Standards,54.67,90.27,3,2,1,35.9,3.32,0,0.0,81.99,Below Target,Near Compliant,Slightly Delayed,False
GOV-0003040,2024,2,February,Q1,2024-02-01,FAC-004,Munich Precision Works,Germany,Europe,Information Security,56.19,91.27,3,2,1,35.4,3.16,0,0.0,83.62,Below Target,Near Compliant,Slightly Delayed,False
GOV-0003041,2024,2,February,Q1,2024-02-01,FAC-005,Stuttgart Engineering,Germany,Europe,Anti-Corruption,49.02,89.7,4,2,2,39.1,2.97,0,0.0,84.79,Below Target,Near Compliant,Slightly Delayed,False
GOV-0003042,2024,2,February,Q1,2024-02-01,FAC-005,Stuttgart Engineering,Germany,Europe,Data Privacy,51.83,86.33,0,0,0,42.7,2.88,0,0.0,85.96,Below Target,Near Compliant,Slightly Delayed,False
GOV-0003043,2024,2,February,Q1,2024-02-01,FAC-005,Stuttgart Engineering,Germany,Europe,Environmental,51.88,84.56,4,3,1,45.7,2.75,0,0.0,79.53,Below Target,Non-Compliant,Significantly Delayed,False
GOV-0003044,2024,2,February,Q1,2024-02-01,FAC-005,Stuttgart Engineering,Germany,Europe,Health & Safety,55.74,89.7,5,3,2,36.2,3.06,0,0.0,85.11,Below Target,Near Compliant,Slightly Delayed,False
GOV-0003045,2024,2,February,Q1,2024-02-01,FAC-005,Stuttgart Engineering,Germany,Europe,Human Rights,52.01,89.3,5,3,2,38.3,2.82,0,0.0,83.22,Below Target,Near Compliant,Slightly Delayed,False
GOV-0003046,2024,2,February,Q1,2024-02-01,FAC-005,Stuttgart Engineering,Germany,Europe,Whistleblower,52.46,92.62,4,2,2,35.7,3.33,0,0.0,81.04,Below Target,Near Compliant,Slightly Delayed,False
GOV-0003047,2024,2,February,Q1,2024-02-01,FAC-005,Stuttgart Engineering,Germany,Europe,Code of Conduct,56.87,86.16,0,0,0,43.5,3.17,0,0.0,79.56,Below Target,Near Compliant,Slightly Delayed,False
GOV-0003048,2024,2,February,Q1,2024-02-01,FAC-005,Stuttgart Engineering,Germany,Europe,Conflict of Interest,55.48,86.41,4,3,1,40.5,2.67,0,0.0,82.91,Below Target,Near Compliant,Slightly Delayed,False
GOV-0003049,2024,2,February,Q1,2024-02-01,FAC-005,Stuttgart Engineering,Germany,Europe,Supplier Standards,51.44,89.84,5,3,2,45.4,2.99,0,0.0,83.64,Below Target,Near Compliant,Significantly Delayed,False
GOV-0003050,2024,2,February,Q1,2024-02-01,FAC-005,Stuttgart Engineering,Germany,Europe,Information Security,51.86,86.16,2,1,1,47.1,3.14,0,0.0,80.55,Below Target,Near Compliant,Significantly Delayed,False
GOV-0003051,2024,2,February,Q1,2024-02-01,FAC-006,Rotterdam Hub,Netherlands,Europe,Anti-Corruption,50.91,88.49,0,0,0,33.1,2.8,0,0.0,79.81,Below Target,Near Compliant,Slightly Delayed,False
GOV-0003052,2024,2,February,Q1,2024-02-01,FAC-006,Rotterdam Hub,Netherlands,Europe,Data Privacy,55.21,86.64,5,3,2,40.6,2.87,0,0.0,81.5,Below Target,Near Compliant,Slightly Delayed,False
GOV-0003053,2024,2,February,Q1,2024-02-01,FAC-006,Rotterdam Hub,Netherlands,Europe,Environmental,51.83,86.13,3,2,1,39.4,3.0,0,0.0,86.63,Below Target,Near Compliant,Slightly Delayed,False
GOV-0003054,2024,2,February,Q1,2024-02-01,FAC-006,Rotterdam Hub,Netherlands,Europe,Health & Safety,56.2,85.09,4,3,1,37.8,3.23,0,0.0,82.65,Below Target,Near Compliant,Slightly Delayed,False
GOV-0003055,2024,2,February,Q1,2024-02-01,FAC-006,Rotterdam Hub,Netherlands,Europe,Human Rights,50.84,89.09,4,3,1,35.6,3.32,0,0.0,83.98,Below Target,Near Compliant,Slightly Delayed,False
GOV-0003056,2024,2,February,Q1,2024-02-01,FAC-006,Rotterdam Hub,Netherlands,Europe,Whistleblower,54.21,84.92,1,0,1,40.3,2.54,0,0.0,85.67,Below Target,Non-Compliant,Slightly Delayed,False
GOV-0003057,2024,2,February,Q1,2024-02-01,FAC-006,Rotterdam Hub,Netherlands,Europe,Code of Conduct,48.93,89.31,1,0,1,41.9,2.55,0,0.0,82.02,Below Target,Near Compliant,Slightly Delayed,False
GOV-0003058,2024,2,February,Q1,2024-02-01,FAC-006,Rotterdam Hub,Netherlands,Europe,Conflict of Interest,51.19,90.37,2,1,1,38.4,2.82,0,0.0,83.12,Below Target,Near Compliant,Slightly Delayed,False
GOV-0003059,2024,2,February,Q1,2024-02-01,FAC-006,Rotterdam Hub,Netherlands,Europe,Supplier Standards,51.44,86.85,0,0,0,41.2,2.7,0,68037.2,84.31,Below Target,Near Compliant,Slightly Delayed,True
GOV-0003060,2024,2,February,Q1,2024-02-01,FAC-006,Rotterdam Hub,Netherlands,Europe,Information Security,50.05,85.94,0,0,0,39.1,3.3,0,0.0,84.16,Below Target,Near Compliant,Slightly Delayed,False
GOV-0003061,2024,2,February,Q1,2024-02-01,FAC-007,Lyon Components,France,Europe,Anti-Corruption,55.5,88.12,2,1,1,45.5,2.45,0,0.0,80.39,Below Target,Near Compliant,Significantly Delayed,False
GOV-0003062,2024,2,February,Q1,2024-02-01,FAC-007,Lyon Components,France,Europe,Data Privacy,51.33,88.43,3,2,1,39.8,2.71,0,0.0,83.0,Below Target,Near Compliant,Slightly Delayed,False
GOV-0003063,2024,2,February,Q1,2024-02-01,FAC-007,Lyon Components,France,Europe,Environmental,51.2,90.42,4,3,1,41.3,3.2,0,0.0,80.31,Below Target,Near Compliant,Slightly Delayed,False
GOV-0003064,2024,2,February,Q1,2024-02-01,FAC-007,Lyon Components,France,Europe,Health & Safety,53.26,86.89,4,3,1,37.7,3.27,0,0.0,81.99,Below Target,Near Compliant,Slightly Delayed,False
GOV-0003065,2024,2,February,Q1,2024-02-01,FAC-007,Lyon Components,France,Europe,Human Rights,52.46,86.74,0,0,0,41.3,2.81,0,0.0,88.01,Below Target,Near Compliant,Slightly Delayed,False
GOV-0003066,2024,2,February,Q1,2024-02-01,FAC-007,Lyon Components,France,Europe,Whistleblower,49.83,87.02,0,0,0,33.3,3.41,0,0.0,84.83,Below Target,Near Compliant,Slightly Delayed,False
GOV-0003067,2024,2,February,Q1,2024-02-01,FAC-007,Lyon Components,France,Europe,Code of Conduct,51.26,85.23,3,2,1,44.6,3.31,0,0.0,81.09,Below Target,Near Compliant,Slightly Delayed,False
GOV-0003068,2024,2,February,Q1,2024-02-01,FAC-007,Lyon Components,France,Europe,Conflict of Interest,55.64,85.65,3,1,2,42.9,2.88,0,0.0,84.55,Below Target,Near Compliant,Slightly Delayed,False
GOV-0003069,2024,2,February,Q1,2024-02-01,FAC-007,Lyon Components,France,Europe,Supplier Standards,51.85,88.21,2,1,1,43.3,3.33,0,0.0,83.74,Below Target,Near Compliant,Slightly Delayed,False
GOV-0003070,2024,2,February,Q1,2024-02-01,FAC-007,Lyon Components,France,Europe,Information Security,50.11,87.4,4,3,1,41.0,2.96,0,0.0,86.12,Below Target,Near Compliant,Slightly Delayed,False
GOV-0003071,2024,2,February,Q1,2024-02-01,FAC-008,Shanghai Manufacturing,China,Asia Pacific,Anti-Corruption,50.35,90.32,1,0,1,39.9,2.74,0,0.0,84.18,Below Target,Near Compliant,Slightly Delayed,False
GOV-0003072,2024,2,February,Q1,2024-02-01,FAC-008,Shanghai Manufacturing,China,Asia Pacific,Data Privacy,53.63,83.05,3,2,1,45.4,2.85,0,0.0,77.75,Below Target,Non-Compliant,Significantly Delayed,False
GOV-0003073,2024,2,February,Q1,2024-02-01,FAC-008,Shanghai Manufacturing,China,Asia Pacific,Environmental,54.73,87.17,2,1,1,44.2,2.66,0,0.0,82.86,Below Target,Near Compliant,Slightly Delayed,False
GOV-0003074,2024,2,February,Q1,2024-02-01,FAC-008,Shanghai Manufacturing,China,Asia Pacific,Health & Safety,58.74,87.36,5,4,1,38.0,3.25,0,0.0,84.78,Below Target,Near Compliant,Slightly Delayed,False
GOV-0003075,2024,2,February,Q1,2024-02-01,FAC-008,Shanghai Manufacturing,China,Asia Pacific,Human Rights,55.69,86.09,5,4,1,38.3,3.14,0,0.0,79.88,Below Target,Near Compliant,Slightly Delayed,False
GOV-0003076,2024,2,February,Q1,2024-02-01,FAC-008,Shanghai Manufacturing,China,Asia Pacific,Whistleblower,52.93,85.26,4,2,2,34.1,3.09,0,0.0,80.58,Below Target,Near Compliant,Slightly Delayed,False
GOV-0003077,2024,2,February,Q1,2024-02-01,FAC-008,Shanghai Manufacturing,China,Asia Pacific,Code of Conduct,54.87,85.19,5,4,1,36.6,3.21,0,0.0,78.85,Below Target,Near Compliant,Slightly Delayed,False
GOV-0003078,2024,2,February,Q1,2024-02-01,FAC-008,Shanghai Manufacturing,China,Asia Pacific,Conflict of Interest,53.95,85.78,1,0,1,36.7,2.74,0,0.0,79.52,Below Target,Near Compliant,Slightly Delayed,False
GOV-0003079,2024,2,February,Q1,2024-02-01,FAC-008,Shanghai Manufacturing,China,Asia Pacific,Supplier Standards,51.12,88.34,0,0,0,33.6,2.63,0,0.0,83.93,Below Target,Near Compliant,Slightly Delayed,False
GOV-0003080,2024,2,February,Q1,2024-02-01,FAC-008,Shanghai Manufacturing,China,Asia Pacific,Information Security,51.12,83.31,1,0,1,36.1,2.86,0,0.0,81.74,Below Target,Non-Compliant,Slightly Delayed,False
GOV-0003081,2024,2,February,Q1,2024-02-01,FAC-009,Bangalore Tech Centre,India,Asia Pacific,Anti-Corruption,57.44,86.47,2,1,1,33.2,3.18,0,0.0,86.8,Below Target,Near Compliant,Slightly Delayed,False
GOV-0003082,2024,2,February,Q1,2024-02-01,FAC-009,Bangalore Tech Centre,India,Asia Pacific,Data Privacy,52.82,87.85,2,1,1,36.3,2.6,0,0.0,82.65,Below Target,Near Compliant,Slightly Delayed,False
GOV-0003083,2024,2,February,Q1,2024-02-01,FAC-009,Bangalore Tech Centre,India,Asia Pacific,Environmental,51.34,91.32,1,0,1,45.4,2.84,0,57574.43,86.49,Below Target,Near Compliant,Significantly Delayed,True
GOV-0003084,2024,2,February,Q1,2024-02-01,FAC-009,Bangalore Tech Centre,India,Asia Pacific,Health & Safety,54.55,83.7,3,2,1,39.0,2.6,0,0.0,80.93,Below Target,Non-Compliant,Slightly Delayed,False
GOV-0003085,2024,2,February,Q1,2024-02-01,FAC-009,Bangalore Tech Centre,India,Asia Pacific,Human Rights,54.25,89.56,3,2,1,36.2,3.26,0,27963.96,84.51,Below Target,Near Compliant,Slightly Delayed,True
GOV-0003086,2024,2,February,Q1,2024-02-01,FAC-009,Bangalore Tech Centre,India,Asia Pacific,Whistleblower,48.24,82.85,2,1,1,35.4,3.23,0,0.0,82.55,Below Target,Non-Compliant,Slightly Delayed,False
GOV-0003087,2024,2,February,Q1,2024-02-01,FAC-009,Bangalore Tech Centre,India,Asia Pacific,Code of Conduct,54.05,88.51,0,0,0,31.6,2.79,0,0.0,80.65,Below Target,Near Compliant,Slightly Delayed,False
GOV-0003088,2024,2,February,Q1,2024-02-01,FAC-009,Bangalore Tech Centre,India,Asia Pacific,Conflict of Interest,56.07,87.98,0,0,0,43.1,2.69,0,0.0,78.91,Below Target,Near Compliant,Slightly Delayed,False
GOV-0003089,2024,2,February,Q1,2024-02-01,FAC-009,Bangalore Tech Centre,India,Asia Pacific,Supplier Standards,55.69,88.36,4,3,1,40.8,2.95,0,0.0,80.03,Below Target,Near Compliant,Slightly Delayed,False
GOV-0003090,2024,2,February,Q1,2024-02-01,FAC-009,Bangalore Tech Centre,India,Asia Pacific,Information Security,52.96,85.87,3,2,1,40.3,3.19,0,0.0,84.22,Below Target,Near Compliant,Slightly Delayed,False
GOV-0003091,2024,2,February,Q1,2024-02-01,FAC-010,Singapore Distribution,Singapore,Asia Pacific,Anti-Corruption,53.56,85.71,1,0,1,36.2,2.76,0,0.0,82.24,Below Target,Near Compliant,Slightly Delayed,False
GOV-0003092,2024,2,February,Q1,2024-02-01,FAC-010,Singapore Distribution,Singapore,Asia Pacific,Data Privacy,49.88,84.21,4,3,1,39.2,2.94,0,0.0,82.83,Below Target,Non-Compliant,Slightly Delayed,False
GOV-0003093,2024,2,February,Q1,2024-02-01,FAC-010,Singapore Distribution,Singapore,Asia Pacific,Environmental,52.91,87.79,1,0,1,46.6,3.58,0,0.0,85.8,Below Target,Near Compliant,Significantly Delayed,False
GOV-0003094,2024,2,February,Q1,2024-02-01,FAC-010,Singapore Distribution,Singapore,Asia Pacific,Health & Safety,49.33,87.29,0,0,0,38.0,3.16,0,0.0,78.2,Below Target,Near Compliant,Slightly Delayed,False
GOV-0003095,2024,2,February,Q1,2024-02-01,FAC-010,Singapore Distribution,Singapore,Asia Pacific,Human Rights,52.31,86.46,1,0,1,44.1,2.92,0,0.0,83.81,Below Target,Near Compliant,Slightly Delayed,False
GOV-0003096,2024,2,February,Q1,2024-02-01,FAC-010,Singapore Distribution,Singapore,Asia Pacific,Whistleblower,49.71,83.51,2,1,1,40.5,3.08,0,0.0,83.77,Below Target,Non-Compliant,Slightly Delayed,False
GOV-0003097,2024,2,February,Q1,2024-02-01,FAC-010,Singapore Distribution,Singapore,Asia Pacific,Code of Conduct,49.8,87.9,1,0,1,36.6,2.4,0,0.0,81.77,Below Target,Near Compliant,Slightly Delayed,False
GOV-0003098,2024,2,February,Q1,2024-02-01,FAC-010,Singapore Distribution,Singapore,Asia Pacific,Conflict of Interest,53.37,89.25,1,0,1,45.4,2.95,0,0.0,83.11,Below Target,Near Compliant,Significantly Delayed,False
GOV-0003099,2024,2,February,Q1,2024-02-01,FAC-010,Singapore Distribution,Singapore,Asia Pacific,Supplier Standards,56.89,90.05,4,3,1,42.8,3.05,0,0.0,84.06,Below Target,Near Compliant,Slightly Delayed,False
GOV-0003100,2024,2,February,Q1,2024-02-01,FAC-010,Singapore Distribution,Singapore,Asia Pacific,Information Security,55.2,85.47,1,0,1,41.9,2.82,0,0.0,84.85,Below Target,Near Compliant,Slightly Delayed,False
GOV-0003101,2024,2,February,Q1,2024-02-01,FAC-011,Monterrey Plant,Mexico,Latin America,Anti-Corruption,52.04,92.08,0,0,0,44.8,3.38,0,0.0,85.65,Below Target,Near Compliant,Slightly Delayed,False
GOV-0003102,2024,2,February,Q1,2024-02-01,FAC-011,Monterrey Plant,Mexico,Latin America,Data Privacy,53.13,86.29,1,0,1,37.0,2.93,0,0.0,82.67,Below Target,Near Compliant,Slightly Delayed,False
GOV-0003103,2024,2,February,Q1,2024-02-01,FAC-011,Monterrey Plant,Mexico,Latin America,Environmental,52.46,86.57,4,3,1,35.3,2.62,0,0.0,84.26,Below Target,Near Compliant,Slightly Delayed,False
GOV-0003104,2024,2,February,Q1,2024-02-01,FAC-011,Monterrey Plant,Mexico,Latin America,Health & Safety,50.36,90.28,5,4,1,43.6,3.28,0,0.0,85.23,Below Target,Near Compliant,Slightly Delayed,False
GOV-0003105,2024,2,February,Q1,2024-02-01,FAC-011,Monterrey Plant,Mexico,Latin America,Human Rights,51.79,85.3,2,1,1,41.4,3.13,0,0.0,81.45,Below Target,Near Compliant,Slightly Delayed,False
GOV-0003106,2024,2,February,Q1,2024-02-01,FAC-011,Monterrey Plant,Mexico,Latin America,Whistleblower,56.64,83.24,4,3,1,37.2,3.07,0,0.0,82.52,Below Target,Non-Compliant,Slightly Delayed,False
GOV-0003107,2024,2,February,Q1,2024-02-01,FAC-011,Monterrey Plant,Mexico,Latin America,Code of Conduct,49.23,87.75,5,4,1,39.3,3.08,0,0.0,78.93,Below Target,Near Compliant,Slightly Delayed,False
GOV-0003108,2024,2,February,Q1,2024-02-01,FAC-011,Monterrey Plant,Mexico,Latin America,Conflict of Interest,54.02,89.32,3,2,1,38.8,2.61,0,0.0,81.79,Below Target,Near Compliant,Slightly Delayed,False
GOV-0003109,2024,2,February,Q1,2024-02-01,FAC-011,Monterrey Plant,Mexico,Latin America,Supplier Standards,50.86,86.51,5,3,2,27.7,3.03,0,0.0,82.7,Below Target,Near Compliant,On Target,False
GOV-0003110,2024,2,February,Q1,2024-02-01,FAC-011,Monterrey Plant,Mexico,Latin America,Information Security,53.08,85.79,3,1,2,38.5,3.16,0,0.0,85.61,Below Target,Near Compliant,Slightly Delayed,False
GOV-0003111,2024,2,February,Q1,2024-02-01,FAC-012,Sao Paulo Operations,Brazil,Latin America,Anti-Corruption,52.0,89.82,1,0,1,37.9,3.48,0,0.0,87.46,Below Target,Near Compliant,Slightly Delayed,False
GOV-0003112,2024,2,February,Q1,2024-02-01,FAC-012,Sao Paulo Operations,Brazil,Latin America,Data Privacy,52.42,87.25,3,2,1,41.0,2.68,0,0.0,86.63,Below Target,Near Compliant,Slightly Delayed,False
GOV-0003113,2024,2,February,Q1,2024-02-01,FAC-012,Sao Paulo Operations,Brazil,Latin America,Environmental,50.06,85.23,5,4,1,43.7,2.82,0,91535.98,86.84,Below Target,Near Compliant,Slightly Delayed,True
GOV-0003114,2024,2,February,Q1,2024-02-01,FAC-012,Sao Paulo Operations,Brazil,Latin America,Health & Safety,51.37,87.41,5,4,1,41.2,2.91,0,0.0,80.49,Below Target,Near Compliant,Slightly Delayed,False
GOV-0003115,2024,2,February,Q1,2024-02-01,FAC-012,Sao Paulo Operations,Brazil,Latin America,Human Rights,54.09,89.61,5,3,2,42.5,2.6,0,0.0,84.08,Below Target,Near Compliant,Slightly Delayed,False
GOV-0003116,2024,2,February,Q1,2024-02-01,FAC-012,Sao Paulo Operations,Brazil,Latin America,Whistleblower,50.87,88.61,0,0,0,44.1,2.89,0,0.0,85.11,Below Target,Near Compliant,Slightly Delayed,False
GOV-0003117,2024,2,February,Q1,2024-02-01,FAC-012,Sao Paulo Operations,Brazil,Latin America,Code of Conduct,53.6,89.2,2,1,1,45.0,2.78,0,0.0,80.82,Below Target,Near Compliant,Slightly Delayed,False
GOV-0003118,2024,2,February,Q1,2024-02-01,FAC-012,Sao Paulo Operations,Brazil,Latin America,Conflict of Interest,49.82,84.78,2,1,1,41.7,3.42,0,0.0,82.87,Below Target,Non-Compliant,Slightly Delayed,False
GOV-0003119,2024,2,February,Q1,2024-02-01,FAC-012,Sao Paulo Operations,Brazil,Latin America,Supplier Standards,51.1,88.49,4,3,1,41.0,2.52,0,0.0,83.13,Below Target,Near Compliant,Slightly Delayed,False
GOV-0003120,2024,2,February,Q1,2024-02-01,FAC-012,Sao Paulo Operations,Brazil,Latin America,Information Security,57.48,88.96,2,1,1,39.8,2.84,0,0.0,82.81,Below Target,Near Compliant,Slightly Delayed,False
GOV-0003121,2024,3,March,Q1,2024-03-01,FAC-001,Chicago Main Plant,USA,North America,Anti-Corruption,49.0,88.09,4,3,1,38.8,3.3,0,0.0,81.33,Below Target,Near Compliant,Slightly Delayed,False
GOV-0003122,2024,3,March,Q1,2024-03-01,FAC-001,Chicago Main Plant,USA,North America,Data Privacy,49.37,87.51,2,1,1,39.9,2.8,0,0.0,81.56,Below Target,Near Compliant,Slightly Delayed,False
GOV-0003123,2024,3,March,Q1,2024-03-01,FAC-001,Chicago Main Plant,USA,North America,Environmental,53.35,88.23,2,1,1,36.7,3.37,0,0.0,86.96,Below Target,Near Compliant,Slightly Delayed,False
GOV-0003124,2024,3,March,Q1,2024-03-01,FAC-001,Chicago Main Plant,USA,North America,Health & Safety,52.29,89.07,0,0,0,39.8,2.95,0,0.0,84.88,Below Target,Near Compliant,Slightly Delayed,False
GOV-0003125,2024,3,March,Q1,2024-03-01,FAC-001,Chicago Main Plant,USA,North America,Human Rights,51.34,84.9,5,3,2,42.7,2.45,0,0.0,84.7,Below Target,Non-Compliant,Slightly Delayed,False
GOV-0003126,2024,3,March,Q1,2024-03-01,FAC-001,Chicago Main Plant,USA,North America,Whistleblower,55.87,88.31,5,3,2,38.7,3.02,0,0.0,87.52,Below Target,Near Compliant,Slightly Delayed,False
GOV-0003127,2024,3,March,Q1,2024-03-01,FAC-001,Chicago Main Plant,USA,North America,Code of Conduct,51.75,88.11,1,0,1,40.5,3.6,0,0.0,83.86,Below Target,Near Compliant,Slightly Delayed,False
GOV-0003128,2024,3,March,Q1,2024-03-01,FAC-001,Chicago Main Plant,USA,North America,Conflict of Interest,50.21,91.08,1,0,1,41.6,2.5,0,0.0,88.28,Below Target,Near Compliant,Slightly Delayed,False
GOV-0003129,2024,3,March,Q1,2024-03-01,FAC-001,Chicago Main Plant,USA,North America,Supplier Standards,48.13,87.2,5,3,2,42.3,2.73,0,0.0,85.92,Below Target,Near Compliant,Slightly Delayed,False
GOV-0003130,2024,3,March,Q1,2024-03-01,FAC-001,Chicago Main Plant,USA,North America,Information Security,49.6,88.2,0,0,0,37.6,2.92,0,0.0,85.53,Below Target,Near Compliant,Slightly Delayed,False
GOV-0003131,2024,3,March,Q1,2024-03-01,FAC-002,Detroit Assembly,USA,North America,Anti-Corruption,55.0,85.55,3,2,1,42.1,2.67,1,121746.24,79.87,Below Target,Near Compliant,Slightly Delayed,True
GOV-0003132,2024,3,March,Q1,2024-03-01,FAC-002,Detroit Assembly,USA,North America,Data Privacy,49.8,85.0,3,2,1,42.7,2.96,0,0.0,80.69,Below Target,Near Compliant,Slightly Delayed,False
GOV-0003133,2024,3,March,Q1,2024-03-01,FAC-002,Detroit Assembly,USA,North America,Environmental,49.55,85.74,4,3,1,36.6,2.55,0,0.0,85.79,Below Target,Near Compliant,Slightly Delayed,False
GOV-0003134,2024,3,March,Q1,2024-03-01,FAC-002,Detroit Assembly,USA,North America,Health & Safety,51.23,89.24,4,2,2,41.3,2.6,0,0.0,80.78,Below Target,Near Compliant,Slightly Delayed,False
GOV-0003135,2024,3,March,Q1,2024-03-01,FAC-002,Detroit Assembly,USA,North America,Human Rights,49.56,91.29,5,4,1,40.8,3.43,0,0.0,82.89,Below Target,Near Compliant,Slightly Delayed,False
GOV-0003136,2024,3,March,Q1,2024-03-01,FAC-002,Detroit Assembly,USA,North America,Whistleblower,55.32,88.11,1,0,1,38.0,2.68,0,0.0,80.51,Below Target,Near Compliant,Slightly Delayed,False
GOV-0003137,2024,3,March,Q1,2024-03-01,FAC-002,Detroit Assembly,USA,North America,Code of Conduct,55.36,88.41,4,3,1,40.2,3.43,0,0.0,84.44,Below Target,Near Compliant,Slightly Delayed,False
GOV-0003138,2024,3,March,Q1,2024-03-01,FAC-002,Detroit Assembly,USA,North America,Conflict of Interest,51.83,85.83,4,3,1,45.1,2.86,0,29559.78,84.34,Below Target,Near Compliant,Significantly Delayed,True
GOV-0003139,2024,3,March,Q1,2024-03-01,FAC-002,Detroit Assembly,USA,North America,Supplier Standards,52.86,89.85,0,0,0,50.4,2.86,0,0.0,82.63,Below Target,Near Compliant,Significantly Delayed,False
GOV-0003140,2024,3,March,Q1,2024-03-01,FAC-002,Detroit Assembly,USA,North America,Information Security,52.02,89.85,2,1,1,39.6,2.84,0,0.0,84.87,Below Target,Near Compliant,Slightly Delayed,False
GOV-0003141,2024,3,March,Q1,2024-03-01,FAC-003,Toronto Operations,Canada,North America,Anti-Corruption,56.23,87.72,3,2,1,46.7,2.87,0,0.0,82.99,Below Target,Near Compliant,Significantly Delayed,False
GOV-0003142,2024,3,March,Q1,2024-03-01,FAC-003,Toronto Operations,Canada,North America,Data Privacy,53.32,89.04,2,1,1,39.4,3.36,0,20727.62,84.27,Below Target,Near Compliant,Slightly Delayed,True
GOV-0003143,2024,3,March,Q1,2024-03-01,FAC-003,Toronto Operations,Canada,North America,Environmental,53.61,88.39,5,3,2,42.3,2.75,0,0.0,86.36,Below Target,Near Compliant,Slightly Delayed,False
GOV-0003144,2024,3,March,Q1,2024-03-01,FAC-003,Toronto Operations,Canada,North America,Health & Safety,53.62,85.67,1,0,1,41.0,2.57,0,0.0,79.97,Below Target,Near Compliant,Slightly Delayed,False
GOV-0003145,2024,3,March,Q1,2024-03-01,FAC-003,Toronto Operations,Canada,North America,Human Rights,52.61,84.66,2,1,1,39.4,2.49,0,0.0,78.69,Below Target,Non-Compliant,Slightly Delayed,False
GOV-0003146,2024,3,March,Q1,2024-03-01,FAC-003,Toronto Operations,Canada,North America,Whistleblower,55.71,89.66,2,1,1,35.9,3.3,0,0.0,84.68,Below Target,Near Compliant,Slightly Delayed,False
GOV-0003147,2024,3,March,Q1,2024-03-01,FAC-003,Toronto Operations,Canada,North America,Code of Conduct,49.3,86.53,1,0,1,40.8,2.7,0,91056.08,86.1,Below Target,Near Compliant,Slightly Delayed,True
GOV-0003148,2024,3,March,Q1,2024-03-01,FAC-003,Toronto Operations,Canada,North America,Conflict of Interest,53.55,87.16,3,2,1,39.0,2.37,0,0.0,81.92,Below Target,Near Compliant,Slightly Delayed,False
GOV-0003149,2024,3,March,Q1,2024-03-01,FAC-003,Toronto Operations,Canada,North America,Supplier Standards,51.89,92.35,4,3,1,44.9,2.8,0,0.0,81.02,Below Target,Near Compliant,Slightly Delayed,False
GOV-0003150,2024,3,March,Q1,2024-03-01,FAC-003,Toronto Operations,Canada,North America,Information Security,54.33,89.34,0,0,0,32.4,3.17,0,0.0,83.31,Below Target,Near Compliant,Slightly Delayed,False
GOV-0003151,2024,3,March,Q1,2024-03-01,FAC-004,Munich Precision Works,Germany,Europe,Anti-Corruption,54.47,87.51,4,3,1,38.8,2.75,0,0.0,84.2,Below Target,Near Compliant,Slightly Delayed,False
GOV-0003152,2024,3,March,Q1,2024-03-01,FAC-004,Munich Precision Works,Germany,Europe,Data Privacy,55.96,87.72,5,3,2,48.5,3.19,0,0.0,83.2,Below Target,Near Compliant,Significantly Delayed,False
GOV-0003153,2024,3,March,Q1,2024-03-01,FAC-004,Munich Precision Works,Germany,Europe,Environmental,54.95,87.16,1,0,1,38.9,3.37,0,0.0,88.73,Below Target,Near Compliant,Slightly Delayed,False
GOV-0003154,2024,3,March,Q1,2024-03-01,FAC-004,Munich Precision Works,Germany,Europe,Health & Safety,58.19,89.71,2,1,1,41.3,3.14,0,0.0,87.11,Below Target,Near Compliant,Slightly Delayed,False
GOV-0003155,2024,3,March,Q1,2024-03-01,FAC-004,Munich Precision Works,Germany,Europe,Human Rights,52.48,86.35,4,3,1,42.1,2.89,0,0.0,79.9,Below Target,Near Compliant,Slightly Delayed,False
GOV-0003156,2024,3,March,Q1,2024-03-01,FAC-004,Munich Precision Works,Germany,Europe,Whistleblower,51.63,87.09,4,3,1,43.1,3.2,0,0.0,84.27,Below Target,Near Compliant,Slightly Delayed,False
GOV-0003157,2024,3,March,Q1,2024-03-01,FAC-004,Munich Precision Works,Germany,Europe,Code of Conduct,55.15,87.28,3,2,1,39.6,2.65,0,0.0,83.26,Below Target,Near Compliant,Slightly Delayed,False
GOV-0003158,2024,3,March,Q1,2024-03-01,FAC-004,Munich Precision Works,Germany,Europe,Conflict of Interest,54.38,86.56,5,3,2,36.6,3.29,0,0.0,83.82,Below Target,Near Compliant,Slightly Delayed,False
GOV-0003159,2024,3,March,Q1,2024-03-01,FAC-004,Munich Precision Works,Germany,Europe,Supplier Standards,51.27,88.93,0,0,0,40.5,2.96,0,0.0,85.68,Below Target,Near Compliant,Slightly Delayed,False
GOV-0003160,2024,3,March,Q1,2024-03-01,FAC-004,Munich Precision Works,Germany,Europe,Information Security,51.81,86.56,3,2,1,46.2,3.44,0,0.0,83.15,Below Target,Near Compliant,Significantly Delayed,False
GOV-0003161,2024,3,March,Q1,2024-03-01,FAC-005,Stuttgart Engineering,Germany,Europe,Anti-Corruption,55.18,88.06,2,1,1,38.2,3.0,0,0.0,81.55,Below Target,Near Compliant,Slightly Delayed,False
GOV-0003162,2024,3,March,Q1,2024-03-01,FAC-005,Stuttgart Engineering,Germany,Europe,Data Privacy,52.41,88.91,1,0,1,41.7,3.33,0,0.0,80.98,Below Target,Near Compliant,Slightly Delayed,False
GOV-0003163,2024,3,March,Q1,2024-03-01,FAC-005,Stuttgart Engineering,Germany,Europe,Environmental,53.26,89.57,5,3,2,39.1,3.19,0,0.0,81.15,Below Target,Near Compliant,Slightly Delayed,False
GOV-0003164,2024,3,March,Q1,2024-03-01,FAC-005,Stuttgart Engineering,Germany,Europe,Health & Safety,54.84,89.45,3,2,1,44.9,3.4,0,0.0,80.68,Below Target,Near Compliant,Slightly Delayed,False
GOV-0003165,2024,3,March,Q1,2024-03-01,FAC-005,Stuttgart Engineering,Germany,Europe,Human Rights,54.52,87.3,1,0,1,42.9,3.08,0,0.0,84.9,Below Target,Near Compliant,Slightly Delayed,False
GOV-0003166,2024,3,March,Q1,2024-03-01,FAC-005,Stuttgart Engineering,Germany,Europe,Whistleblower,51.66,86.93,1,0,1,40.2,3.27,0,0.0,79.29,Below Target,Near Compliant,Slightly Delayed,False
GOV-0003167,2024,3,March,Q1,2024-03-01,FAC-005,Stuttgart Engineering,Germany,Europe,Code of Conduct,52.06,85.53,0,0,0,39.9,3.16,0,0.0,84.28,Below Target,Near Compliant,Slightly Delayed,False
GOV-0003168,2024,3,March,Q1,2024-03-01,FAC-005,Stuttgart Engineering,Germany,Europe,Conflict of Interest,54.42,87.84,2,1,1,42.1,3.31,0,0.0,84.48,Below Target,Near Compliant,Slightly Delayed,False
GOV-0003169,2024,3,March,Q1,2024-03-01,FAC-005,Stuttgart Engineering,Germany,Europe,Supplier Standards,55.37,84.61,4,2,2,38.8,3.09,0,0.0,80.65,Below Target,Non-Compliant,Slightly Delayed,False
GOV-0003170,2024,3,March,Q1,2024-03-01,FAC-005,Stuttgart Engineering,Germany,Europe,Information Security,50.14,86.74,1,0,1,45.3,3.11,0,0.0,82.6,Below Target,Near Compliant,Significantly Delayed,False
GOV-0003171,2024,3,March,Q1,2024-03-01,FAC-006,Rotterdam Hub,Netherlands,Europe,Anti-Corruption,54.34,86.18,0,0,0,38.6,3.39,0,0.0,81.21,Below Target,Near Compliant,Slightly Delayed,False
GOV-0003172,2024,3,March,Q1,2024-03-01,FAC-006,Rotterdam Hub,Netherlands,Europe,Data Privacy,50.33,84.72,4,3,1,39.0,3.07,0,0.0,84.29,Below Target,Non-Compliant,Slightly Delayed,False
GOV-0003173,2024,3,March,Q1,2024-03-01,FAC-006,Rotterdam Hub,Netherlands,Europe,Environmental,54.41,87.58,0,0,0,45.1,2.74,0,0.0,79.43,Below Target,Near Compliant,Significantly Delayed,False
GOV-0003174,2024,3,March,Q1,2024-03-01,FAC-006,Rotterdam Hub,Netherlands,Europe,Health & Safety,54.12,86.8,0,0,0,34.8,2.72,0,0.0,82.78,Below Target,Near Compliant,Slightly Delayed,False
GOV-0003175,2024,3,March,Q1,2024-03-01,FAC-006,Rotterdam Hub,Netherlands,Europe,Human Rights,56.4,87.94,3,2,1,40.2,3.05,0,0.0,84.0,Below Target,Near Compliant,Slightly Delayed,False
GOV-0003176,2024,3,March,Q1,2024-03-01,FAC-006,Rotterdam Hub,Netherlands,Europe,Whistleblower,54.63,91.79,3,2,1,39.5,2.85,0,0.0,80.49,Below Target,Near Compliant,Slightly Delayed,False
GOV-0003177,2024,3,March,Q1,2024-03-01,FAC-006,Rotterdam Hub,Netherlands,Europe,Code of Conduct,52.19,87.5,1,0,1,39.2,3.06,0,0.0,84.36,Below Target,Near Compliant,Slightly Delayed,False
GOV-0003178,2024,3,March,Q1,2024-03-01,FAC-006,Rotterdam Hub,Netherlands,Europe,Conflict of Interest,53.12,87.54,5,3,2,38.1,2.7,0,0.0,83.7,Below Target,Near Compliant,Slightly Delayed,False
GOV-0003179,2024,3,March,Q1,2024-03-01,FAC-006,Rotterdam Hub,Netherlands,Europe,Supplier Standards,54.92,89.15,2,1,1,43.7,3.03,0,0.0,80.45,Below Target,Near Compliant,Slightly Delayed,False
GOV-0003180,2024,3,March,Q1,2024-03-01,FAC-006,Rotterdam Hub,Netherlands,Europe,Information Security,53.25,88.38,2,1,1,33.7,3.1,0,0.0,82.82,Below Target,Near Compliant,Slightly Delayed,False
GOV-0003181,2024,3,March,Q1,2024-03-01,FAC-007,Lyon Components,France,Europe,Anti-Corruption,50.81,84.81,5,3,2,43.1,2.83,0,0.0,80.72,Below Target,Non-Compliant,Slightly Delayed,False
GOV-0003182,2024,3,March,Q1,2024-03-01,FAC-007,Lyon Components,France,Europe,Data Privacy,52.65,86.06,4,3,1,43.5,3.2,0,0.0,81.15,Below Target,Near Compliant,Slightly Delayed,False
GOV-0003183,2024,3,March,Q1,2024-03-01,FAC-007,Lyon Components,France,Europe,Environmental,51.42,91.64,1,0,1,40.6,3.24,0,0.0,84.07,Below Target,Near Compliant,Slightly Delayed,False
GOV-0003184,2024,3,March,Q1,2024-03-01,FAC-007,Lyon Components,France,Europe,Health & Safety,50.62,87.45,4,2,2,42.9,2.98,0,0.0,82.32,Below Target,Near Compliant,Slightly Delayed,False
GOV-0003185,2024,3,March,Q1,2024-03-01,FAC-007,Lyon Components,France,Europe,Human Rights,54.23,88.02,4,3,1,40.4,3.09,0,0.0,83.33,Below Target,Near Compliant,Slightly Delayed,False
GOV-0003186,2024,3,March,Q1,2024-03-01,FAC-007,Lyon Components,France,Europe,Whistleblower,56.82,87.92,0,0,0,44.8,2.67,0,0.0,84.91,Below Target,Near Compliant,Slightly Delayed,False
GOV-0003187,2024,3,March,Q1,2024-03-01,FAC-007,Lyon Components,France,Europe,Code of Conduct,53.62,83.35,1,0,1,36.3,3.04,0,0.0,81.04,Below Target,Non-Compliant,Slightly Delayed,False
GOV-0003188,2024,3,March,Q1,2024-03-01,FAC-007,Lyon Components,France,Europe,Conflict of Interest,54.45,87.1,3,2,1,38.2,3.1,0,0.0,83.76,Below Target,Near Compliant,Slightly Delayed,False
GOV-0003189,2024,3,March,Q1,2024-03-01,FAC-007,Lyon Components,France,Europe,Supplier Standards,56.14,87.33,4,3,1,45.6,2.63,0,0.0,83.75,Below Target,Near Compliant,Significantly Delayed,False
GOV-0003190,2024,3,March,Q1,2024-03-01,FAC-007,Lyon Components,France,Europe,Information Security,53.35,87.6,1,0,1,41.4,3.06,0,0.0,84.28,Below Target,Near Compliant,Slightly Delayed,False
GOV-0003191,2024,3,March,Q1,2024-03-01,FAC-008,Shanghai Manufacturing,China,Asia Pacific,Anti-Corruption,53.72,89.39,3,2,1,37.1,2.25,0,0.0,80.76,Below Target,Near Compliant,Slightly Delayed,False
GOV-0003192,2024,3,March,Q1,2024-03-01,FAC-008,Shanghai Manufacturing,China,Asia Pacific,Data Privacy,50.1,87.98,3,2,1,39.2,2.92,0,0.0,84.02,Below Target,Near Compliant,Slightly Delayed,False
GOV-0003193,2024,3,March,Q1,2024-03-01,FAC-008,Shanghai Manufacturing,China,Asia Pacific,Environmental,54.02,88.87,1,0,1,35.6,3.07,1,0.0,85.7,Below Target,Near Compliant,Slightly Delayed,False
GOV-0003194,2024,3,March,Q1,2024-03-01,FAC-008,Shanghai Manufacturing,China,Asia Pacific,Health & Safety,54.09,84.81,3,2,1,38.0,3.28,0,0.0,88.43,Below Target,Non-Compliant,Slightly Delayed,False
GOV-0003195,2024,3,March,Q1,2024-03-01,FAC-008,Shanghai Manufacturing,China,Asia Pacific,Human Rights,51.18,87.79,2,1,1,37.6,2.61,0,0.0,80.26,Below Target,Near Compliant,Slightly Delayed,False
GOV-0003196,2024,3,March,Q1,2024-03-01,FAC-008,Shanghai Manufacturing,China,Asia Pacific,Whistleblower,57.22,90.37,3,1,2,38.9,3.14,0,0.0,85.89,Below Target,Near Compliant,Slightly Delayed,False
GOV-0003197,2024,3,March,Q1,2024-03-01,FAC-008,Shanghai Manufacturing,China,Asia Pacific,Code of Conduct,51.01,89.07,4,2,2,42.2,2.73,0,0.0,82.63,Below Target,Near Compliant,Slightly Delayed,False
GOV-0003198,2024,3,March,Q1,2024-03-01,FAC-008,Shanghai Manufacturing,China,Asia Pacific,Conflict of Interest,56.64,87.38,2,1,1,41.3,3.04,0,0.0,80.87,Below Target,Near Compliant,Slightly Delayed,False
GOV-0003199,2024,3,March,Q1,2024-03-01,FAC-008,Shanghai Manufacturing,China,Asia Pacific,Supplier Standards,54.78,85.16,0,0,0,41.7,2.92,0,0.0,83.94,Below Target,Near Compliant,Slightly Delayed,False
GOV-0003200,2024,3,March,Q1,2024-03-01,FAC-008,Shanghai Manufacturing,China,Asia Pacific,Information Security,51.97,88.07,5,3,2,48.2,3.21,0,0.0,85.97,Below Target,Near Compliant,Significantly Delayed,False
GOV-0003201,2024,3,March,Q1,2024-03-01,FAC-009,Bangalore Tech Centre,India,Asia Pacific,Anti-Corruption,51.41,87.72,0,0,0,41.3,3.27,0,0.0,83.22,Below Target,Near Compliant,Slightly Delayed,False
GOV-0003202,2024,3,March,Q1,2024-03-01,FAC-009,Bangalore Tech Centre,India,Asia Pacific,Data Privacy,53.68,85.82,1,0,1,44.5,2.95,0,0.0,79.68,Below Target,Near Compliant,Slightly Delayed,False
GOV-0003203,2024,3,March,Q1,2024-03-01,FAC-009,Bangalore Tech Centre,India,Asia Pacific,Environmental,54.25,90.23,5,4,1,41.7,3.12,0,0.0,81.95,Below Target,Near Compliant,Slightly Delayed,False
GOV-0003204,2024,3,March,Q1,2024-03-01,FAC-009,Bangalore Tech Centre,India,Asia Pacific,Health & Safety,51.9,86.09,2,1,1,37.4,2.39,0,0.0,79.85,Below Target,Near Compliant,Slightly Delayed,False
GOV-0003205,2024,3,March,Q1,2024-03-01,FAC-009,Bangalore Tech Centre,India,Asia Pacific,Human Rights,52.54,87.46,1,0,1,34.3,3.26,0,0.0,82.35,Below Target,Near Compliant,Slightly Delayed,False
GOV-0003206,2024,3,March,Q1,2024-03-01,FAC-009,Bangalore Tech Centre,India,Asia Pacific,Whistleblower,56.1,85.7,5,3,2,39.3,2.88,0,0.0,81.13,Below Target,Near Compliant,Slightly Delayed,False
GOV-0003207,2024,3,March,Q1,2024-03-01,FAC-009,Bangalore Tech Centre,India,Asia Pacific,Code of Conduct,55.24,86.06,1,0,1,44.0,3.15,0,0.0,81.93,Below Target,Near Compliant,Slightly Delayed,False
GOV-0003208,2024,3,March,Q1,2024-03-01,FAC-009,Bangalore Tech Centre,India,Asia Pacific,Conflict of Interest,51.32,87.74,4,2,2,37.8,3.17,0,0.0,82.66,Below Target,Near Compliant,Slightly Delayed,False
GOV-0003209,2024,3,March,Q1,2024-03-01,FAC-009,Bangalore Tech Centre,India,Asia Pacific,Supplier Standards,51.0,89.06,1,0,1,43.9,2.64,0,0.0,80.97,Below Target,Near Compliant,Slightly Delayed,False
GOV-0003210,2024,3,March,Q1,2024-03-01,FAC-009,Bangalore Tech Centre,India,Asia Pacific,Information Security,55.61,88.76,1,0,1,42.0,2.93,0,0.0,84.91,Below Target,Near Compliant,Slightly Delayed,False
GOV-0003211,2024,3,March,Q1,2024-03-01,FAC-010,Singapore Distribution,Singapore,Asia Pacific,Anti-Corruption,49.46,86.66,2,1,1,40.8,3.15,0,0.0,85.44,Below Target,Near Compliant,Slightly Delayed,False
GOV-0003212,2024,3,March,Q1,2024-03-01,FAC-010,Singapore Distribution,Singapore,Asia Pacific,Data Privacy,55.8,91.29,2,1,1,47.0,2.64,0,0.0,85.67,Below Target,Near Compliant,Significantly Delayed,False
GOV-0003213,2024,3,March,Q1,2024-03-01,FAC-010,Singapore Distribution,Singapore,Asia Pacific,Environmental,53.22,89.7,4,3,1,40.2,2.69,0,0.0,84.99,Below Target,Near Compliant,Slightly Delayed,False
GOV-0003214,2024,3,March,Q1,2024-03-01,FAC-010,Singapore Distribution,Singapore,Asia Pacific,Health & Safety,51.21,84.31,0,0,0,43.8,3.3,0,0.0,86.26,Below Target,Non-Compliant,Slightly Delayed,False
GOV-0003215,2024,3,March,Q1,2024-03-01,FAC-010,Singapore Distribution,Singapore,Asia Pacific,Human Rights,56.07,86.52,2,1,1,36.6,3.38,0,0.0,81.39,Below Target,Near Compliant,Slightly Delayed,False
GOV-0003216,2024,3,March,Q1,2024-03-01,FAC-010,Singapore Distribution,Singapore,Asia Pacific,Whistleblower,54.11,87.82,0,0,0,36.8,2.83,0,0.0,80.56,Below Target,Near Compliant,Slightly Delayed,False
GOV-0003217,2024,3,March,Q1,2024-03-01,FAC-010,Singapore Distribution,Singapore,Asia Pacific,Code of Conduct,54.21,84.52,1,0,1,38.5,2.8,0,0.0,80.88,Below Target,Non-Compliant,Slightly Delayed,False
GOV-0003218,2024,3,March,Q1,2024-03-01,FAC-010,Singapore Distribution,Singapore,Asia Pacific,Conflict of Interest,51.25,87.3,1,0,1,35.2,3.57,0,0.0,81.78,Below Target,Near Compliant,Slightly Delayed,False
GOV-0003219,2024,3,March,Q1,2024-03-01,FAC-010,Singapore Distribution,Singapore,Asia Pacific,Supplier Standards,49.46,86.46,4,3,1,35.3,2.99,0,0.0,81.7,Below Target,Near Compliant,Slightly Delayed,False
GOV-0003220,2024,3,March,Q1,2024-03-01,FAC-010,Singapore Distribution,Singapore,Asia Pacific,Information Security,51.25,88.5,4,3,1,38.1,2.76,0,0.0,86.77,Below Target,Near Compliant,Slightly Delayed,False
GOV-0003221,2024,3,March,Q1,2024-03-01,FAC-011,Monterrey Plant,Mexico,Latin America,Anti-Corruption,52.14,87.75,0,0,0,41.4,3.56,0,0.0,83.48,Below Target,Near Compliant,Slightly Delayed,False
GOV-0003222,2024,3,March,Q1,2024-03-01,FAC-011,Monterrey Plant,Mexico,Latin America,Data Privacy,58.31,87.31,3,2,1,40.5,2.85,0,0.0,86.02,Below Target,Near Compliant,Slightly Delayed,False
GOV-0003223,2024,3,March,Q1,2024-03-01,FAC-011,Monterrey Plant,Mexico,Latin America,Environmental,54.15,87.21,4,2,2,39.9,3.13,0,0.0,83.27,Below Target,Near Compliant,Slightly Delayed,False
GOV-0003224,2024,3,March,Q1,2024-03-01,FAC-011,Monterrey Plant,Mexico,Latin America,Health & Safety,53.96,87.79,2,1,1,47.3,2.93,0,0.0,82.67,Below Target,Near Compliant,Significantly Delayed,False
GOV-0003225,2024,3,March,Q1,2024-03-01,FAC-011,Monterrey Plant,Mexico,Latin America,Human Rights,49.97,90.5,2,1,1,37.3,3.14,0,0.0,81.11,Below Target,Near Compliant,Slightly Delayed,False
GOV-0003226,2024,3,March,Q1,2024-03-01,FAC-011,Monterrey Plant,Mexico,Latin America,Whistleblower,52.28,87.63,4,3,1,41.2,2.65,0,0.0,82.81,Below Target,Near Compliant,Slightly Delayed,False
GOV-0003227,2024,3,March,Q1,2024-03-01,FAC-011,Monterrey Plant,Mexico,Latin America,Code of Conduct,55.65,86.64,3,2,1,40.9,3.0,0,0.0,85.42,Below Target,Near Compliant,Slightly Delayed,False
GOV-0003228,2024,3,March,Q1,2024-03-01,FAC-011,Monterrey Plant,Mexico,Latin America,Conflict of Interest,57.73,85.91,4,3,1,38.7,2.79,0,0.0,84.07,Below Target,Near Compliant,Slightly Delayed,False
GOV-0003229,2024,3,March,Q1,2024-03-01,FAC-011,Monterrey Plant,Mexico,Latin America,Supplier Standards,54.51,88.9,1,0,1,46.3,3.12,0,0.0,86.13,Below Target,Near Compliant,Significantly Delayed,False
GOV-0003230,2024,3,March,Q1,2024-03-01,FAC-011,Monterrey Plant,Mexico,Latin America,Information Security,53.99,84.46,0,0,0,39.1,2.78,0,0.0,84.45,Below Target,Non-Compliant,Slightly Delayed,False
GOV-0003231,2024,3,March,Q1,2024-03-01,FAC-012,Sao Paulo Operations,Brazil,Latin America,Anti-Corruption,54.66,86.37,5,4,1,41.7,2.66,0,0.0,86.0,Below Target,Near Compliant,Slightly Delayed,False
GOV-0003232,2024,3,March,Q1,2024-03-01,FAC-012,Sao Paulo Operations,Brazil,Latin America,Data Privacy,51.33,87.88,2,1,1,37.4,3.45,0,0.0,84.28,Below Target,Near Compliant,Slightly Delayed,False
GOV-0003233,2024,3,March,Q1,2024-03-01,FAC-012,Sao Paulo Operations,Brazil,Latin America,Environmental,51.01,90.2,1,0,1,39.6,2.84,0,0.0,80.6,Below Target,Near Compliant,Slightly Delayed,False
GOV-0003234,2024,3,March,Q1,2024-03-01,FAC-012,Sao Paulo Operations,Brazil,Latin America,Health & Safety,57.27,88.01,1,0,1,43.5,3.22,0,0.0,84.49,Below Target,Near Compliant,Slightly Delayed,False
GOV-0003235,2024,3,March,Q1,2024-03-01,FAC-012,Sao Paulo Operations,Brazil,Latin America,Human Rights,52.43,93.23,4,2,2,40.9,3.0,0,0.0,82.55,Below Target,Near Compliant,Slightly Delayed,False
GOV-0003236,2024,3,March,Q1,2024-03-01,FAC-012,Sao Paulo Operations,Brazil,Latin America,Whistleblower,52.23,89.6,5,4,1,43.3,3.0,0,0.0,82.5,Below Target,Near Compliant,Slightly Delayed,False
GOV-0003237,2024,3,March,Q1,2024-03-01,FAC-012,Sao Paulo Operations,Brazil,Latin America,Code of Conduct,50.14,88.85,3,2,1,43.7,2.86,0,0.0,86.65,Below Target,Near Compliant,Slightly Delayed,False
GOV-0003238,2024,3,March,Q1,2024-03-01,FAC-012,Sao Paulo Operations,Brazil,Latin America,Conflict of Interest,53.94,91.08,2,1,1,34.4,3.26,0,0.0,81.25,Below Target,Near Compliant,Slightly Delayed,False
GOV-0003239,2024,3,March,Q1,2024-03-01,FAC-012,Sao Paulo Operations,Brazil,Latin America,Supplier Standards,48.65,85.98,5,3,2,41.1,2.83,0,0.0,83.63,Below Target,Near Compliant,Slightly Delayed,False
GOV-0003240,2024,3,March,Q1,2024-03-01,FAC-012,Sao Paulo Operations,Brazil,Latin America,Information Security,53.24,89.1,0,0,0,36.9,3.12,0,0.0,84.37,Below Target,Near Compliant,Slightly Delayed,False
GOV-0003241,2024,4,April,Q2,2024-04-01,FAC-001,Chicago Main Plant,USA,North America,Anti-Corruption,48.16,84.17,1,0,1,36.6,3.04,0,0.0,80.12,Below Target,Non-Compliant,Slightly Delayed,False
GOV-0003242,2024,4,April,Q2,2024-04-01,FAC-001,Chicago Main Plant,USA,North America,Data Privacy,50.26,86.94,1,0,1,32.8,2.53,0,0.0,81.98,Below Target,Near Compliant,Slightly Delayed,False
GOV-0003243,2024,4,April,Q2,2024-04-01,FAC-001,Chicago Main Plant,USA,North America,Environmental,49.31,88.83,4,3,1,36.0,3.35,0,0.0,79.21,Below Target,Near Compliant,Slightly Delayed,False
GOV-0003244,2024,4,April,Q2,2024-04-01,FAC-001,Chicago Main Plant,USA,North America,Health & Safety,57.28,84.54,1,0,1,48.1,2.89,0,0.0,83.13,Below Target,Non-Compliant,Significantly Delayed,False
GOV-0003245,2024,4,April,Q2,2024-04-01,FAC-001,Chicago Main Plant,USA,North America,Human Rights,53.39,87.73,1,0,1,45.5,2.92,0,0.0,82.99,Below Target,Near Compliant,Significantly Delayed,False
GOV-0003246,2024,4,April,Q2,2024-04-01,FAC-001,Chicago Main Plant,USA,North America,Whistleblower,54.15,90.12,3,2,1,41.7,2.65,0,0.0,84.48,Below Target,Near Compliant,Slightly Delayed,False
GOV-0003247,2024,4,April,Q2,2024-04-01,FAC-001,Chicago Main Plant,USA,North America,Code of Conduct,53.46,89.21,5,3,2,43.8,2.77,0,0.0,84.62,Below Target,Near Compliant,Slightly Delayed,False
GOV-0003248,2024,4,April,Q2,2024-04-01,FAC-001,Chicago Main Plant,USA,North America,Conflict of Interest,52.93,85.81,4,2,2,42.0,2.66,1,0.0,82.21,Below Target,Near Compliant,Slightly Delayed,False
GOV-0003249,2024,4,April,Q2,2024-04-01,FAC-001,Chicago Main Plant,USA,North America,Supplier Standards,56.72,88.96,5,3,2,37.0,3.08,0,0.0,85.04,Below Target,Near Compliant,Slightly Delayed,False
GOV-0003250,2024,4,April,Q2,2024-04-01,FAC-001,Chicago Main Plant,USA,North America,Information Security,53.29,86.25,2,1,1,41.0,3.06,0,0.0,84.26,Below Target,Near Compliant,Slightly Delayed,False
GOV-0003251,2024,4,April,Q2,2024-04-01,FAC-002,Detroit Assembly,USA,North America,Anti-Corruption,56.17,84.85,2,1,1,45.2,3.16,0,0.0,81.56,Below Target,Non-Compliant,Significantly Delayed,False
GOV-0003252,2024,4,April,Q2,2024-04-01,FAC-002,Detroit Assembly,USA,North America,Data Privacy,57.33,85.7,0,0,0,37.8,3.04,0,0.0,81.56,Below Target,Near Compliant,Slightly Delayed,False
GOV-0003253,2024,4,April,Q2,2024-04-01,FAC-002,Detroit Assembly,USA,North America,Environmental,52.67,86.24,0,0,0,38.3,2.87,0,0.0,82.69,Below Target,Near Compliant,Slightly Delayed,False
GOV-0003254,2024,4,April,Q2,2024-04-01,FAC-002,Detroit Assembly,USA,North America,Health & Safety,52.41,81.99,0,0,0,42.1,3.08,0,0.0,81.08,Below Target,Non-Compliant,Slightly Delayed,False
GOV-0003255,2024,4,April,Q2,2024-04-01,FAC-002,Detroit Assembly,USA,North America,Human Rights,48.39,85.79,1,0,1,31.7,3.33,0,0.0,84.97,Below Target,Near Compliant,Slightly Delayed,False
GOV-0003256,2024,4,April,Q2,2024-04-01,FAC-002,Detroit Assembly,USA,North America,Whistleblower,52.09,86.32,0,0,0,38.4,2.66,0,0.0,83.26,Below Target,Near Compliant,Slightly Delayed,False
GOV-0003257,2024,4,April,Q2,2024-04-01,FAC-002,Detroit Assembly,USA,North America,Code of Conduct,55.08,88.93,2,1,1,30.6,3.26,0,0.0,83.95,Below Target,Near Compliant,Slightly Delayed,False
GOV-0003258,2024,4,April,Q2,2024-04-01,FAC-002,Detroit Assembly,USA,North America,Conflict of Interest,50.92,87.64,0,0,0,37.5,3.34,0,0.0,86.01,Below Target,Near Compliant,Slightly Delayed,False
GOV-0003259,2024,4,April,Q2,2024-04-01,FAC-002,Detroit Assembly,USA,North America,Supplier Standards,49.4,84.62,5,4,1,35.3,2.58,0,0.0,88.31,Below Target,Non-Compliant,Slightly Delayed,False
GOV-0003260,2024,4,April,Q2,2024-04-01,FAC-002,Detroit Assembly,USA,North America,Information Security,49.31,86.43,5,4,1,41.4,2.84,0,0.0,87.5,Below Target,Near Compliant,Slightly Delayed,False
GOV-0003261,2024,4,April,Q2,2024-04-01,FAC-003,Toronto Operations,Canada,North America,Anti-Corruption,55.6,88.52,4,2,2,45.6,2.82,0,0.0,80.89,Below Target,Near Compliant,Significantly Delayed,False
GOV-0003262,2024,4,April,Q2,2024-04-01,FAC-003,Toronto Operations,Canada,North America,Data Privacy,51.67,90.79,3,2,1,40.4,3.41,0,0.0,80.89,Below Target,Near Compliant,Slightly Delayed,False
GOV-0003263,2024,4,April,Q2,2024-04-01,FAC-003,Toronto Operations,Canada,North America,Environmental,51.92,90.04,2,1,1,39.3,2.76,0,0.0,83.09,Below Target,Near Compliant,Slightly Delayed,False
GOV-0003264,2024,4,April,Q2,2024-04-01,FAC-003,Toronto Operations,Canada,North America,Health & Safety,53.25,85.51,4,2,2,33.8,3.24,0,0.0,82.96,Below Target,Near Compliant,Slightly Delayed,False
GOV-0003265,2024,4,April,Q2,2024-04-01,FAC-003,Toronto Operations,Canada,North America,Human Rights,49.62,85.01,2,1,1,34.1,3.18,0,0.0,80.94,Below Target,Near Compliant,Slightly Delayed,False
GOV-0003266,2024,4,April,Q2,2024-04-01,FAC-003,Toronto Operations,Canada,North America,Whistleblower,52.94,83.53,2,1,1,38.0,3.58,0,0.0,82.79,Below Target,Non-Compliant,Slightly Delayed,False
GOV-0003267,2024,4,April,Q2,2024-04-01,FAC-003,Toronto Operations,Canada,North America,Code of Conduct,51.28,84.3,2,1,1,42.8,3.23,0,0.0,80.61,Below Target,Non-Compliant,Slightly Delayed,False
GOV-0003268,2024,4,April,Q2,2024-04-01,FAC-003,Toronto Operations,Canada,North America,Conflict of Interest,53.38,87.69,1,0,1,38.6,3.2,0,0.0,84.72,Below Target,Near Compliant,Slightly Delayed,False
GOV-0003269,2024,4,April,Q2,2024-04-01,FAC-003,Toronto Operations,Canada,North America,Supplier Standards,52.24,88.28,4,2,2,40.3,2.61,0,0.0,83.24,Below Target,Near Compliant,Slightly Delayed,False
GOV-0003270,2024,4,April,Q2,2024-04-01,FAC-003,Toronto Operations,Canada,North America,Information Security,54.4,85.84,1,0,1,39.8,3.42,0,0.0,79.06,Below Target,Near Compliant,Slightly Delayed,False
GOV-0003271,2024,4,April,Q2,2024-04-01,FAC-004,Munich Precision Works,Germany,Europe,Anti-Corruption,58.67,84.29,3,2,1,39.2,3.37,0,0.0,80.81,Below Target,Non-Compliant,Slightly Delayed,False
GOV-0003272,2024,4,April,Q2,2024-04-01,FAC-004,Munich Precision Works,Germany,Europe,Data Privacy,54.17,86.9,2,1,1,38.3,3.58,0,0.0,83.44,Below Target,Near Compliant,Slightly Delayed,False
GOV-0003273,2024,4,April,Q2,2024-04-01,FAC-004,Munich Precision Works,Germany,Europe,Environmental,53.85,89.04,5,4,1,35.2,2.9,0,0.0,85.85,Below Target,Near Compliant,Slightly Delayed,False
GOV-0003274,2024,4,April,Q2,2024-04-01,FAC-004,Munich Precision Works,Germany,Europe,Health & Safety,54.29,88.47,0,0,0,34.5,3.1,0,0.0,84.34,Below Target,Near Compliant,Slightly Delayed,False
GOV-0003275,2024,4,April,Q2,2024-04-01,FAC-004,Munich Precision Works,Germany,Europe,Human Rights,52.24,90.59,2,1,1,35.8,3.34,0,0.0,83.25,Below Target,Near Compliant,Slightly Delayed,False
GOV-0003276,2024,4,April,Q2,2024-04-01,FAC-004,Munich Precision Works,Germany,Europe,Whistleblower,49.72,89.83,2,1,1,40.8,3.15,0,0.0,82.88,Below Target,Near Compliant,Slightly Delayed,False
GOV-0003277,2024,4,April,Q2,2024-04-01,FAC-004,Munich Precision Works,Germany,Europe,Code of Conduct,52.16,88.25,1,0,1,34.8,2.86,0,0.0,81.01,Below Target,Near Compliant,Slightly Delayed,False
GOV-0003278,2024,4,April,Q2,2024-04-01,FAC-004,Munich Precision Works,Germany,Europe,Conflict of Interest,51.75,88.04,5,4,1,40.9,3.29,0,0.0,81.94,Below Target,Near Compliant,Slightly Delayed,False
GOV-0003279,2024,4,April,Q2,2024-04-01,FAC-004,Munich Precision Works,Germany,Europe,Supplier Standards,55.28,92.12,4,3,1,42.1,2.97,0,0.0,84.65,Below Target,Near Compliant,Slightly Delayed,False
GOV-0003280,2024,4,April,Q2,2024-04-01,FAC-004,Munich Precision Works,Germany,Europe,Information Security,56.09,86.63,2,1,1,38.4,3.44,0,0.0,84.26,Below Target,Near Compliant,Slightly Delayed,False
GOV-0003281,2024,4,April,Q2,2024-04-01,FAC-005,Stuttgart Engineering,Germany,Europe,Anti-Corruption,52.03,85.39,2,1,1,34.5,2.9,0,0.0,86.19,Below Target,Near Compliant,Slightly Delayed,False
GOV-0003282,2024,4,April,Q2,2024-04-01,FAC-005,Stuttgart Engineering,Germany,Europe,Data Privacy,50.69,87.05,5,3,2,43.7,3.05,0,0.0,81.63,Below Target,Near Compliant,Slightly Delayed,False
GOV-0003283,2024,4,April,Q2,2024-04-01,FAC-005,Stuttgart Engineering,Germany,Europe,Environmental,54.44,87.18,1,0,1,40.0,3.33,0,0.0,79.66,Below Target,Near Compliant,Slightly Delayed,False
GOV-0003284,2024,4,April,Q2,2024-04-01,FAC-005,Stuttgart Engineering,Germany,Europe,Health & Safety,58.44,85.01,3,2,1,35.8,2.75,0,0.0,83.76,Below Target,Near Compliant,Slightly Delayed,False
GOV-0003285,2024,4,April,Q2,2024-04-01,FAC-005,Stuttgart Engineering,Germany,Europe,Human Rights,52.61,83.68,3,2,1,44.7,3.14,0,0.0,85.4,Below Target,Non-Compliant,Slightly Delayed,False
GOV-0003286,2024,4,April,Q2,2024-04-01,FAC-005,Stuttgart Engineering,Germany,Europe,Whistleblower,53.92,87.21,2,1,1,40.2,3.03,0,103585.96,81.66,Below Target,Near Compliant,Slightly Delayed,True
GOV-0003287,2024,4,April,Q2,2024-04-01,FAC-005,Stuttgart Engineering,Germany,Europe,Code of Conduct,52.59,86.84,4,3,1,49.0,3.49,0,0.0,88.49,Below Target,Near Compliant,Significantly Delayed,False
GOV-0003288,2024,4,April,Q2,2024-04-01,FAC-005,Stuttgart Engineering,Germany,Europe,Conflict of Interest,52.05,87.73,1,0,1,40.0,2.9,0,0.0,81.53,Below Target,Near Compliant,Slightly Delayed,False
GOV-0003289,2024,4,April,Q2,2024-04-01,FAC-005,Stuttgart Engineering,Germany,Europe,Supplier Standards,49.2,87.6,3,1,2,43.3,3.13,0,0.0,79.8,Below Target,Near Compliant,Slightly Delayed,False
GOV-0003290,2024,4,April,Q2,2024-04-01,FAC-005,Stuttgart Engineering,Germany,Europe,Information Security,53.78,85.16,0,0,0,45.4,3.42,0,0.0,85.54,Below Target,Near Compliant,Significantly Delayed,False
GOV-0003291,2024,4,April,Q2,2024-04-01,FAC-006,Rotterdam Hub,Netherlands,Europe,Anti-Corruption,56.26,87.22,1,0,1,40.3,2.75,0,0.0,79.36,Below Target,Near Compliant,Slightly Delayed,False
GOV-0003292,2024,4,April,Q2,2024-04-01,FAC-006,Rotterdam Hub,Netherlands,Europe,Data Privacy,54.56,89.73,3,2,1,44.4,2.85,0,0.0,80.75,Below Target,Near Compliant,Slightly Delayed,False
GOV-0003293,2024,4,April,Q2,2024-04-01,FAC-006,Rotterdam Hub,Netherlands,Europe,Environmental,55.59,84.35,2,1,1,42.7,3.27,0,0.0,87.03,Below Target,Non-Compliant,Slightly Delayed,False
GOV-0003294,2024,4,April,Q2,2024-04-01,FAC-006,Rotterdam Hub,Netherlands,Europe,Health & Safety,53.38,86.31,4,3,1,33.8,3.44,0,0.0,79.03,Below Target,Near Compliant,Slightly Delayed,False
GOV-0003295,2024,4,April,Q2,2024-04-01,FAC-006,Rotterdam Hub,Netherlands,Europe,Human Rights,51.94,87.03,5,3,2,43.5,2.9,0,0.0,84.66,Below Target,Near Compliant,Slightly Delayed,False
GOV-0003296,2024,4,April,Q2,2024-04-01,FAC-006,Rotterdam Hub,Netherlands,Europe,Whistleblower,53.77,86.2,5,4,1,33.5,3.29,0,0.0,82.61,Below Target,Near Compliant,Slightly Delayed,False
GOV-0003297,2024,4,April,Q2,2024-04-01,FAC-006,Rotterdam Hub,Netherlands,Europe,Code of Conduct,55.97,90.38,0,0,0,37.0,3.45,0,0.0,78.6,Below Target,Near Compliant,Slightly Delayed,False
GOV-0003298,2024,4,April,Q2,2024-04-01,FAC-006,Rotterdam Hub,Netherlands,Europe,Conflict of Interest,55.77,86.73,0,0,0,41.6,3.28,0,0.0,84.43,Below Target,Near Compliant,Slightly Delayed,False
GOV-0003299,2024,4,April,Q2,2024-04-01,FAC-006,Rotterdam Hub,Netherlands,Europe,Supplier Standards,51.29,91.48,5,4,1,42.9,2.81,0,0.0,81.64,Below Target,Near Compliant,Slightly Delayed,False
GOV-0003300,2024,4,April,Q2,2024-04-01,FAC-006,Rotterdam Hub,Netherlands,Europe,Information Security,50.28,91.68,5,4,1,34.3,2.72,0,0.0,81.85,Below Target,Near Compliant,Slightly Delayed,False
GOV-0003301,2024,4,April,Q2,2024-04-01,FAC-007,Lyon Components,France,Europe,Anti-Corruption,56.49,85.64,3,2,1,32.1,2.98,0,0.0,87.17,Below Target,Near Compliant,Slightly Delayed,False
GOV-0003302,2024,4,April,Q2,2024-04-01,FAC-007,Lyon Components,France,Europe,Data Privacy,51.14,85.16,2,1,1,41.2,2.82,0,0.0,83.13,Below Target,Near Compliant,Slightly Delayed,False
GOV-0003303,2024,4,April,Q2,2024-04-01,FAC-007,Lyon Components,France,Europe,Environmental,52.55,86.89,2,1,1,48.8,2.76,0,0.0,80.61,Below Target,Near Compliant,Significantly Delayed,False
GOV-0003304,2024,4,April,Q2,2024-04-01,FAC-007,Lyon Components,France,Europe,Health & Safety,52.92,86.26,3,2,1,35.6,3.08,0,0.0,82.98,Below Target,Near Compliant,Slightly Delayed,False
GOV-0003305,2024,4,April,Q2,2024-04-01,FAC-007,Lyon Components,France,Europe,Human Rights,53.47,85.53,5,4,1,42.0,2.84,0,0.0,82.08,Below Target,Near Compliant,Slightly Delayed,False
GOV-0003306,2024,4,April,Q2,2024-04-01,FAC-007,Lyon Components,France,Europe,Whistleblower,52.85,88.7,0,0,0,44.2,3.48,0,0.0,85.68,Below Target,Near Compliant,Slightly Delayed,False
GOV-0003307,2024,4,April,Q2,2024-04-01,FAC-007,Lyon Components,France,Europe,Code of Conduct,53.4,87.34,1,0,1,43.3,2.97,0,75197.47,83.96,Below Target,Near Compliant,Slightly Delayed,True
GOV-0003308,2024,4,April,Q2,2024-04-01,FAC-007,Lyon Components,France,Europe,Conflict of Interest,51.33,84.63,1,0,1,43.9,2.5,0,0.0,81.18,Below Target,Non-Compliant,Slightly Delayed,False
GOV-0003309,2024,4,April,Q2,2024-04-01,FAC-007,Lyon Components,France,Europe,Supplier Standards,52.64,88.34,1,0,1,47.0,3.36,0,0.0,83.27,Below Target,Near Compliant,Significantly Delayed,False
GOV-0003310,2024,4,April,Q2,2024-04-01,FAC-007,Lyon Components,France,Europe,Information Security,53.03,87.74,5,4,1,38.2,3.11,0,0.0,82.76,Below Target,Near Compliant,Slightly Delayed,False
GOV-0003311,2024,4,April,Q2,2024-04-01,FAC-008,Shanghai Manufacturing,China,Asia Pacific,Anti-Corruption,50.04,91.14,4,3,1,47.3,2.9,0,0.0,86.0,Below Target,Near Compliant,Significantly Delayed,False
GOV-0003312,2024,4,April,Q2,2024-04-01,FAC-008,Shanghai Manufacturing,China,Asia Pacific,Data Privacy,49.92,89.56,1,0,1,43.6,3.15,1,0.0,82.9,Below Target,Near Compliant,Slightly Delayed,False
GOV-0003313,2024,4,April,Q2,2024-04-01,FAC-008,Shanghai Manufacturing,China,Asia Pacific,Environmental,52.16,85.12,1,0,1,32.5,3.41,0,0.0,85.42,Below Target,Near Compliant,Slightly Delayed,False
GOV-0003314,2024,4,April,Q2,2024-04-01,FAC-008,Shanghai Manufacturing,China,Asia Pacific,Health & Safety,56.28,88.45,4,3,1,36.4,3.03,0,0.0,82.52,Below Target,Near Compliant,Slightly Delayed,False
GOV-0003315,2024,4,April,Q2,2024-04-01,FAC-008,Shanghai Manufacturing,China,Asia Pacific,Human Rights,57.77,88.06,1,0,1,34.1,2.79,0,0.0,84.17,Below Target,Near Compliant,Slightly Delayed,False
GOV-0003316,2024,4,April,Q2,2024-04-01,FAC-008,Shanghai Manufacturing,China,Asia Pacific,Whistleblower,56.09,89.89,3,2,1,35.2,3.4,0,0.0,81.89,Below Target,Near Compliant,Slightly Delayed,False
GOV-0003317,2024,4,April,Q2,2024-04-01,FAC-008,Shanghai Manufacturing,China,Asia Pacific,Code of Conduct,51.38,89.02,3,1,2,36.9,3.12,0,0.0,87.6,Below Target,Near Compliant,Slightly Delayed,False
GOV-0003318,2024,4,April,Q2,2024-04-01,FAC-008,Shanghai Manufacturing,China,Asia Pacific,Conflict of Interest,50.43,84.79,0,0,0,33.1,3.07,0,0.0,80.79,Below Target,Non-Compliant,Slightly Delayed,False
GOV-0003319,2024,4,April,Q2,2024-04-01,FAC-008,Shanghai Manufacturing,China,Asia Pacific,Supplier Standards,53.85,87.82,0,0,0,48.3,3.32,0,0.0,86.0,Below Target,Near Compliant,Significantly Delayed,False
GOV-0003320,2024,4,April,Q2,2024-04-01,FAC-008,Shanghai Manufacturing,China,Asia Pacific,Information Security,55.31,83.24,0,0,0,33.7,2.58,0,0.0,81.57,Below Target,Non-Compliant,Slightly Delayed,False
GOV-0003321,2024,4,April,Q2,2024-04-01,FAC-009,Bangalore Tech Centre,India,Asia Pacific,Anti-Corruption,56.14,82.68,1,0,1,46.5,3.26,0,0.0,81.73,Below Target,Non-Compliant,Significantly Delayed,False
GOV-0003322,2024,4,April,Q2,2024-04-01,FAC-009,Bangalore Tech Centre,India,Asia Pacific,Data Privacy,54.99,87.59,5,3,2,43.7,2.71,0,0.0,82.07,Below Target,Near Compliant,Slightly Delayed,False
GOV-0003323,2024,4,April,Q2,2024-04-01,FAC-009,Bangalore Tech Centre,India,Asia Pacific,Environmental,51.0,87.59,3,2,1,40.3,2.85,0,0.0,81.89,Below Target,Near Compliant,Slightly Delayed,False
GOV-0003324,2024,4,April,Q2,2024-04-01,FAC-009,Bangalore Tech Centre,India,Asia Pacific,Health & Safety,51.16,86.12,3,1,2,40.3,2.97,0,0.0,86.18,Below Target,Near Compliant,Slightly Delayed,False
GOV-0003325,2024,4,April,Q2,2024-04-01,FAC-009,Bangalore Tech Centre,India,Asia Pacific,Human Rights,51.33,87.54,3,1,2,44.5,2.88,0,0.0,80.33,Below Target,Near Compliant,Slightly Delayed,False
GOV-0003326,2024,4,April,Q2,2024-04-01,FAC-009,Bangalore Tech Centre,India,Asia Pacific,Whistleblower,52.56,85.07,0,0,0,37.8,3.15,0,0.0,81.64,Below Target,Near Compliant,Slightly Delayed,False
GOV-0003327,2024,4,April,Q2,2024-04-01,FAC-009,Bangalore Tech Centre,India,Asia Pacific,Code of Conduct,49.16,89.7,2,1,1,41.9,3.14,0,0.0,84.74,Below Target,Near Compliant,Slightly Delayed,False
GOV-0003328,2024,4,April,Q2,2024-04-01,FAC-009,Bangalore Tech Centre,India,Asia Pacific,Conflict of Interest,52.77,88.11,1,0,1,40.3,2.85,0,0.0,82.31,Below Target,Near Compliant,Slightly Delayed,False
GOV-0003329,2024,4,April,Q2,2024-04-01,FAC-009,Bangalore Tech Centre,India,Asia Pacific,Supplier Standards,53.64,85.21,0,0,0,45.3,3.05,0,0.0,86.96,Below Target,Near Compliant,Significantly Delayed,False
GOV-0003330,2024,4,April,Q2,2024-04-01,FAC-009,Bangalore Tech Centre,India,Asia Pacific,Information Security,56.0,87.38,0,0,0,36.2,3.04,0,0.0,85.39,Below Target,Near Compliant,Slightly Delayed,False
GOV-0003331,2024,4,April,Q2,2024-04-01,FAC-010,Singapore Distribution,Singapore,Asia Pacific,Anti-Corruption,56.38,85.9,4,2,2,34.8,2.9,0,0.0,80.23,Below Target,Near Compliant,Slightly Delayed,False
GOV-0003332,2024,4,April,Q2,2024-04-01,FAC-010,Singapore Distribution,Singapore,Asia Pacific,Data Privacy,52.51,86.8,3,2,1,39.1,3.14,0,0.0,84.03,Below Target,Near Compliant,Slightly Delayed,False
GOV-0003333,2024,4,April,Q2,2024-04-01,FAC-010,Singapore Distribution,Singapore,Asia Pacific,Environmental,51.86,85.38,1,0,1,36.3,2.89,0,0.0,79.81,Below Target,Near Compliant,Slightly Delayed,False
GOV-0003334,2024,4,April,Q2,2024-04-01,FAC-010,Singapore Distribution,Singapore,Asia Pacific,Health & Safety,53.87,92.59,5,3,2,39.6,3.26,0,0.0,81.69,Below Target,Near Compliant,Slightly Delayed,False
GOV-0003335,2024,4,April,Q2,2024-04-01,FAC-010,Singapore Distribution,Singapore,Asia Pacific,Human Rights,54.48,84.04,1,0,1,42.2,2.68,0,0.0,84.81,Below Target,Non-Compliant,Slightly Delayed,False
GOV-0003336,2024,4,April,Q2,2024-04-01,FAC-010,Singapore Distribution,Singapore,Asia Pacific,Whistleblower,53.3,86.45,0,0,0,40.2,2.9,0,0.0,80.84,Below Target,Near Compliant,Slightly Delayed,False
GOV-0003337,2024,4,April,Q2,2024-04-01,FAC-010,Singapore Distribution,Singapore,Asia Pacific,Code of Conduct,56.3,89.47,1,0,1,36.4,3.37,0,0.0,78.36,Below Target,Near Compliant,Slightly Delayed,False
GOV-0003338,2024,4,April,Q2,2024-04-01,FAC-010,Singapore Distribution,Singapore,Asia Pacific,Conflict of Interest,54.51,84.78,2,1,1,40.8,3.31,0,0.0,82.13,Below Target,Non-Compliant,Slightly Delayed,False
GOV-0003339,2024,4,April,Q2,2024-04-01,FAC-010,Singapore Distribution,Singapore,Asia Pacific,Supplier Standards,54.21,89.99,4,3,1,41.0,2.77,0,0.0,81.01,Below Target,Near Compliant,Slightly Delayed,False
GOV-0003340,2024,4,April,Q2,2024-04-01,FAC-010,Singapore Distribution,Singapore,Asia Pacific,Information Security,54.35,86.26,2,1,1,39.8,2.96,0,0.0,84.72,Below Target,Near Compliant,Slightly Delayed,False
GOV-0003341,2024,4,April,Q2,2024-04-01,FAC-011,Monterrey Plant,Mexico,Latin America,Anti-Corruption,50.18,88.08,2,1,1,43.6,3.03,0,0.0,81.96,Below Target,Near Compliant,Slightly Delayed,False
GOV-0003342,2024,4,April,Q2,2024-04-01,FAC-011,Monterrey Plant,Mexico,Latin America,Data Privacy,48.31,88.1,2,1,1,39.5,3.12,0,0.0,79.3,Below Target,Near Compliant,Slightly Delayed,False
GOV-0003343,2024,4,April,Q2,2024-04-01,FAC-011,Monterrey Plant,Mexico,Latin America,Environmental,57.52,85.26,5,4,1,47.9,2.74,0,0.0,85.08,Below Target,Near Compliant,Significantly Delayed,False
GOV-0003344,2024,4,April,Q2,2024-04-01,FAC-011,Monterrey Plant,Mexico,Latin America,Health & Safety,57.59,88.8,2,1,1,34.8,2.43,0,0.0,83.67,Below Target,Near Compliant,Slightly Delayed,False
GOV-0003345,2024,4,April,Q2,2024-04-01,FAC-011,Monterrey Plant,Mexico,Latin America,Human Rights,51.0,86.54,4,2,2,38.4,3.26,0,0.0,80.76,Below Target,Near Compliant,Slightly Delayed,False
GOV-0003346,2024,4,April,Q2,2024-04-01,FAC-011,Monterrey Plant,Mexico,Latin America,Whistleblower,53.93,86.96,5,3,2,33.3,3.19,0,0.0,83.77,Below Target,Near Compliant,Slightly Delayed,False
GOV-0003347,2024,4,April,Q2,2024-04-01,FAC-011,Monterrey Plant,Mexico,Latin America,Code of Conduct,53.43,84.34,5,4,1,37.8,3.05,0,0.0,80.18,Below Target,Non-Compliant,Slightly Delayed,False
GOV-0003348,2024,4,April,Q2,2024-04-01,FAC-011,Monterrey Plant,Mexico,Latin America,Conflict of Interest,54.79,88.31,0,0,0,37.2,3.26,0,0.0,79.51,Below Target,Near Compliant,Slightly Delayed,False
GOV-0003349,2024,4,April,Q2,2024-04-01,FAC-011,Monterrey Plant,Mexico,Latin America,Supplier Standards,54.69,88.18,5,4,1,40.3,2.8,0,0.0,82.63,Below Target,Near Compliant,Slightly Delayed,False
GOV-0003350,2024,4,April,Q2,2024-04-01,FAC-011,Monterrey Plant,Mexico,Latin America,Information Security,55.42,89.28,5,4,1,38.4,2.99,0,0.0,85.75,Below Target,Near Compliant,Slightly Delayed,False
GOV-0003351,2024,4,April,Q2,2024-04-01,FAC-012,Sao Paulo Operations,Brazil,Latin America,Anti-Corruption,55.48,88.09,1,0,1,42.7,2.97,0,0.0,80.43,Below Target,Near Compliant,Slightly Delayed,False
GOV-0003352,2024,4,April,Q2,2024-04-01,FAC-012,Sao Paulo Operations,Brazil,Latin America,Data Privacy,53.87,87.36,2,1,1,41.9,2.58,0,0.0,82.08,Below Target,Near Compliant,Slightly Delayed,False
GOV-0003353,2024,4,April,Q2,2024-04-01,FAC-012,Sao Paulo Operations,Brazil,Latin America,Environmental,55.0,85.29,2,1,1,35.1,3.15,0,0.0,84.44,Below Target,Near Compliant,Slightly Delayed,False
GOV-0003354,2024,4,April,Q2,2024-04-01,FAC-012,Sao Paulo Operations,Brazil,Latin America,Health & Safety,55.61,89.3,5,3,2,41.0,3.42,0,0.0,81.82,Below Target,Near Compliant,Slightly Delayed,False
GOV-0003355,2024,4,April,Q2,2024-04-01,FAC-012,Sao Paulo Operations,Brazil,Latin America,Human Rights,51.45,87.56,1,0,1,36.2,3.41,0,0.0,86.04,Below Target,Near Compliant,Slightly Delayed,False
GOV-0003356,2024,4,April,Q2,2024-04-01,FAC-012,Sao Paulo Operations,Brazil,Latin America,Whistleblower,49.81,86.5,5,4,1,37.4,2.76,0,0.0,80.11,Below Target,Near Compliant,Slightly Delayed,False
GOV-0003357,2024,4,April,Q2,2024-04-01,FAC-012,Sao Paulo Operations,Brazil,Latin America,Code of Conduct,50.6,90.04,2,1,1,35.8,3.41,0,0.0,80.46,Below Target,Near Compliant,Slightly Delayed,False
GOV-0003358,2024,4,April,Q2,2024-04-01,FAC-012,Sao Paulo Operations,Brazil,Latin America,Conflict of Interest,53.88,86.93,0,0,0,42.0,3.14,0,0.0,80.64,Below Target,Near Compliant,Slightly Delayed,False
GOV-0003359,2024,4,April,Q2,2024-04-01,FAC-012,Sao Paulo Operations,Brazil,Latin America,Supplier Standards,53.79,86.28,1,0,1,39.0,2.71,0,0.0,82.99,Below Target,Near Compliant,Slightly Delayed,False
GOV-0003360,2024,4,April,Q2,2024-04-01,FAC-012,Sao Paulo Operations,Brazil,Latin America,Information Security,56.79,88.76,5,4,1,40.3,3.15,0,0.0,85.84,Below Target,Near Compliant,Slightly Delayed,False
GOV-0003361,2024,5,May,Q2,2024-05-01,FAC-001,Chicago Main Plant,USA,North America,Anti-Corruption,53.36,87.82,0,0,0,42.7,2.97,0,0.0,82.68,Below Target,Near Compliant,Slightly Delayed,False
GOV-0003362,2024,5,May,Q2,2024-05-01,FAC-001,Chicago Main Plant,USA,North America,Data Privacy,52.75,91.8,4,2,2,41.2,3.39,0,0.0,86.01,Below Target,Near Compliant,Slightly Delayed,False
GOV-0003363,2024,5,May,Q2,2024-05-01,FAC-001,Chicago Main Plant,USA,North America,Environmental,53.76,86.86,5,4,1,40.1,2.7,0,0.0,81.21,Below Target,Near Compliant,Slightly Delayed,False
GOV-0003364,2024,5,May,Q2,2024-05-01,FAC-001,Chicago Main Plant,USA,North America,Health & Safety,53.79,92.06,4,2,2,35.8,2.57,0,0.0,84.01,Below Target,Near Compliant,Slightly Delayed,False
GOV-0003365,2024,5,May,Q2,2024-05-01,FAC-001,Chicago Main Plant,USA,North America,Human Rights,56.67,84.48,0,0,0,35.9,2.88,0,0.0,85.58,Below Target,Non-Compliant,Slightly Delayed,False
GOV-0003366,2024,5,May,Q2,2024-05-01,FAC-001,Chicago Main Plant,USA,North America,Whistleblower,52.65,86.62,2,1,1,34.8,2.33,0,0.0,77.1,Below Target,Near Compliant,Slightly Delayed,False
GOV-0003367,2024,5,May,Q2,2024-05-01,FAC-001,Chicago Main Plant,USA,North America,Code of Conduct,53.56,84.2,0,0,0,42.5,2.66,1,0.0,81.96,Below Target,Non-Compliant,Slightly Delayed,False
GOV-0003368,2024,5,May,Q2,2024-05-01,FAC-001,Chicago Main Plant,USA,North America,Conflict of Interest,54.94,86.56,2,1,1,44.7,2.94,0,0.0,82.28,Below Target,Near Compliant,Slightly Delayed,False
GOV-0003369,2024,5,May,Q2,2024-05-01,FAC-001,Chicago Main Plant,USA,North America,Supplier Standards,57.87,87.2,0,0,0,46.6,2.53,0,0.0,83.09,Below Target,Near Compliant,Significantly Delayed,False
GOV-0003370,2024,5,May,Q2,2024-05-01,FAC-001,Chicago Main Plant,USA,North America,Information Security,55.26,88.63,2,1,1,42.7,2.31,0,0.0,83.36,Below Target,Near Compliant,Slightly Delayed,False
GOV-0003371,2024,5,May,Q2,2024-05-01,FAC-002,Detroit Assembly,USA,North America,Anti-Corruption,51.87,89.87,3,1,2,40.2,2.87,0,0.0,83.46,Below Target,Near Compliant,Slightly Delayed,False
GOV-0003372,2024,5,May,Q2,2024-05-01,FAC-002,Detroit Assembly,USA,North America,Data Privacy,55.07,86.08,1,0,1,38.3,3.11,0,0.0,83.85,Below Target,Near Compliant,Slightly Delayed,False
GOV-0003373,2024,5,May,Q2,2024-05-01,FAC-002,Detroit Assembly,USA,North America,Environmental,55.72,92.64,3,1,2,41.6,2.91,0,0.0,83.63,Below Target,Near Compliant,Slightly Delayed,False
GOV-0003374,2024,5,May,Q2,2024-05-01,FAC-002,Detroit Assembly,USA,North America,Health & Safety,51.19,86.06,2,1,1,44.1,3.43,0,0.0,83.83,Below Target,Near Compliant,Slightly Delayed,False
GOV-0003375,2024,5,May,Q2,2024-05-01,FAC-002,Detroit Assembly,USA,North America,Human Rights,55.52,85.14,1,0,1,35.1,3.18,0,0.0,86.55,Below Target,Near Compliant,Slightly Delayed,False
GOV-0003376,2024,5,May,Q2,2024-05-01,FAC-002,Detroit Assembly,USA,North America,Whistleblower,54.62,88.58,4,2,2,36.3,3.09,0,0.0,87.77,Below Target,Near Compliant,Slightly Delayed,False
GOV-0003377,2024,5,May,Q2,2024-05-01,FAC-002,Detroit Assembly,USA,North America,Code of Conduct,48.05,91.22,4,3,1,47.1,2.81,0,0.0,83.83,Below Target,Near Compliant,Significantly Delayed,False
GOV-0003378,2024,5,May,Q2,2024-05-01,FAC-002,Detroit Assembly,USA,North America,Conflict of Interest,50.5,84.97,0,0,0,45.9,3.15,0,0.0,83.95,Below Target,Non-Compliant,Significantly Delayed,False
GOV-0003379,2024,5,May,Q2,2024-05-01,FAC-002,Detroit Assembly,USA,North America,Supplier Standards,50.8,87.98,2,1,1,38.1,2.95,0,0.0,85.22,Below Target,Near Compliant,Slightly Delayed,False
GOV-0003380,2024,5,May,Q2,2024-05-01,FAC-002,Detroit Assembly,USA,North America,Information Security,54.92,85.23,1,0,1,34.8,3.03,0,0.0,83.63,Below Target,Near Compliant,Slightly Delayed,False
GOV-0003381,2024,5,May,Q2,2024-05-01,FAC-003,Toronto Operations,Canada,North America,Anti-Corruption,55.78,88.21,1,0,1,35.2,3.32,0,0.0,81.86,Below Target,Near Compliant,Slightly Delayed,False
GOV-0003382,2024,5,May,Q2,2024-05-01,FAC-003,Toronto Operations,Canada,North America,Data Privacy,55.87,85.18,4,2,2,42.0,3.41,0,0.0,79.71,Below Target,Near Compliant,Slightly Delayed,False
GOV-0003383,2024,5,May,Q2,2024-05-01,FAC-003,Toronto Operations,Canada,North America,Environmental,52.78,88.93,1,0,1,38.4,3.2,0,0.0,82.0,Below Target,Near Compliant,Slightly Delayed,False
GOV-0003384,2024,5,May,Q2,2024-05-01,FAC-003,Toronto Operations,Canada,North America,Health & Safety,50.2,89.13,1,0,1,44.0,3.39,0,0.0,82.81,Below Target,Near Compliant,Slightly Delayed,False
GOV-0003385,2024,5,May,Q2,2024-05-01,FAC-003,Toronto Operations,Canada,North America,Human Rights,52.27,90.37,3,2,1,36.7,2.99,0,0.0,85.09,Below Target,Near Compliant,Slightly Delayed,False
GOV-0003386,2024,5,May,Q2,2024-05-01,FAC-003,Toronto Operations,Canada,North America,Whistleblower,51.41,89.01,1,0,1,35.8,2.98,0,0.0,85.17,Below Target,Near Compliant,Slightly Delayed,False
GOV-0003387,2024,5,May,Q2,2024-05-01,FAC-003,Toronto Operations,Canada,North America,Code of Conduct,51.45,90.3,3,2,1,37.3,2.81,0,0.0,81.97,Below Target,Near Compliant,Slightly Delayed,False
GOV-0003388,2024,5,May,Q2,2024-05-01,FAC-003,Toronto Operations,Canada,North America,Conflict of Interest,51.19,88.56,1,0,1,43.3,3.44,0,0.0,82.81,Below Target,Near Compliant,Slightly Delayed,False
GOV-0003389,2024,5,May,Q2,2024-05-01,FAC-003,Toronto Operations,Canada,North America,Supplier Standards,54.88,86.85,0,0,0,42.4,2.72,0,0.0,81.59,Below Target,Near Compliant,Slightly Delayed,False
GOV-0003390,2024,5,May,Q2,2024-05-01,FAC-003,Toronto Operations,Canada,North America,Information Security,54.99,85.92,0,0,0,38.3,2.83,0,0.0,84.17,Below Target,Near Compliant,Slightly Delayed,False
GOV-0003391,2024,5,May,Q2,2024-05-01,FAC-004,Munich Precision Works,Germany,Europe,Anti-Corruption,51.13,87.12,4,3,1,38.3,2.92,0,0.0,82.82,Below Target,Near Compliant,Slightly Delayed,False
GOV-0003392,2024,5,May,Q2,2024-05-01,FAC-004,Munich Precision Works,Germany,Europe,Data Privacy,55.07,85.1,2,1,1,42.3,2.78,0,0.0,84.44,Below Target,Near Compliant,Slightly Delayed,False
GOV-0003393,2024,5,May,Q2,2024-05-01,FAC-004,Munich Precision Works,Germany,Europe,Environmental,56.39,90.96,4,3,1,35.9,2.72,0,88471.32,82.3,Below Target,Near Compliant,Slightly Delayed,True
GOV-0003394,2024,5,May,Q2,2024-05-01,FAC-004,Munich Precision Works,Germany,Europe,Health & Safety,49.26,87.57,5,4,1,37.7,3.27,1,0.0,85.73,Below Target,Near Compliant,Slightly Delayed,False
GOV-0003395,2024,5,May,Q2,2024-05-01,FAC-004,Munich Precision Works,Germany,Europe,Human Rights,53.78,88.8,2,1,1,39.2,2.52,0,0.0,83.89,Below Target,Near Compliant,Slightly Delayed,False
GOV-0003396,2024,5,May,Q2,2024-05-01,FAC-004,Munich Precision Works,Germany,Europe,Whistleblower,56.71,89.52,3,2,1,40.4,3.02,0,0.0,83.76,Below Target,Near Compliant,Slightly Delayed,False
GOV-0003397,2024,5,May,Q2,2024-05-01,FAC-004,Munich Precision Works,Germany,Europe,Code of Conduct,58.72,85.68,2,1,1,46.5,2.96,0,0.0,80.31,Below Target,Near Compliant,Significantly Delayed,False
GOV-0003398,2024,5,May,Q2,2024-05-01,FAC-004,Munich Precision Works,Germany,Europe,Conflict of Interest,50.73,87.4,4,3,1,36.8,3.14,0,0.0,83.98,Below Target,Near Compliant,Slightly Delayed,False
GOV-0003399,2024,5,May,Q2,2024-05-01,FAC-004,Munich Precision Works,Germany,Europe,Supplier Standards,55.88,91.39,3,1,2,37.8,3.25,0,25977.3,79.37,Below Target,Near Compliant,Slightly Delayed,True
GOV-0003400,2024,5,May,Q2,2024-05-01,FAC-004,Munich Precision Works,Germany,Europe,Information Security,51.99,84.41,0,0,0,38.5,3.27,0,0.0,84.57,Below Target,Non-Compliant,Slightly Delayed,False
GOV-0003401,2024,5,May,Q2,2024-05-01,FAC-005,Stuttgart Engineering,Germany,Europe,Anti-Corruption,50.83,85.84,5,4,1,43.3,3.09,0,0.0,78.99,Below Target,Near Compliant,Slightly Delayed,False
GOV-0003402,2024,5,May,Q2,2024-05-01,FAC-005,Stuttgart Engineering,Germany,Europe,Data Privacy,53.82,85.64,1,0,1,36.8,2.78,0,0.0,82.83,Below Target,Near Compliant,Slightly Delayed,False
GOV-0003403,2024,5,May,Q2,2024-05-01,FAC-005,Stuttgart Engineering,Germany,Europe,Environmental,55.7,84.0,3,2,1,42.6,3.05,0,0.0,81.67,Below Target,Non-Compliant,Slightly Delayed,False
GOV-0003404,2024,5,May,Q2,2024-05-01,FAC-005,Stuttgart Engineering,Germany,Europe,Health & Safety,49.27,85.15,1,0,1,45.2,3.07,0,0.0,86.09,Below Target,Near Compliant,Significantly Delayed,False
GOV-0003405,2024,5,May,Q2,2024-05-01,FAC-005,Stuttgart Engineering,Germany,Europe,Human Rights,56.74,88.0,4,3,1,35.1,3.5,0,0.0,85.37,Below Target,Near Compliant,Slightly Delayed,False
GOV-0003406,2024,5,May,Q2,2024-05-01,FAC-005,Stuttgart Engineering,Germany,Europe,Whistleblower,51.04,86.52,1,0,1,38.6,3.09,0,0.0,81.31,Below Target,Near Compliant,Slightly Delayed,False
GOV-0003407,2024,5,May,Q2,2024-05-01,FAC-005,Stuttgart Engineering,Germany,Europe,Code of Conduct,53.46,86.41,3,2,1,38.5,2.86,0,0.0,80.43,Below Target,Near Compliant,Slightly Delayed,False
GOV-0003408,2024,5,May,Q2,2024-05-01,FAC-005,Stuttgart Engineering,Germany,Europe,Conflict of Interest,52.73,89.02,4,3,1,36.9,3.4,0,0.0,81.31,Below Target,Near Compliant,Slightly Delayed,False
GOV-0003409,2024,5,May,Q2,2024-05-01,FAC-005,Stuttgart Engineering,Germany,Europe,Supplier Standards,49.63,85.83,3,2,1,41.1,2.76,0,0.0,79.49,Below Target,Near Compliant,Slightly Delayed,False
GOV-0003410,2024,5,May,Q2,2024-05-01,FAC-005,Stuttgart Engineering,Germany,Europe,Information Security,54.88,88.49,1,0,1,37.0,3.43,0,0.0,85.43,Below Target,Near Compliant,Slightly Delayed,False
GOV-0003411,2024,5,May,Q2,2024-05-01,FAC-006,Rotterdam Hub,Netherlands,Europe,Anti-Corruption,52.28,88.47,0,0,0,45.4,3.18,0,0.0,85.34,Below Target,Near Compliant,Significantly Delayed,False
GOV-0003412,2024,5,May,Q2,2024-05-01,FAC-006,Rotterdam Hub,Netherlands,Europe,Data Privacy,52.13,84.97,4,2,2,42.9,2.88,0,0.0,82.24,Below Target,Non-Compliant,Slightly Delayed,False
GOV-0003413,2024,5,May,Q2,2024-05-01,FAC-006,Rotterdam Hub,Netherlands,Europe,Environmental,56.9,88.54,4,2,2,38.1,3.2,0,0.0,83.8,Below Target,Near Compliant,Slightly Delayed,False
GOV-0003414,2024,5,May,Q2,2024-05-01,FAC-006,Rotterdam Hub,Netherlands,Europe,Health & Safety,48.57,87.93,2,1,1,42.0,3.46,0,0.0,83.5,Below Target,Near Compliant,Slightly Delayed,False
GOV-0003415,2024,5,May,Q2,2024-05-01,FAC-006,Rotterdam Hub,Netherlands,Europe,Human Rights,54.55,88.93,4,3,1,36.7,2.62,0,0.0,80.74,Below Target,Near Compliant,Slightly Delayed,False
GOV-0003416,2024,5,May,Q2,2024-05-01,FAC-006,Rotterdam Hub,Netherlands,Europe,Whistleblower,49.38,89.69,2,1,1,34.3,2.74,1,0.0,80.44,Below Target,Near Compliant,Slightly Delayed,False
GOV-0003417,2024,5,May,Q2,2024-05-01,FAC-006,Rotterdam Hub,Netherlands,Europe,Code of Conduct,50.68,90.05,2,1,1,37.8,3.39,0,0.0,83.01,Below Target,Near Compliant,Slightly Delayed,False
GOV-0003418,2024,5,May,Q2,2024-05-01,FAC-006,Rotterdam Hub,Netherlands,Europe,Conflict of Interest,49.39,87.48,4,3,1,37.3,2.98,0,0.0,83.78,Below Target,Near Compliant,Slightly Delayed,False
GOV-0003419,2024,5,May,Q2,2024-05-01,FAC-006,Rotterdam Hub,Netherlands,Europe,Supplier Standards,48.48,88.21,4,3,1,37.4,2.89,0,0.0,84.02,Below Target,Near Compliant,Slightly Delayed,False
GOV-0003420,2024,5,May,Q2,2024-05-01,FAC-006,Rotterdam Hub,Netherlands,Europe,Information Security,55.74,88.61,1,0,1,39.2,2.53,0,0.0,86.35,Below Target,Near Compliant,Slightly Delayed,False
GOV-0003421,2024,5,May,Q2,2024-05-01,FAC-007,Lyon Components,France,Europe,Anti-Corruption,49.13,86.91,4,2,2,36.3,3.01,0,0.0,81.43,Below Target,Near Compliant,Slightly Delayed,False
GOV-0003422,2024,5,May,Q2,2024-05-01,FAC-007,Lyon Components,France,Europe,Data Privacy,50.55,85.08,2,1,1,38.6,2.97,0,0.0,82.34,Below Target,Near Compliant,Slightly Delayed,False
GOV-0003423,2024,5,May,Q2,2024-05-01,FAC-007,Lyon Components,France,Europe,Environmental,50.63,86.5,5,4,1,38.4,2.68,1,0.0,81.81,Below Target,Near Compliant,Slightly Delayed,False
GOV-0003424,2024,5,May,Q2,2024-05-01,FAC-007,Lyon Components,France,Europe,Health & Safety,54.98,87.58,1,0,1,40.4,2.69,0,0.0,80.94,Below Target,Near Compliant,Slightly Delayed,False
GOV-0003425,2024,5,May,Q2,2024-05-01,FAC-007,Lyon Components,France,Europe,Human Rights,52.42,84.08,4,3,1,43.3,2.77,0,0.0,84.46,Below Target,Non-Compliant,Slightly Delayed,False
GOV-0003426,2024,5,May,Q2,2024-05-01,FAC-007,Lyon Components,France,Europe,Whistleblower,58.69,86.19,1,0,1,36.9,3.28,0,0.0,81.87,Below Target,Near Compliant,Slightly Delayed,False
GOV-0003427,2024,5,May,Q2,2024-05-01,FAC-007,Lyon Components,France,Europe,Code of Conduct,58.7,85.1,1,0,1,40.8,3.25,0,58790.65,82.16,Below Target,Near Compliant,Slightly Delayed,True
GOV-0003428,2024,5,May,Q2,2024-05-01,FAC-007,Lyon Components,France,Europe,Conflict of Interest,52.59,83.27,0,0,0,39.2,2.96,0,0.0,87.54,Below Target,Non-Compliant,Slightly Delayed,False
GOV-0003429,2024,5,May,Q2,2024-05-01,FAC-007,Lyon Components,France,Europe,Supplier Standards,51.76,87.09,3,2,1,38.3,3.37,0,0.0,82.31,Below Target,Near Compliant,Slightly Delayed,False
GOV-0003430,2024,5,May,Q2,2024-05-01,FAC-007,Lyon Components,France,Europe,Information Security,48.95,89.25,0,0,0,39.9,3.08,0,0.0,81.59,Below Target,Near Compliant,Slightly Delayed,False
GOV-0003431,2024,5,May,Q2,2024-05-01,FAC-008,Shanghai Manufacturing,China,Asia Pacific,Anti-Corruption,49.05,83.93,1,0,1,36.2,3.41,0,0.0,84.34,Below Target,Non-Compliant,Slightly Delayed,False
GOV-0003432,2024,5,May,Q2,2024-05-01,FAC-008,Shanghai Manufacturing,China,Asia Pacific,Data Privacy,50.62,86.75,3,2,1,44.2,3.02,0,0.0,81.95,Below Target,Near Compliant,Slightly Delayed,False
GOV-0003433,2024,5,May,Q2,2024-05-01,FAC-008,Shanghai Manufacturing,China,Asia Pacific,Environmental,50.92,89.45,3,2,1,35.9,3.29,0,0.0,81.38,Below Target,Near Compliant,Slightly Delayed,False
GOV-0003434,2024,5,May,Q2,2024-05-01,FAC-008,Shanghai Manufacturing,China,Asia Pacific,Health & Safety,53.39,87.83,0,0,0,38.0,2.61,0,0.0,87.96,Below Target,Near Compliant,Slightly Delayed,False
GOV-0003435,2024,5,May,Q2,2024-05-01,FAC-008,Shanghai Manufacturing,China,Asia Pacific,Human Rights,56.58,85.21,2,1,1,41.3,3.22,1,0.0,79.63,Below Target,Near Compliant,Slightly Delayed,False
GOV-0003436,2024,5,May,Q2,2024-05-01,FAC-008,Shanghai Manufacturing,China,Asia Pacific,Whistleblower,50.34,86.89,0,0,0,40.4,2.91,0,0.0,83.67,Below Target,Near Compliant,Slightly Delayed,False
GOV-0003437,2024,5,May,Q2,2024-05-01,FAC-008,Shanghai Manufacturing,China,Asia Pacific,Code of Conduct,56.85,84.42,2,1,1,43.1,3.18,0,0.0,85.7,Below Target,Non-Compliant,Slightly Delayed,False
GOV-0003438,2024,5,May,Q2,2024-05-01,FAC-008,Shanghai Manufacturing,China,Asia Pacific,Conflict of Interest,49.86,88.25,3,2,1,35.1,2.29,0,0.0,82.27,Below Target,Near Compliant,Slightly Delayed,False
GOV-0003439,2024,5,May,Q2,2024-05-01,FAC-008,Shanghai Manufacturing,China,Asia Pacific,Supplier Standards,54.76,88.4,0,0,0,37.6,2.77,0,0.0,84.43,Below Target,Near Compliant,Slightly Delayed,False
GOV-0003440,2024,5,May,Q2,2024-05-01,FAC-008,Shanghai Manufacturing,China,Asia Pacific,Information Security,55.04,87.25,1,0,1,44.4,2.8,0,0.0,83.87,Below Target,Near Compliant,Slightly Delayed,False
GOV-0003441,2024,5,May,Q2,2024-05-01,FAC-009,Bangalore Tech Centre,India,Asia Pacific,Anti-Corruption,50.67,89.75,1,0,1,35.6,3.21,0,0.0,86.32,Below Target,Near Compliant,Slightly Delayed,False
GOV-0003442,2024,5,May,Q2,2024-05-01,FAC-009,Bangalore Tech Centre,India,Asia Pacific,Data Privacy,53.46,86.15,5,3,2,38.6,3.34,0,0.0,85.71,Below Target,Near Compliant,Slightly Delayed,False
GOV-0003443,2024,5,May,Q2,2024-05-01,FAC-009,Bangalore Tech Centre,India,Asia Pacific,Environmental,52.97,84.84,5,3,2,42.2,3.17,0,0.0,81.44,Below Target,Non-Compliant,Slightly Delayed,False
GOV-0003444,2024,5,May,Q2,2024-05-01,FAC-009,Bangalore Tech Centre,India,Asia Pacific,Health & Safety,56.87,85.79,5,3,2,40.9,3.13,0,0.0,79.13,Below Target,Near Compliant,Slightly Delayed,False
GOV-0003445,2024,5,May,Q2,2024-05-01,FAC-009,Bangalore Tech Centre,India,Asia Pacific,Human Rights,50.35,84.16,2,1,1,40.3,3.62,0,0.0,81.1,Below Target,Non-Compliant,Slightly Delayed,False
GOV-0003446,2024,5,May,Q2,2024-05-01,FAC-009,Bangalore Tech Centre,India,Asia Pacific,Whistleblower,53.05,87.31,3,2,1,42.6,2.85,0,0.0,79.14,Below Target,Near Compliant,Slightly Delayed,False
GOV-0003447,2024,5,May,Q2,2024-05-01,FAC-009,Bangalore Tech Centre,India,Asia Pacific,Code of Conduct,54.55,85.61,2,1,1,37.9,2.78,0,0.0,82.96,Below Target,Near Compliant,Slightly Delayed,False
GOV-0003448,2024,5,May,Q2,2024-05-01,FAC-009,Bangalore Tech Centre,India,Asia Pacific,Conflict of Interest,52.43,90.34,1,0,1,46.2,2.93,0,0.0,82.63,Below Target,Near Compliant,Significantly Delayed,False
GOV-0003449,2024,5,May,Q2,2024-05-01,FAC-009,Bangalore Tech Centre,India,Asia Pacific,Supplier Standards,51.77,84.95,3,2,1,34.2,3.11,0,67526.3,82.3,Below Target,Non-Compliant,Slightly Delayed,True
GOV-0003450,2024,5,May,Q2,2024-05-01,FAC-009,Bangalore Tech Centre,India,Asia Pacific,Information Security,53.81,85.59,0,0,0,38.9,2.87,0,0.0,82.92,Below Target,Near Compliant,Slightly Delayed,False
GOV-0003451,2024,5,May,Q2,2024-05-01,FAC-010,Singapore Distribution,Singapore,Asia Pacific,Anti-Corruption,52.72,88.95,3,1,2,37.4,2.92,0,0.0,83.47,Below Target,Near Compliant,Slightly Delayed,False
GOV-0003452,2024,5,May,Q2,2024-05-01,FAC-010,Singapore Distribution,Singapore,Asia Pacific,Data Privacy,54.55,86.72,1,0,1,37.6,3.29,0,0.0,84.49,Below Target,Near Compliant,Slightly Delayed,False
GOV-0003453,2024,5,May,Q2,2024-05-01,FAC-010,Singapore Distribution,Singapore,Asia Pacific,Environmental,47.96,90.5,3,2,1,42.3,3.18,0,0.0,85.32,Below Target,Near Compliant,Slightly Delayed,False
GOV-0003454,2024,5,May,Q2,2024-05-01,FAC-010,Singapore Distribution,Singapore,Asia Pacific,Health & Safety,55.75,89.88,0,0,0,40.3,2.85,0,0.0,82.4,Below Target,Near Compliant,Slightly Delayed,False
GOV-0003455,2024,5,May,Q2,2024-05-01,FAC-010,Singapore Distribution,Singapore,Asia Pacific,Human Rights,53.01,85.24,0,0,0,38.3,2.85,0,0.0,82.66,Below Target,Near Compliant,Slightly Delayed,False
GOV-0003456,2024,5,May,Q2,2024-05-01,FAC-010,Singapore Distribution,Singapore,Asia Pacific,Whistleblower,56.02,90.48,2,1,1,38.8,2.81,0,0.0,82.47,Below Target,Near Compliant,Slightly Delayed,False
GOV-0003457,2024,5,May,Q2,2024-05-01,FAC-010,Singapore Distribution,Singapore,Asia Pacific,Code of Conduct,52.31,89.3,0,0,0,33.1,3.14,0,0.0,83.88,Below Target,Near Compliant,Slightly Delayed,False
GOV-0003458,2024,5,May,Q2,2024-05-01,FAC-010,Singapore Distribution,Singapore,Asia Pacific,Conflict of Interest,49.72,87.09,2,1,1,38.6,2.98,0,0.0,80.64,Below Target,Near Compliant,Slightly Delayed,False
GOV-0003459,2024,5,May,Q2,2024-05-01,FAC-010,Singapore Distribution,Singapore,Asia Pacific,Supplier Standards,56.27,86.18,5,3,2,40.7,3.37,0,0.0,84.69,Below Target,Near Compliant,Slightly Delayed,False
GOV-0003460,2024,5,May,Q2,2024-05-01,FAC-010,Singapore Distribution,Singapore,Asia Pacific,Information Security,55.85,87.14,5,3,2,40.6,3.38,0,0.0,86.21,Below Target,Near Compliant,Slightly Delayed,False
GOV-0003461,2024,5,May,Q2,2024-05-01,FAC-011,Monterrey Plant,Mexico,Latin America,Anti-Corruption,55.08,89.12,3,2,1,41.4,2.58,0,0.0,82.7,Below Target,Near Compliant,Slightly Delayed,False
GOV-0003462,2024,5,May,Q2,2024-05-01,FAC-011,Monterrey Plant,Mexico,Latin America,Data Privacy,50.97,92.75,0,0,0,41.0,2.34,0,0.0,82.73,Below Target,Near Compliant,Slightly Delayed,False
GOV-0003463,2024,5,May,Q2,2024-05-01,FAC-011,Monterrey Plant,Mexico,Latin America,Environmental,51.25,90.1,5,4,1,41.5,3.24,0,0.0,77.21,Below Target,Near Compliant,Slightly Delayed,False
GOV-0003464,2024,5,May,Q2,2024-05-01,FAC-011,Monterrey Plant,Mexico,Latin America,Health & Safety,54.64,86.71,3,2,1,41.0,2.94,0,0.0,87.22,Below Target,Near Compliant,Slightly Delayed,False
GOV-0003465,2024,5,May,Q2,2024-05-01,FAC-011,Monterrey Plant,Mexico,Latin America,Human Rights,50.8,88.09,5,3,2,39.0,3.16,0,0.0,83.74,Below Target,Near Compliant,Slightly Delayed,False
GOV-0003466,2024,5,May,Q2,2024-05-01,FAC-011,Monterrey Plant,Mexico,Latin America,Whistleblower,53.79,87.89,4,2,2,45.5,3.16,0,0.0,83.14,Below Target,Near Compliant,Significantly Delayed,False
GOV-0003467,2024,5,May,Q2,2024-05-01,FAC-011,Monterrey Plant,Mexico,Latin America,Code of Conduct,55.09,92.14,3,2,1,37.4,3.04,0,0.0,83.39,Below Target,Near Compliant,Slightly Delayed,False
GOV-0003468,2024,5,May,Q2,2024-05-01,FAC-011,Monterrey Plant,Mexico,Latin America,Conflict of Interest,49.57,87.66,4,3,1,41.0,3.14,0,20595.76,81.7,Below Target,Near Compliant,Slightly Delayed,True
GOV-0003469,2024,5,May,Q2,2024-05-01,FAC-011,Monterrey Plant,Mexico,Latin America,Supplier Standards,52.87,82.37,5,3,2,37.4,2.52,0,0.0,85.87,Below Target,Non-Compliant,Slightly Delayed,False
GOV-0003470,2024,5,May,Q2,2024-05-01,FAC-011,Monterrey Plant,Mexico,Latin America,Information Security,55.96,84.46,1,0,1,38.1,3.22,0,0.0,84.22,Below Target,Non-Compliant,Slightly Delayed,False
GOV-0003471,2024,5,May,Q2,2024-05-01,FAC-012,Sao Paulo Operations,Brazil,Latin America,Anti-Corruption,51.91,85.45,5,4,1,43.2,2.91,0,0.0,80.07,Below Target,Near Compliant,Slightly Delayed,False
GOV-0003472,2024,5,May,Q2,2024-05-01,FAC-012,Sao Paulo Operations,Brazil,Latin America,Data Privacy,55.06,89.82,3,1,2,42.1,2.83,0,0.0,81.98,Below Target,Near Compliant,Slightly Delayed,False
GOV-0003473,2024,5,May,Q2,2024-05-01,FAC-012,Sao Paulo Operations,Brazil,Latin America,Environmental,55.36,84.63,1,0,1,39.2,3.12,0,0.0,86.53,Below Target,Non-Compliant,Slightly Delayed,False
GOV-0003474,2024,5,May,Q2,2024-05-01,FAC-012,Sao Paulo Operations,Brazil,Latin America,Health & Safety,50.92,90.21,3,2,1,49.0,2.45,0,0.0,91.22,Below Target,Near Compliant,Significantly Delayed,False
GOV-0003475,2024,5,May,Q2,2024-05-01,FAC-012,Sao Paulo Operations,Brazil,Latin America,Human Rights,55.32,87.95,5,3,2,42.7,3.08,0,0.0,78.92,Below Target,Near Compliant,Slightly Delayed,False
GOV-0003476,2024,5,May,Q2,2024-05-01,FAC-012,Sao Paulo Operations,Brazil,Latin America,Whistleblower,52.67,89.54,1,0,1,39.6,2.66,0,0.0,81.96,Below Target,Near Compliant,Slightly Delayed,False
GOV-0003477,2024,5,May,Q2,2024-05-01,FAC-012,Sao Paulo Operations,Brazil,Latin America,Code of Conduct,55.35,88.62,3,1,2,41.2,3.03,0,0.0,83.45,Below Target,Near Compliant,Slightly Delayed,False
GOV-0003478,2024,5,May,Q2,2024-05-01,FAC-012,Sao Paulo Operations,Brazil,Latin America,Conflict of Interest,51.08,88.49,5,3,2,33.1,2.95,0,0.0,76.82,Below Target,Near Compliant,Slightly Delayed,False
GOV-0003479,2024,5,May,Q2,2024-05-01,FAC-012,Sao Paulo Operations,Brazil,Latin America,Supplier Standards,55.2,90.67,5,3,2,39.7,2.97,0,0.0,85.27,Below Target,Near Compliant,Slightly Delayed,False
GOV-0003480,2024,5,May,Q2,2024-05-01,FAC-012,Sao Paulo Operations,Brazil,Latin America,Information Security,53.54,88.79,4,2,2,42.2,2.61,0,0.0,80.59,Below Target,Near Compliant,Slightly Delayed,False
GOV-0003481,2024,6,June,Q2,2024-06-01,FAC-001,Chicago Main Plant,USA,North America,Anti-Corruption,54.32,90.01,2,1,1,39.6,3.28,0,0.0,79.79,Below Target,Near Compliant,Slightly Delayed,False
GOV-0003482,2024,6,June,Q2,2024-06-01,FAC-001,Chicago Main Plant,USA,North America,Data Privacy,50.14,85.81,1,0,1,35.3,2.43,0,0.0,81.4,Below Target,Near Compliant,Slightly Delayed,False
GOV-0003483,2024,6,June,Q2,2024-06-01,FAC-001,Chicago Main Plant,USA,North America,Environmental,54.34,91.16,4,3,1,35.8,2.95,0,0.0,85.74,Below Target,Near Compliant,Slightly Delayed,False
GOV-0003484,2024,6,June,Q2,2024-06-01,FAC-001,Chicago Main Plant,USA,North America,Health & Safety,56.04,85.56,5,3,2,42.0,3.22,0,0.0,80.79,Below Target,Near Compliant,Slightly Delayed,False
GOV-0003485,2024,6,June,Q2,2024-06-01,FAC-001,Chicago Main Plant,USA,North America,Human Rights,52.5,87.41,5,4,1,41.3,3.1,0,0.0,79.37,Below Target,Near Compliant,Slightly Delayed,False
GOV-0003486,2024,6,June,Q2,2024-06-01,FAC-001,Chicago Main Plant,USA,North America,Whistleblower,56.84,90.06,2,1,1,44.8,2.88,0,0.0,85.11,Below Target,Near Compliant,Slightly Delayed,False
GOV-0003487,2024,6,June,Q2,2024-06-01,FAC-001,Chicago Main Plant,USA,North America,Code of Conduct,54.32,84.54,5,3,2,34.4,3.17,0,0.0,81.23,Below Target,Non-Compliant,Slightly Delayed,False
GOV-0003488,2024,6,June,Q2,2024-06-01,FAC-001,Chicago Main Plant,USA,North America,Conflict of Interest,55.09,89.36,5,4,1,41.3,2.83,0,0.0,81.17,Below Target,Near Compliant,Slightly Delayed,False
GOV-0003489,2024,6,June,Q2,2024-06-01,FAC-001,Chicago Main Plant,USA,North America,Supplier Standards,50.38,82.75,1,0,1,41.2,2.64,0,0.0,84.98,Below Target,Non-Compliant,Slightly Delayed,False
GOV-0003490,2024,6,June,Q2,2024-06-01,FAC-001,Chicago Main Plant,USA,North America,Information Security,52.18,89.29,0,0,0,43.4,2.45,0,0.0,81.7,Below Target,Near Compliant,Slightly Delayed,False
GOV-0003491,2024,6,June,Q2,2024-06-01,FAC-002,Detroit Assembly,USA,North America,Anti-Corruption,50.68,85.24,5,3,2,37.7,3.34,0,0.0,84.22,Below Target,Near Compliant,Slightly Delayed,False
GOV-0003492,2024,6,June,Q2,2024-06-01,FAC-002,Detroit Assembly,USA,North America,Data Privacy,55.2,87.04,2,1,1,43.2,2.94,0,0.0,82.32,Below Target,Near Compliant,Slightly Delayed,False
GOV-0003493,2024,6,June,Q2,2024-06-01,FAC-002,Detroit Assembly,USA,North America,Environmental,51.82,89.18,2,1,1,43.9,3.38,0,0.0,83.73,Below Target,Near Compliant,Slightly Delayed,False
GOV-0003494,2024,6,June,Q2,2024-06-01,FAC-002,Detroit Assembly,USA,North America,Health & Safety,55.56,85.62,3,2,1,38.7,3.08,0,0.0,83.11,Below Target,Near Compliant,Slightly Delayed,False
GOV-0003495,2024,6,June,Q2,2024-06-01,FAC-002,Detroit Assembly,USA,North America,Human Rights,55.05,86.32,2,1,1,46.3,3.08,0,0.0,84.58,Below Target,Near Compliant,Significantly Delayed,False
GOV-0003496,2024,6,June,Q2,2024-06-01,FAC-002,Detroit Assembly,USA,North America,Whistleblower,52.7,87.5,4,3,1,36.2,2.38,0,0.0,83.07,Below Target,Near Compliant,Slightly Delayed,False
GOV-0003497,2024,6,June,Q2,2024-06-01,FAC-002,Detroit Assembly,USA,North America,Code of Conduct,47.39,87.75,1,0,1,43.9,2.97,0,0.0,84.85,Below Target,Near Compliant,Slightly Delayed,False
GOV-0003498,2024,6,June,Q2,2024-06-01,FAC-002,Detroit Assembly,USA,North America,Conflict of Interest,54.86,89.83,3,2,1,48.3,3.06,0,0.0,85.38,Below Target,Near Compliant,Significantly Delayed,False
GOV-0003499,2024,6,June,Q2,2024-06-01,FAC-002,Detroit Assembly,USA,North America,Supplier Standards,53.36,89.82,0,0,0,35.0,2.98,0,0.0,83.15,Below Target,Near Compliant,Slightly Delayed,False
GOV-0003500,2024,6,June,Q2,2024-06-01,FAC-002,Detroit Assembly,USA,North America,Information Security,55.34,92.4,4,3,1,39.2,3.2,0,0.0,82.69,Below Target,Near Compliant,Slightly Delayed,False
GOV-0003501,2024,6,June,Q2,2024-06-01,FAC-003,Toronto Operations,Canada,North America,Anti-Corruption,59.44,92.41,4,3,1,39.7,3.43,0,0.0,82.63,Below Target,Near Compliant,Slightly Delayed,False
GOV-0003502,2024,6,June,Q2,2024-06-01,FAC-003,Toronto Operations,Canada,North America,Data Privacy,51.03,87.94,1,0,1,40.5,2.96,0,0.0,77.91,Below Target,Near Compliant,Slightly Delayed,False
GOV-0003503,2024,6,June,Q2,2024-06-01,FAC-003,Toronto Operations,Canada,North America,Environmental,51.3,89.12,1,0,1,35.3,3.41,0,0.0,82.65,Below Target,Near Compliant,Slightly Delayed,False
GOV-0003504,2024,6,June,Q2,2024-06-01,FAC-003,Toronto Operations,Canada,North America,Health & Safety,52.98,89.59,4,3,1,43.9,3.16,0,0.0,82.72,Below Target,Near Compliant,Slightly Delayed,False
GOV-0003505,2024,6,June,Q2,2024-06-01,FAC-003,Toronto Operations,Canada,North America,Human Rights,53.66,88.36,4,3,1,32.6,3.03,0,0.0,81.34,Below Target,Near Compliant,Slightly Delayed,False
GOV-0003506,2024,6,June,Q2,2024-06-01,FAC-003,Toronto Operations,Canada,North America,Whistleblower,56.51,89.47,3,2,1,35.9,3.38,0,0.0,84.0,Below Target,Near Compliant,Slightly Delayed,False
GOV-0003507,2024,6,June,Q2,2024-06-01,FAC-003,Toronto Operations,Canada,North America,Code of Conduct,50.03,86.57,3,2,1,36.4,2.41,0,0.0,85.66,Below Target,Near Compliant,Slightly Delayed,False
GOV-0003508,2024,6,June,Q2,2024-06-01,FAC-003,Toronto Operations,Canada,North America,Conflict of Interest,51.89,89.94,3,2,1,37.7,3.25,0,0.0,84.49,Below Target,Near Compliant,Slightly Delayed,False
GOV-0003509,2024,6,June,Q2,2024-06-01,FAC-003,Toronto Operations,Canada,North America,Supplier Standards,52.77,88.54,4,3,1,37.9,3.52,0,0.0,83.35,Below Target,Near Compliant,Slightly Delayed,False
GOV-0003510,2024,6,June,Q2,2024-06-01,FAC-003,Toronto Operations,Canada,North America,Information Security,52.73,87.74,2,1,1,35.6,3.23,0,0.0,79.58,Below Target,Near Compliant,Slightly Delayed,False
GOV-0003511,2024,6,June,Q2,2024-06-01,FAC-004,Munich Precision Works,Germany,Europe,Anti-Corruption,52.09,83.68,0,0,0,29.6,3.02,0,0.0,84.37,Below Target,Non-Compliant,On Target,False
GOV-0003512,2024,6,June,Q2,2024-06-01,FAC-004,Munich Precision Works,Germany,Europe,Data Privacy,51.63,87.9,2,1,1,45.4,2.88,1,0.0,85.54,Below Target,Near Compliant,Significantly Delayed,False
GOV-0003513,2024,6,June,Q2,2024-06-01,FAC-004,Munich Precision Works,Germany,Europe,Environmental,50.57,87.82,3,2,1,45.1,3.17,0,0.0,85.25,Below Target,Near Compliant,Significantly Delayed,False
GOV-0003514,2024,6,June,Q2,2024-06-01,FAC-004,Munich Precision Works,Germany,Europe,Health & Safety,50.36,85.28,2,1,1,51.3,2.78,0,0.0,80.31,Below Target,Near Compliant,Significantly Delayed,False
GOV-0003515,2024,6,June,Q2,2024-06-01,FAC-004,Munich Precision Works,Germany,Europe,Human Rights,53.93,89.54,3,2,1,36.1,3.16,0,0.0,85.41,Below Target,Near Compliant,Slightly Delayed,False
GOV-0003516,2024,6,June,Q2,2024-06-01,FAC-004,Munich Precision Works,Germany,Europe,Whistleblower,52.94,85.34,5,4,1,41.0,2.93,0,0.0,87.24,Below Target,Near Compliant,Slightly Delayed,False
GOV-0003517,2024,6,June,Q2,2024-06-01,FAC-004,Munich Precision Works,Germany,Europe,Code of Conduct,57.19,87.09,5,4,1,43.8,3.35,0,0.0,83.97,Below Target,Near Compliant,Slightly Delayed,False
GOV-0003518,2024,6,June,Q2,2024-06-01,FAC-004,Munich Precision Works,Germany,Europe,Conflict of Interest,49.17,89.33,2,1,1,41.8,3.47,0,0.0,81.18,Below Target,Near Compliant,Slightly Delayed,False
GOV-0003519,2024,6,June,Q2,2024-06-01,FAC-004,Munich Precision Works,Germany,Europe,Supplier Standards,57.89,89.68,4,2,2,40.2,3.09,0,0.0,86.42,Below Target,Near Compliant,Slightly Delayed,False
GOV-0003520,2024,6,June,Q2,2024-06-01,FAC-004,Munich Precision Works,Germany,Europe,Information Security,53.99,87.15,4,2,2,42.1,3.01,0,0.0,81.6,Below Target,Near Compliant,Slightly Delayed,False
GOV-0003521,2024,6,June,Q2,2024-06-01,FAC-005,Stuttgart Engineering,Germany,Europe,Anti-Corruption,56.92,82.47,0,0,0,41.0,2.96,0,0.0,82.24,Below Target,Non-Compliant,Slightly Delayed,False
GOV-0003522,2024,6,June,Q2,2024-06-01,FAC-005,Stuttgart Engineering,Germany,Europe,Data Privacy,53.39,86.18,5,3,2,37.8,3.08,0,0.0,85.24,Below Target,Near Compliant,Slightly Delayed,False
GOV-0003523,2024,6,June,Q2,2024-06-01,FAC-005,Stuttgart Engineering,Germany,Europe,Environmental,52.32,88.76,3,2,1,47.7,3.35,0,0.0,86.9,Below Target,Near Compliant,Significantly Delayed,False
GOV-0003524,2024,6,June,Q2,2024-06-01,FAC-005,Stuttgart Engineering,Germany,Europe,Health & Safety,52.31,88.89,5,3,2,40.0,3.29,0,0.0,84.34,Below Target,Near Compliant,Slightly Delayed,False
GOV-0003525,2024,6,June,Q2,2024-06-01,FAC-005,Stuttgart Engineering,Germany,Europe,Human Rights,53.46,89.65,5,3,2,38.4,2.67,0,0.0,83.6,Below Target,Near Compliant,Slightly Delayed,False
GOV-0003526,2024,6,June,Q2,2024-06-01,FAC-005,Stuttgart Engineering,Germany,Europe,Whistleblower,51.74,91.08,3,2,1,34.9,3.3,0,0.0,79.14,Below Target,Near Compliant,Slightly Delayed,False
GOV-0003527,2024,6,June,Q2,2024-06-01,FAC-005,Stuttgart Engineering,Germany,Europe,Code of Conduct,50.18,87.27,1,0,1,41.2,3.14,0,0.0,85.67,Below Target,Near Compliant,Slightly Delayed,False
GOV-0003528,2024,6,June,Q2,2024-06-01,FAC-005,Stuttgart Engineering,Germany,Europe,Conflict of Interest,53.17,85.95,0,0,0,38.3,3.02,0,28649.41,85.2,Below Target,Near Compliant,Slightly Delayed,True
GOV-0003529,2024,6,June,Q2,2024-06-01,FAC-005,Stuttgart Engineering,Germany,Europe,Supplier Standards,51.94,85.61,3,2,1,39.6,2.96,0,0.0,81.36,Below Target,Near Compliant,Slightly Delayed,False
GOV-0003530,2024,6,June,Q2,2024-06-01,FAC-005,Stuttgart Engineering,Germany,Europe,Information Security,51.58,87.14,4,2,2,41.0,2.97,0,0.0,81.95,Below Target,Near Compliant,Slightly Delayed,False
GOV-0003531,2024,6,June,Q2,2024-06-01,FAC-006,Rotterdam Hub,Netherlands,Europe,Anti-Corruption,53.48,87.52,2,1,1,43.5,3.28,0,0.0,84.81,Below Target,Near Compliant,Slightly Delayed,False
GOV-0003532,2024,6,June,Q2,2024-06-01,FAC-006,Rotterdam Hub,Netherlands,Europe,Data Privacy,55.02,86.15,4,3,1,39.1,3.08,0,0.0,80.42,Below Target,Near Compliant,Slightly Delayed,False
GOV-0003533,2024,6,June,Q2,2024-06-01,FAC-006,Rotterdam Hub,Netherlands,Europe,Environmental,50.17,88.98,3,2,1,44.5,3.6,0,0.0,79.28,Below Target,Near Compliant,Slightly Delayed,False
GOV-0003534,2024,6,June,Q2,2024-06-01,FAC-006,Rotterdam Hub,Netherlands,Europe,Health & Safety,53.44,84.52,4,3,1,42.0,3.3,0,0.0,86.13,Below Target,Non-Compliant,Slightly Delayed,False
GOV-0003535,2024,6,June,Q2,2024-06-01,FAC-006,Rotterdam Hub,Netherlands,Europe,Human Rights,53.83,85.72,1,0,1,33.9,2.8,0,0.0,83.6,Below Target,Near Compliant,Slightly Delayed,False
GOV-0003536,2024,6,June,Q2,2024-06-01,FAC-006,Rotterdam Hub,Netherlands,Europe,Whistleblower,53.37,89.9,3,2,1,36.1,2.91,1,0.0,80.85,Below Target,Near Compliant,Slightly Delayed,False
GOV-0003537,2024,6,June,Q2,2024-06-01,FAC-006,Rotterdam Hub,Netherlands,Europe,Code of Conduct,54.96,89.36,0,0,0,45.2,3.46,0,0.0,82.17,Below Target,Near Compliant,Significantly Delayed,False
GOV-0003538,2024,6,June,Q2,2024-06-01,FAC-006,Rotterdam Hub,Netherlands,Europe,Conflict of Interest,52.8,86.96,4,3,1,38.2,2.46,0,0.0,77.67,Below Target,Near Compliant,Slightly Delayed,False
GOV-0003539,2024,6,June,Q2,2024-06-01,FAC-006,Rotterdam Hub,Netherlands,Europe,Supplier Standards,52.48,90.73,3,2,1,27.8,3.21,0,0.0,82.86,Below Target,Near Compliant,On Target,False
GOV-0003540,2024,6,June,Q2,2024-06-01,FAC-006,Rotterdam Hub,Netherlands,Europe,Information Security,57.7,87.16,2,1,1,38.4,3.09,0,0.0,78.76,Below Target,Near Compliant,Slightly Delayed,False
GOV-0003541,2024,6,June,Q2,2024-06-01,FAC-007,Lyon Components,France,Europe,Anti-Corruption,54.75,87.87,5,3,2,45.9,3.09,0,0.0,88.13,Below Target,Near Compliant,Significantly Delayed,False
GOV-0003542,2024,6,June,Q2,2024-06-01,FAC-007,Lyon Components,France,Europe,Data Privacy,50.48,86.24,2,1,1,39.9,3.2,0,0.0,78.17,Below Target,Near Compliant,Slightly Delayed,False
GOV-0003543,2024,6,June,Q2,2024-06-01,FAC-007,Lyon Components,France,Europe,Environmental,54.04,89.31,3,2,1,44.2,3.38,0,80211.28,85.42,Below Target,Near Compliant,Slightly Delayed,True
GOV-0003544,2024,6,June,Q2,2024-06-01,FAC-007,Lyon Components,France,Europe,Health & Safety,50.14,90.42,3,2,1,38.7,3.14,0,0.0,82.76,Below Target,Near Compliant,Slightly Delayed,False
GOV-0003545,2024,6,June,Q2,2024-06-01,FAC-007,Lyon Components,France,Europe,Human Rights,54.12,86.17,1,0,1,39.7,3.21,0,0.0,79.86,Below Target,Near Compliant,Slightly Delayed,False
GOV-0003546,2024,6,June,Q2,2024-06-01,FAC-007,Lyon Components,France,Europe,Whistleblower,54.57,92.08,3,2,1,47.5,2.48,0,0.0,82.81,Below Target,Near Compliant,Significantly Delayed,False
GOV-0003547,2024,6,June,Q2,2024-06-01,FAC-007,Lyon Components,France,Europe,Code of Conduct,52.67,90.41,2,1,1,34.2,3.18,0,0.0,82.66,Below Target,Near Compliant,Slightly Delayed,False
GOV-0003548,2024,6,June,Q2,2024-06-01,FAC-007,Lyon Components,France,Europe,Conflict of Interest,54.11,86.93,3,2,1,36.4,2.92,0,0.0,84.72,Below Target,Near Compliant,Slightly Delayed,False
GOV-0003549,2024,6,June,Q2,2024-06-01,FAC-007,Lyon Components,France,Europe,Supplier Standards,53.08,85.66,1,0,1,37.8,2.91,0,0.0,81.44,Below Target,Near Compliant,Slightly Delayed,False
GOV-0003550,2024,6,June,Q2,2024-06-01,FAC-007,Lyon Components,France,Europe,Information Security,53.66,88.82,4,3,1,42.0,3.19,0,0.0,84.78,Below Target,Near Compliant,Slightly Delayed,False
GOV-0003551,2024,6,June,Q2,2024-06-01,FAC-008,Shanghai Manufacturing,China,Asia Pacific,Anti-Corruption,55.41,86.07,1,0,1,41.7,3.39,0,0.0,83.52,Below Target,Near Compliant,Slightly Delayed,False
GOV-0003552,2024,6,June,Q2,2024-06-01,FAC-008,Shanghai Manufacturing,China,Asia Pacific,Data Privacy,52.37,90.36,4,2,2,38.5,3.44,0,0.0,80.49,Below Target,Near Compliant,Slightly Delayed,False
GOV-0003553,2024,6,June,Q2,2024-06-01,FAC-008,Shanghai Manufacturing,China,Asia Pacific,Environmental,47.64,86.1,4,3,1,45.1,2.93,0,0.0,81.04,Below Target,Near Compliant,Significantly Delayed,False
GOV-0003554,2024,6,June,Q2,2024-06-01,FAC-008,Shanghai Manufacturing,China,Asia Pacific,Health & Safety,51.34,86.97,3,2,1,40.5,3.68,0,0.0,83.42,Below Target,Near Compliant,Slightly Delayed,False
GOV-0003555,2024,6,June,Q2,2024-06-01,FAC-008,Shanghai Manufacturing,China,Asia Pacific,Human Rights,52.2,87.48,3,2,1,35.0,2.97,0,0.0,83.63,Below Target,Near Compliant,Slightly Delayed,False
GOV-0003556,2024,6,June,Q2,2024-06-01,FAC-008,Shanghai Manufacturing,China,Asia Pacific,Whistleblower,51.89,84.39,3,2,1,42.9,2.86,0,0.0,82.98,Below Target,Non-Compliant,Slightly Delayed,False
GOV-0003557,2024,6,June,Q2,2024-06-01,FAC-008,Shanghai Manufacturing,China,Asia Pacific,Code of Conduct,50.48,90.12,4,3,1,32.3,2.83,0,0.0,85.57,Below Target,Near Compliant,Slightly Delayed,False
GOV-0003558,2024,6,June,Q2,2024-06-01,FAC-008,Shanghai Manufacturing,China,Asia Pacific,Conflict of Interest,53.7,84.56,1,0,1,44.7,3.1,0,0.0,79.74,Below Target,Non-Compliant,Slightly Delayed,False
GOV-0003559,2024,6,June,Q2,2024-06-01,FAC-008,Shanghai Manufacturing,China,Asia Pacific,Supplier Standards,52.96,84.59,0,0,0,38.9,2.73,0,0.0,81.01,Below Target,Non-Compliant,Slightly Delayed,False
GOV-0003560,2024,6,June,Q2,2024-06-01,FAC-008,Shanghai Manufacturing,China,Asia Pacific,Information Security,53.52,87.65,0,0,0,42.0,2.77,0,0.0,82.94,Below Target,Near Compliant,Slightly Delayed,False
GOV-0003561,2024,6,June,Q2,2024-06-01,FAC-009,Bangalore Tech Centre,India,Asia Pacific,Anti-Corruption,51.96,86.14,4,3,1,38.7,2.56,0,0.0,80.19,Below Target,Near Compliant,Slightly Delayed,False
GOV-0003562,2024,6,June,Q2,2024-06-01,FAC-009,Bangalore Tech Centre,India,Asia Pacific,Data Privacy,51.22,85.32,5,4,1,40.3,2.82,0,0.0,83.64,Below Target,Near Compliant,Slightly Delayed,False
GOV-0003563,2024,6,June,Q2,2024-06-01,FAC-009,Bangalore Tech Centre,India,Asia Pacific,Environmental,54.23,86.94,2,1,1,40.4,2.89,0,0.0,83.9,Below Target,Near Compliant,Slightly Delayed,False
GOV-0003564,2024,6,June,Q2,2024-06-01,FAC-009,Bangalore Tech Centre,India,Asia Pacific,Health & Safety,56.65,91.43,5,4,1,39.0,2.89,0,0.0,83.13,Below Target,Near Compliant,Slightly Delayed,False
GOV-0003565,2024,6,June,Q2,2024-06-01,FAC-009,Bangalore Tech Centre,India,Asia Pacific,Human Rights,54.21,86.88,0,0,0,42.3,3.08,0,0.0,84.73,Below Target,Near Compliant,Slightly Delayed,False
GOV-0003566,2024,6,June,Q2,2024-06-01,FAC-009,Bangalore Tech Centre,India,Asia Pacific,Whistleblower,51.49,85.5,2,1,1,41.1,3.1,0,0.0,83.61,Below Target,Near Compliant,Slightly Delayed,False
GOV-0003567,2024,6,June,Q2,2024-06-01,FAC-009,Bangalore Tech Centre,India,Asia Pacific,Code of Conduct,54.04,90.56,4,2,2,39.0,2.57,0,0.0,83.33,Below Target,Near Compliant,Slightly Delayed,False
GOV-0003568,2024,6,June,Q2,2024-06-01,FAC-009,Bangalore Tech Centre,India,Asia Pacific,Conflict of Interest,49.6,90.98,5,3,2,32.6,2.54,0,0.0,81.9,Below Target,Near Compliant,Slightly Delayed,False
GOV-0003569,2024,6,June,Q2,2024-06-01,FAC-009,Bangalore Tech Centre,India,Asia Pacific,Supplier Standards,53.53,84.81,4,2,2,39.3,3.51,0,0.0,80.83,Below Target,Non-Compliant,Slightly Delayed,False
GOV-0003570,2024,6,June,Q2,2024-06-01,FAC-009,Bangalore Tech Centre,India,Asia Pacific,Information Security,54.07,84.15,3,2,1,38.1,3.36,0,0.0,82.16,Below Target,Non-Compliant,Slightly Delayed,False
GOV-0003571,2024,6,June,Q2,2024-06-01,FAC-010,Singapore Distribution,Singapore,Asia Pacific,Anti-Corruption,50.38,87.51,3,2,1,41.5,2.37,0,0.0,80.66,Below Target,Near Compliant,Slightly Delayed,False
GOV-0003572,2024,6,June,Q2,2024-06-01,FAC-010,Singapore Distribution,Singapore,Asia Pacific,Data Privacy,52.22,83.71,3,2,1,39.8,2.95,0,0.0,85.37,Below Target,Non-Compliant,Slightly Delayed,False
GOV-0003573,2024,6,June,Q2,2024-06-01,FAC-010,Singapore Distribution,Singapore,Asia Pacific,Environmental,56.07,89.07,3,2,1,41.9,2.84,0,0.0,81.79,Below Target,Near Compliant,Slightly Delayed,False
GOV-0003574,2024,6,June,Q2,2024-06-01,FAC-010,Singapore Distribution,Singapore,Asia Pacific,Health & Safety,54.76,85.25,0,0,0,39.7,2.49,0,0.0,80.11,Below Target,Near Compliant,Slightly Delayed,False
GOV-0003575,2024,6,June,Q2,2024-06-01,FAC-010,Singapore Distribution,Singapore,Asia Pacific,Human Rights,51.43,86.18,1,0,1,37.4,3.02,0,0.0,86.13,Below Target,Near Compliant,Slightly Delayed,False
GOV-0003576,2024,6,June,Q2,2024-06-01,FAC-010,Singapore Distribution,Singapore,Asia Pacific,Whistleblower,52.3,88.96,3,2,1,46.7,2.85,0,0.0,86.91,Below Target,Near Compliant,Significantly Delayed,False
GOV-0003577,2024,6,June,Q2,2024-06-01,FAC-010,Singapore Distribution,Singapore,Asia Pacific,Code of Conduct,51.69,87.4,5,3,2,34.4,3.43,0,0.0,86.75,Below Target,Near Compliant,Slightly Delayed,False
GOV-0003578,2024,6,June,Q2,2024-06-01,FAC-010,Singapore Distribution,Singapore,Asia Pacific,Conflict of Interest,51.5,86.11,0,0,0,41.8,3.09,0,0.0,83.26,Below Target,Near Compliant,Slightly Delayed,False
GOV-0003579,2024,6,June,Q2,2024-06-01,FAC-010,Singapore Distribution,Singapore,Asia Pacific,Supplier Standards,53.18,87.34,1,0,1,42.1,3.0,0,0.0,84.45,Below Target,Near Compliant,Slightly Delayed,False
GOV-0003580,2024,6,June,Q2,2024-06-01,FAC-010,Singapore Distribution,Singapore,Asia Pacific,Information Security,56.33,88.09,1,0,1,37.1,3.04,0,101754.33,83.23,Below Target,Near Compliant,Slightly Delayed,True
GOV-0003581,2024,6,June,Q2,2024-06-01,FAC-011,Monterrey Plant,Mexico,Latin America,Anti-Corruption,54.22,87.06,2,1,1,42.7,3.01,0,0.0,79.61,Below Target,Near Compliant,Slightly Delayed,False
GOV-0003582,2024,6,June,Q2,2024-06-01,FAC-011,Monterrey Plant,Mexico,Latin America,Data Privacy,53.87,90.01,3,2,1,36.3,2.96,0,0.0,82.72,Below Target,Near Compliant,Slightly Delayed,False
GOV-0003583,2024,6,June,Q2,2024-06-01,FAC-011,Monterrey Plant,Mexico,Latin America,Environmental,52.9,89.11,4,3,1,36.2,2.65,0,0.0,81.79,Below Target,Near Compliant,Slightly Delayed,False
GOV-0003584,2024,6,June,Q2,2024-06-01,FAC-011,Monterrey Plant,Mexico,Latin America,Health & Safety,51.68,91.24,2,1,1,43.0,2.91,0,0.0,79.41,Below Target,Near Compliant,Slightly Delayed,False
GOV-0003585,2024,6,June,Q2,2024-06-01,FAC-011,Monterrey Plant,Mexico,Latin America,Human Rights,50.57,89.72,0,0,0,36.2,2.9,0,0.0,83.94,Below Target,Near Compliant,Slightly Delayed,False
GOV-0003586,2024,6,June,Q2,2024-06-01,FAC-011,Monterrey Plant,Mexico,Latin America,Whistleblower,53.11,85.42,4,3,1,40.3,3.12,0,0.0,81.93,Below Target,Near Compliant,Slightly Delayed,False
GOV-0003587,2024,6,June,Q2,2024-06-01,FAC-011,Monterrey Plant,Mexico,Latin America,Code of Conduct,52.48,90.99,3,2,1,43.4,2.94,0,0.0,83.94,Below Target,Near Compliant,Slightly Delayed,False
GOV-0003588,2024,6,June,Q2,2024-06-01,FAC-011,Monterrey Plant,Mexico,Latin America,Conflict of Interest,53.34,84.68,4,3,1,41.8,2.99,0,0.0,81.3,Below Target,Non-Compliant,Slightly Delayed,False
GOV-0003589,2024,6,June,Q2,2024-06-01,FAC-011,Monterrey Plant,Mexico,Latin America,Supplier Standards,50.61,88.05,4,3,1,43.0,3.34,0,0.0,81.17,Below Target,Near Compliant,Slightly Delayed,False
GOV-0003590,2024,6,June,Q2,2024-06-01,FAC-011,Monterrey Plant,Mexico,Latin America,Information Security,48.54,88.05,5,3,2,36.6,3.36,0,0.0,83.76,Below Target,Near Compliant,Slightly Delayed,False
GOV-0003591,2024,6,June,Q2,2024-06-01,FAC-012,Sao Paulo Operations,Brazil,Latin America,Anti-Corruption,52.17,87.3,4,2,2,42.1,2.68,0,0.0,85.27,Below Target,Near Compliant,Slightly Delayed,False
GOV-0003592,2024,6,June,Q2,2024-06-01,FAC-012,Sao Paulo Operations,Brazil,Latin America,Data Privacy,54.0,85.56,5,4,1,41.8,3.0,0,0.0,85.77,Below Target,Near Compliant,Slightly Delayed,False
GOV-0003593,2024,6,June,Q2,2024-06-01,FAC-012,Sao Paulo Operations,Brazil,Latin America,Environmental,51.03,85.73,5,4,1,38.0,3.13,0,0.0,80.7,Below Target,Near Compliant,Slightly Delayed,False
GOV-0003594,2024,6,June,Q2,2024-06-01,FAC-012,Sao Paulo Operations,Brazil,Latin America,Health & Safety,51.91,85.68,1,0,1,36.1,2.54,0,0.0,86.09,Below Target,Near Compliant,Slightly Delayed,False
GOV-0003595,2024,6,June,Q2,2024-06-01,FAC-012,Sao Paulo Operations,Brazil,Latin America,Human Rights,54.31,88.66,1,0,1,45.3,2.86,0,0.0,84.89,Below Target,Near Compliant,Significantly Delayed,False
GOV-0003596,2024,6,June,Q2,2024-06-01,FAC-012,Sao Paulo Operations,Brazil,Latin America,Whistleblower,54.74,89.37,3,2,1,43.4,3.08,0,0.0,83.35,Below Target,Near Compliant,Slightly Delayed,False
GOV-0003597,2024,6,June,Q2,2024-06-01,FAC-012,Sao Paulo Operations,Brazil,Latin America,Code of Conduct,54.8,86.27,2,1,1,40.0,3.03,0,0.0,82.87,Below Target,Near Compliant,Slightly Delayed,False
GOV-0003598,2024,6,June,Q2,2024-06-01,FAC-012,Sao Paulo Operations,Brazil,Latin America,Conflict of Interest,51.35,85.43,1,0,1,43.5,3.25,0,0.0,79.87,Below Target,Near Compliant,Slightly Delayed,False
GOV-0003599,2024,6,June,Q2,2024-06-01,FAC-012,Sao Paulo Operations,Brazil,Latin America,Supplier Standards,55.63,91.24,1,0,1,35.8,3.15,0,0.0,77.45,Below Target,Near Compliant,Slightly Delayed,False
GOV-0003600,2024,6,June,Q2,2024-06-01,FAC-012,Sao Paulo Operations,Brazil,Latin America,Information Security,53.91,85.3,5,3,2,45.6,3.48,0,0.0,79.27,Below Target,Near Compliant,Significantly Delayed,False
GOV-0003601,2024,7,July,Q3,2024-07-01,FAC-001,Chicago Main Plant,USA,North America,Anti-Corruption,50.46,91.08,4,3,1,38.2,3.01,0,0.0,84.64,Below Target,Near Compliant,Slightly Delayed,False
GOV-0003602,2024,7,July,Q3,2024-07-01,FAC-001,Chicago Main Plant,USA,North America,Data Privacy,53.33,87.12,1,0,1,37.4,3.45,0,0.0,80.87,Below Target,Near Compliant,Slightly Delayed,False
GOV-0003603,2024,7,July,Q3,2024-07-01,FAC-001,Chicago Main Plant,USA,North America,Environmental,49.6,86.14,0,0,0,37.9,2.79,0,0.0,84.68,Below Target,Near Compliant,Slightly Delayed,False
GOV-0003604,2024,7,July,Q3,2024-07-01,FAC-001,Chicago Main Plant,USA,North America,Health & Safety,51.93,85.62,0,0,0,44.0,2.78,0,37701.45,83.69,Below Target,Near Compliant,Slightly Delayed,True
GOV-0003605,2024,7,July,Q3,2024-07-01,FAC-001,Chicago Main Plant,USA,North America,Human Rights,54.78,88.96,0,0,0,41.3,3.12,0,0.0,86.68,Below Target,Near Compliant,Slightly Delayed,False
GOV-0003606,2024,7,July,Q3,2024-07-01,FAC-001,Chicago Main Plant,USA,North America,Whistleblower,53.08,89.68,4,3,1,41.5,2.91,0,0.0,85.99,Below Target,Near Compliant,Slightly Delayed,False
GOV-0003607,2024,7,July,Q3,2024-07-01,FAC-001,Chicago Main Plant,USA,North America,Code of Conduct,54.39,87.26,3,1,2,38.7,2.83,0,0.0,84.33,Below Target,Near Compliant,Slightly Delayed,False
GOV-0003608,2024,7,July,Q3,2024-07-01,FAC-001,Chicago Main Plant,USA,North America,Conflict of Interest,47.13,89.93,0,0,0,43.7,3.47,0,0.0,83.41,Below Target,Near Compliant,Slightly Delayed,False
GOV-0003609,2024,7,July,Q3,2024-07-01,FAC-001,Chicago Main Plant,USA,North America,Supplier Standards,51.8,86.29,5,4,1,42.9,2.77,0,0.0,80.74,Below Target,Near Compliant,Slightly Delayed,False
GOV-0003610,2024,7,July,Q3,2024-07-01,FAC-001,Chicago Main Plant,USA,North America,Information Security,54.69,86.62,4,2,2,46.5,2.82,0,0.0,86.0,Below Target,Near Compliant,Significantly Delayed,False
GOV-0003611,2024,7,July,Q3,2024-07-01,FAC-002,Detroit Assembly,USA,North America,Anti-Corruption,50.89,87.97,4,3,1,45.7,3.17,0,0.0,81.58,Below Target,Near Compliant,Significantly Delayed,False
GOV-0003612,2024,7,July,Q3,2024-07-01,FAC-002,Detroit Assembly,USA,North America,Data Privacy,52.82,86.04,0,0,0,38.7,2.97,0,0.0,83.42,Below Target,Near Compliant,Slightly Delayed,False
GOV-0003613,2024,7,July,Q3,2024-07-01,FAC-002,Detroit Assembly,USA,North America,Environmental,54.27,89.77,1,0,1,35.4,3.28,0,0.0,79.1,Below Target,Near Compliant,Slightly Delayed,False
GOV-0003614,2024,7,July,Q3,2024-07-01,FAC-002,Detroit Assembly,USA,North America,Health & Safety,53.51,87.37,0,0,0,35.0,2.66,0,0.0,80.03,Below Target,Near Compliant,Slightly Delayed,False
GOV-0003615,2024,7,July,Q3,2024-07-01,FAC-002,Detroit Assembly,USA,North America,Human Rights,54.43,86.89,3,2,1,38.6,3.03,0,0.0,78.4,Below Target,Near Compliant,Slightly Delayed,False
GOV-0003616,2024,7,July,Q3,2024-07-01,FAC-002,Detroit Assembly,USA,North America,Whistleblower,56.21,89.49,1,0,1,49.3,3.16,0,0.0,82.98,Below Target,Near Compliant,Significantly Delayed,False
GOV-0003617,2024,7,July,Q3,2024-07-01,FAC-002,Detroit Assembly,USA,North America,Code of Conduct,52.36,87.74,4,2,2,39.8,3.42,0,0.0,82.54,Below Target,Near Compliant,Slightly Delayed,False
GOV-0003618,2024,7,July,Q3,2024-07-01,FAC-002,Detroit Assembly,USA,North America,Conflict of Interest,51.44,84.6,1,0,1,38.3,2.62,0,0.0,80.58,Below Target,Non-Compliant,Slightly Delayed,False
GOV-0003619,2024,7,July,Q3,2024-07-01,FAC-002,Detroit Assembly,USA,North America,Supplier Standards,52.34,85.83,1,0,1,43.1,2.74,0,0.0,79.46,Below Target,Near Compliant,Slightly Delayed,False
GOV-0003620,2024,7,July,Q3,2024-07-01,FAC-002,Detroit Assembly,USA,North America,Information Security,57.35,90.42,5,3,2,36.0,2.84,0,0.0,84.66,Below Target,Near Compliant,Slightly Delayed,False
GOV-0003621,2024,7,July,Q3,2024-07-01,FAC-003,Toronto Operations,Canada,North America,Anti-Corruption,51.63,87.35,2,1,1,40.1,3.0,0,0.0,81.09,Below Target,Near Compliant,Slightly Delayed,False
GOV-0003622,2024,7,July,Q3,2024-07-01,FAC-003,Toronto Operations,Canada,North America,Data Privacy,52.62,86.27,0,0,0,41.2,2.9,0,0.0,81.99,Below Target,Near Compliant,Slightly Delayed,False
GOV-0003623,2024,7,July,Q3,2024-07-01,FAC-003,Toronto Operations,Canada,North America,Environmental,53.13,88.53,4,3,1,38.6,3.14,0,0.0,83.38,Below Target,Near Compliant,Slightly Delayed,False
GOV-0003624,2024,7,July,Q3,2024-07-01,FAC-003,Toronto Operations,Canada,North America,Health & Safety,53.57,90.49,4,3,1,43.1,2.76,0,0.0,84.11,Below Target,Near Compliant,Slightly Delayed,False
GOV-0003625,2024,7,July,Q3,2024-07-01,FAC-003,Toronto Operations,Canada,North America,Human Rights,56.68,88.73,4,2,2,45.1,2.84,0,0.0,81.92,Below Target,Near Compliant,Significantly Delayed,False
GOV-0003626,2024,7,July,Q3,2024-07-01,FAC-003,Toronto Operations,Canada,North America,Whistleblower,54.4,86.14,5,4,1,39.3,2.85,0,0.0,84.68,Below Target,Near Compliant,Slightly Delayed,False
GOV-0003627,2024,7,July,Q3,2024-07-01,FAC-003,Toronto Operations,Canada,North America,Code of Conduct,52.11,90.36,1,0,1,34.6,3.19,0,0.0,85.39,Below Target,Near Compliant,Slightly Delayed,False
GOV-0003628,2024,7,July,Q3,2024-07-01,FAC-003,Toronto Operations,Canada,North America,Conflict of Interest,55.8,85.06,5,3,2,40.1,3.29,0,0.0,79.92,Below Target,Near Compliant,Slightly Delayed,False
GOV-0003629,2024,7,July,Q3,2024-07-01,FAC-003,Toronto Operations,Canada,North America,Supplier Standards,50.87,89.26,0,0,0,35.0,3.4,0,0.0,80.78,Below Target,Near Compliant,Slightly Delayed,False
GOV-0003630,2024,7,July,Q3,2024-07-01,FAC-003,Toronto Operations,Canada,North America,Information Security,51.45,87.7,1,0,1,34.9,3.4,0,56720.22,84.27,Below Target,Near Compliant,Slightly Delayed,True
GOV-0003631,2024,7,July,Q3,2024-07-01,FAC-004,Munich Precision Works,Germany,Europe,Anti-Corruption,55.2,86.58,1,0,1,34.1,3.28,0,0.0,82.51,Below Target,Near Compliant,Slightly Delayed,False
GOV-0003632,2024,7,July,Q3,2024-07-01,FAC-004,Munich Precision Works,Germany,Europe,Data Privacy,51.66,89.9,0,0,0,40.2,2.85,0,0.0,81.45,Below Target,Near Compliant,Slightly Delayed,False
GOV-0003633,2024,7,July,Q3,2024-07-01,FAC-004,Munich Precision Works,Germany,Europe,Environmental,47.93,85.48,5,4,1,36.2,2.96,0,0.0,82.88,Below Target,Near Compliant,Slightly Delayed,False
GOV-0003634,2024,7,July,Q3,2024-07-01,FAC-004,Munich Precision Works,Germany,Europe,Health & Safety,55.86,85.9,5,3,2,45.8,3.2,0,0.0,86.94,Below Target,Near Compliant,Significantly Delayed,False
GOV-0003635,2024,7,July,Q3,2024-07-01,FAC-004,Munich Precision Works,Germany,Europe,Human Rights,51.89,89.65,2,1,1,37.2,2.74,0,0.0,82.23,Below Target,Near Compliant,Slightly Delayed,False
GOV-0003636,2024,7,July,Q3,2024-07-01,FAC-004,Munich Precision Works,Germany,Europe,Whistleblower,49.93,87.74,1,0,1,33.7,3.54,0,0.0,82.24,Below Target,Near Compliant,Slightly Delayed,False
GOV-0003637,2024,7,July,Q3,2024-07-01,FAC-004,Munich Precision Works,Germany,Europe,Code of Conduct,51.21,85.57,0,0,0,45.6,2.73,0,0.0,82.35,Below Target,Near Compliant,Significantly Delayed,False
GOV-0003638,2024,7,July,Q3,2024-07-01,FAC-004,Munich Precision Works,Germany,Europe,Conflict of Interest,53.71,84.44,2,1,1,42.9,2.57,0,0.0,84.07,Below Target,Non-Compliant,Slightly Delayed,False
GOV-0003639,2024,7,July,Q3,2024-07-01,FAC-004,Munich Precision Works,Germany,Europe,Supplier Standards,53.42,88.34,2,1,1,43.8,3.15,0,13469.92,79.77,Below Target,Near Compliant,Slightly Delayed,True
GOV-0003640,2024,7,July,Q3,2024-07-01,FAC-004,Munich Precision Works,Germany,Europe,Information Security,50.01,84.78,0,0,0,42.1,3.03,0,0.0,87.0,Below Target,Non-Compliant,Slightly Delayed,False
GOV-0003641,2024,7,July,Q3,2024-07-01,FAC-005,Stuttgart Engineering,Germany,Europe,Anti-Corruption,50.59,87.44,0,0,0,38.0,2.66,0,0.0,84.06,Below Target,Near Compliant,Slightly Delayed,False
GOV-0003642,2024,7,July,Q3,2024-07-01,FAC-005,Stuttgart Engineering,Germany,Europe,Data Privacy,53.12,89.05,1,0,1,43.5,3.17,0,0.0,86.35,Below Target,Near Compliant,Slightly Delayed,False
GOV-0003643,2024,7,July,Q3,2024-07-01,FAC-005,Stuttgart Engineering,Germany,Europe,Environmental,52.04,88.33,1,0,1,35.9,2.95,0,0.0,79.12,Below Target,Near Compliant,Slightly Delayed,False
GOV-0003644,2024,7,July,Q3,2024-07-01,FAC-005,Stuttgart Engineering,Germany,Europe,Health & Safety,50.75,88.03,5,3,2,36.2,2.9,0,0.0,82.48,Below Target,Near Compliant,Slightly Delayed,False
GOV-0003645,2024,7,July,Q3,2024-07-01,FAC-005,Stuttgart Engineering,Germany,Europe,Human Rights,53.06,86.44,2,1,1,39.7,2.86,0,0.0,84.46,Below Target,Near Compliant,Slightly Delayed,False
GOV-0003646,2024,7,July,Q3,2024-07-01,FAC-005,Stuttgart Engineering,Germany,Europe,Whistleblower,54.1,88.04,2,1,1,45.3,3.29,0,0.0,86.96,Below Target,Near Compliant,Significantly Delayed,False
GOV-0003647,2024,7,July,Q3,2024-07-01,FAC-005,Stuttgart Engineering,Germany,Europe,Code of Conduct,51.54,86.69,2,1,1,39.7,3.07,0,0.0,85.01,Below Target,Near Compliant,Slightly Delayed,False
GOV-0003648,2024,7,July,Q3,2024-07-01,FAC-005,Stuttgart Engineering,Germany,Europe,Conflict of Interest,53.19,87.78,4,2,2,34.5,2.9,0,0.0,85.58,Below Target,Near Compliant,Slightly Delayed,False
GOV-0003649,2024,7,July,Q3,2024-07-01,FAC-005,Stuttgart Engineering,Germany,Europe,Supplier Standards,53.28,88.82,2,1,1,45.9,2.95,0,0.0,84.25,Below Target,Near Compliant,Significantly Delayed,False
GOV-0003650,2024,7,July,Q3,2024-07-01,FAC-005,Stuttgart Engineering,Germany,Europe,Information Security,53.07,85.25,0,0,0,40.4,3.27,0,0.0,80.72,Below Target,Near Compliant,Slightly Delayed,False
GOV-0003651,2024,7,July,Q3,2024-07-01,FAC-006,Rotterdam Hub,Netherlands,Europe,Anti-Corruption,50.32,83.94,4,2,2,39.9,3.27,0,0.0,80.94,Below Target,Non-Compliant,Slightly Delayed,False
GOV-0003652,2024,7,July,Q3,2024-07-01,FAC-006,Rotterdam Hub,Netherlands,Europe,Data Privacy,53.86,87.11,5,3,2,42.7,2.9,0,0.0,86.4,Below Target,Near Compliant,Slightly Delayed,False
GOV-0003653,2024,7,July,Q3,2024-07-01,FAC-006,Rotterdam Hub,Netherlands,Europe,Environmental,53.38,89.44,1,0,1,34.7,3.34,0,0.0,84.16,Below Target,Near Compliant,Slightly Delayed,False
GOV-0003654,2024,7,July,Q3,2024-07-01,FAC-006,Rotterdam Hub,Netherlands,Europe,Health & Safety,53.83,85.61,1,0,1,45.0,2.47,0,0.0,81.89,Below Target,Near Compliant,Slightly Delayed,False
GOV-0003655,2024,7,July,Q3,2024-07-01,FAC-006,Rotterdam Hub,Netherlands,Europe,Human Rights,53.91,90.06,0,0,0,43.8,2.89,0,0.0,81.53,Below Target,Near Compliant,Slightly Delayed,False
GOV-0003656,2024,7,July,Q3,2024-07-01,FAC-006,Rotterdam Hub,Netherlands,Europe,Whistleblower,53.46,86.88,2,1,1,41.2,3.14,1,0.0,83.94,Below Target,Near Compliant,Slightly Delayed,False
GOV-0003657,2024,7,July,Q3,2024-07-01,FAC-006,Rotterdam Hub,Netherlands,Europe,Code of Conduct,54.72,89.99,2,1,1,35.4,2.94,0,0.0,80.53,Below Target,Near Compliant,Slightly Delayed,False
GOV-0003658,2024,7,July,Q3,2024-07-01,FAC-006,Rotterdam Hub,Netherlands,Europe,Conflict of Interest,51.64,89.66,4,2,2,30.7,3.44,0,0.0,79.7,Below Target,Near Compliant,Slightly Delayed,False
GOV-0003659,2024,7,July,Q3,2024-07-01,FAC-006,Rotterdam Hub,Netherlands,Europe,Supplier Standards,52.98,86.57,5,4,1,46.8,2.85,0,0.0,86.67,Below Target,Near Compliant,Significantly Delayed,False
GOV-0003660,2024,7,July,Q3,2024-07-01,FAC-006,Rotterdam Hub,Netherlands,Europe,Information Security,55.57,89.3,2,1,1,44.5,2.9,0,0.0,80.84,Below Target,Near Compliant,Slightly Delayed,False
GOV-0003661,2024,7,July,Q3,2024-07-01,FAC-007,Lyon Components,France,Europe,Anti-Corruption,53.26,86.09,0,0,0,45.5,2.96,0,0.0,87.7,Below Target,Near Compliant,Significantly Delayed,False
GOV-0003662,2024,7,July,Q3,2024-07-01,FAC-007,Lyon Components,France,Europe,Data Privacy,52.48,87.78,1,0,1,40.7,3.07,0,105456.75,82.79,Below Target,Near Compliant,Slightly Delayed,True
GOV-0003663,2024,7,July,Q3,2024-07-01,FAC-007,Lyon Components,France,Europe,Environmental,48.77,87.62,2,1,1,36.2,2.62,0,0.0,84.27,Below Target,Near Compliant,Slightly Delayed,False
GOV-0003664,2024,7,July,Q3,2024-07-01,FAC-007,Lyon Components,France,Europe,Health & Safety,54.04,88.46,2,1,1,42.2,3.02,0,0.0,86.4,Below Target,Near Compliant,Slightly Delayed,False
GOV-0003665,2024,7,July,Q3,2024-07-01,FAC-007,Lyon Components,France,Europe,Human Rights,54.59,86.89,1,0,1,46.8,2.69,0,0.0,85.69,Below Target,Near Compliant,Significantly Delayed,False
GOV-0003666,2024,7,July,Q3,2024-07-01,FAC-007,Lyon Components,France,Europe,Whistleblower,58.17,87.67,1,0,1,40.9,2.96,0,0.0,81.31,Below Target,Near Compliant,Slightly Delayed,False
GOV-0003667,2024,7,July,Q3,2024-07-01,FAC-007,Lyon Components,France,Europe,Code of Conduct,50.33,86.99,0,0,0,40.7,3.27,0,0.0,86.44,Below Target,Near Compliant,Slightly Delayed,False
GOV-0003668,2024,7,July,Q3,2024-07-01,FAC-007,Lyon Components,France,Europe,Conflict of Interest,59.22,86.89,2,1,1,38.3,2.77,0,0.0,83.14,Below Target,Near Compliant,Slightly Delayed,False
GOV-0003669,2024,7,July,Q3,2024-07-01,FAC-007,Lyon Components,France,Europe,Supplier Standards,52.29,88.36,4,2,2,39.1,3.54,0,0.0,83.06,Below Target,Near Compliant,Slightly Delayed,False
GOV-0003670,2024,7,July,Q3,2024-07-01,FAC-007,Lyon Components,France,Europe,Information Security,57.1,91.07,5,4,1,39.2,3.2,0,0.0,81.62,Below Target,Near Compliant,Slightly Delayed,False
GOV-0003671,2024,7,July,Q3,2024-07-01,FAC-008,Shanghai Manufacturing,China,Asia Pacific,Anti-Corruption,53.42,87.17,3,2,1,40.9,3.01,0,0.0,84.62,Below Target,Near Compliant,Slightly Delayed,False
GOV-0003672,2024,7,July,Q3,2024-07-01,FAC-008,Shanghai Manufacturing,China,Asia Pacific,Data Privacy,53.49,83.44,5,3,2,39.3,2.99,0,0.0,82.77,Below Target,Non-Compliant,Slightly Delayed,False
GOV-0003673,2024,7,July,Q3,2024-07-01,FAC-008,Shanghai Manufacturing,China,Asia Pacific,Environmental,53.4,85.15,0,0,0,47.0,2.92,0,0.0,84.72,Below Target,Near Compliant,Significantly Delayed,False
GOV-0003674,2024,7,July,Q3,2024-07-01,FAC-008,Shanghai Manufacturing,China,Asia Pacific,Health & Safety,48.42,85.15,3,2,1,41.1,2.96,0,0.0,84.2,Below Target,Near Compliant,Slightly Delayed,False
GOV-0003675,2024,7,July,Q3,2024-07-01,FAC-008,Shanghai Manufacturing,China,Asia Pacific,Human Rights,52.09,89.66,3,2,1,34.4,3.28,0,0.0,85.51,Below Target,Near Compliant,Slightly Delayed,False
GOV-0003676,2024,7,July,Q3,2024-07-01,FAC-008,Shanghai Manufacturing,China,Asia Pacific,Whistleblower,55.8,85.84,2,1,1,27.2,3.15,0,0.0,83.39,Below Target,Near Compliant,On Target,False
GOV-0003677,2024,7,July,Q3,2024-07-01,FAC-008,Shanghai Manufacturing,China,Asia Pacific,Code of Conduct,55.26,90.46,3,2,1,38.3,2.82,0,0.0,82.26,Below Target,Near Compliant,Slightly Delayed,False
GOV-0003678,2024,7,July,Q3,2024-07-01,FAC-008,Shanghai Manufacturing,China,Asia Pacific,Conflict of Interest,54.61,88.75,3,1,2,44.6,2.94,0,0.0,79.59,Below Target,Near Compliant,Slightly Delayed,False
GOV-0003679,2024,7,July,Q3,2024-07-01,FAC-008,Shanghai Manufacturing,China,Asia Pacific,Supplier Standards,53.16,86.02,2,1,1,43.0,2.66,0,0.0,84.81,Below Target,Near Compliant,Slightly Delayed,False
GOV-0003680,2024,7,July,Q3,2024-07-01,FAC-008,Shanghai Manufacturing,China,Asia Pacific,Information Security,49.75,88.18,3,2,1,31.9,3.26,0,0.0,82.15,Below Target,Near Compliant,Slightly Delayed,False
GOV-0003681,2024,7,July,Q3,2024-07-01,FAC-009,Bangalore Tech Centre,India,Asia Pacific,Anti-Corruption,54.28,85.76,4,3,1,41.6,3.22,0,0.0,84.4,Below Target,Near Compliant,Slightly Delayed,False
GOV-0003682,2024,7,July,Q3,2024-07-01,FAC-009,Bangalore Tech Centre,India,Asia Pacific,Data Privacy,51.8,86.28,4,2,2,45.8,3.04,0,0.0,84.75,Below Target,Near Compliant,Significantly Delayed,False
GOV-0003683,2024,7,July,Q3,2024-07-01,FAC-009,Bangalore Tech Centre,India,Asia Pacific,Environmental,53.54,82.34,1,0,1,45.7,2.95,0,0.0,83.23,Below Target,Non-Compliant,Significantly Delayed,False
GOV-0003684,2024,7,July,Q3,2024-07-01,FAC-009,Bangalore Tech Centre,India,Asia Pacific,Health & Safety,51.14,85.1,3,2,1,42.7,2.87,0,0.0,79.57,Below Target,Near Compliant,Slightly Delayed,False
GOV-0003685,2024,7,July,Q3,2024-07-01,FAC-009,Bangalore Tech Centre,India,Asia Pacific,Human Rights,53.06,89.17,2,1,1,34.2,3.27,0,0.0,85.55,Below Target,Near Compliant,Slightly Delayed,False
GOV-0003686,2024,7,July,Q3,2024-07-01,FAC-009,Bangalore Tech Centre,India,Asia Pacific,Whistleblower,51.05,89.71,2,1,1,40.2,2.96,0,0.0,84.95,Below Target,Near Compliant,Slightly Delayed,False
GOV-0003687,2024,7,July,Q3,2024-07-01,FAC-009,Bangalore Tech Centre,India,Asia Pacific,Code of Conduct,51.84,86.82,5,3,2,40.2,3.39,0,0.0,78.55,Below Target,Near Compliant,Slightly Delayed,False
GOV-0003688,2024,7,July,Q3,2024-07-01,FAC-009,Bangalore Tech Centre,India,Asia Pacific,Conflict of Interest,55.91,89.25,2,1,1,38.5,3.03,0,0.0,80.77,Below Target,Near Compliant,Slightly Delayed,False
GOV-0003689,2024,7,July,Q3,2024-07-01,FAC-009,Bangalore Tech Centre,India,Asia Pacific,Supplier Standards,56.62,87.75,0,0,0,38.8,3.3,0,0.0,87.36,Below Target,Near Compliant,Slightly Delayed,False
GOV-0003690,2024,7,July,Q3,2024-07-01,FAC-009,Bangalore Tech Centre,India,Asia Pacific,Information Security,55.49,88.58,2,1,1,29.3,3.35,0,0.0,88.42,Below Target,Near Compliant,On Target,False
GOV-0003691,2024,7,July,Q3,2024-07-01,FAC-010,Singapore Distribution,Singapore,Asia Pacific,Anti-Corruption,54.49,89.61,0,0,0,37.5,3.36,0,0.0,85.55,Below Target,Near Compliant,Slightly Delayed,False
GOV-0003692,2024,7,July,Q3,2024-07-01,FAC-010,Singapore Distribution,Singapore,Asia Pacific,Data Privacy,50.07,88.84,0,0,0,46.8,2.67,0,0.0,83.19,Below Target,Near Compliant,Significantly Delayed,False
GOV-0003693,2024,7,July,Q3,2024-07-01,FAC-010,Singapore Distribution,Singapore,Asia Pacific,Environmental,55.33,89.88,4,3,1,37.7,2.79,0,0.0,86.59,Below Target,Near Compliant,Slightly Delayed,False
GOV-0003694,2024,7,July,Q3,2024-07-01,FAC-010,Singapore Distribution,Singapore,Asia Pacific,Health & Safety,53.14,86.99,3,2,1,36.3,3.3,0,0.0,86.16,Below Target,Near Compliant,Slightly Delayed,False
GOV-0003695,2024,7,July,Q3,2024-07-01,FAC-010,Singapore Distribution,Singapore,Asia Pacific,Human Rights,54.65,85.45,5,3,2,37.1,3.16,0,0.0,80.75,Below Target,Near Compliant,Slightly Delayed,False
GOV-0003696,2024,7,July,Q3,2024-07-01,FAC-010,Singapore Distribution,Singapore,Asia Pacific,Whistleblower,51.62,87.06,2,1,1,38.1,3.37,0,0.0,85.4,Below Target,Near Compliant,Slightly Delayed,False
GOV-0003697,2024,7,July,Q3,2024-07-01,FAC-010,Singapore Distribution,Singapore,Asia Pacific,Code of Conduct,51.13,85.43,3,2,1,43.3,3.46,0,0.0,83.89,Below Target,Near Compliant,Slightly Delayed,False
GOV-0003698,2024,7,July,Q3,2024-07-01,FAC-010,Singapore Distribution,Singapore,Asia Pacific,Conflict of Interest,55.79,82.02,2,1,1,46.4,2.86,0,0.0,82.53,Below Target,Non-Compliant,Significantly Delayed,False
GOV-0003699,2024,7,July,Q3,2024-07-01,FAC-010,Singapore Distribution,Singapore,Asia Pacific,Supplier Standards,55.95,90.2,3,2,1,43.0,2.95,0,0.0,80.81,Below Target,Near Compliant,Slightly Delayed,False
GOV-0003700,2024,7,July,Q3,2024-07-01,FAC-010,Singapore Distribution,Singapore,Asia Pacific,Information Security,53.15,86.59,5,4,1,37.5,3.11,0,0.0,83.05,Below Target,Near Compliant,Slightly Delayed,False
GOV-0003701,2024,7,July,Q3,2024-07-01,FAC-011,Monterrey Plant,Mexico,Latin America,Anti-Corruption,54.28,89.28,3,1,2,39.6,3.09,0,0.0,83.45,Below Target,Near Compliant,Slightly Delayed,False
GOV-0003702,2024,7,July,Q3,2024-07-01,FAC-011,Monterrey Plant,Mexico,Latin America,Data Privacy,55.63,89.68,2,1,1,43.8,2.91,0,0.0,82.7,Below Target,Near Compliant,Slightly Delayed,False
GOV-0003703,2024,7,July,Q3,2024-07-01,FAC-011,Monterrey Plant,Mexico,Latin America,Environmental,52.98,87.77,4,3,1,40.4,3.05,0,0.0,81.18,Below Target,Near Compliant,Slightly Delayed,False
GOV-0003704,2024,7,July,Q3,2024-07-01,FAC-011,Monterrey Plant,Mexico,Latin America,Health & Safety,58.7,89.94,0,0,0,38.4,3.08,0,0.0,82.0,Below Target,Near Compliant,Slightly Delayed,False
GOV-0003705,2024,7,July,Q3,2024-07-01,FAC-011,Monterrey Plant,Mexico,Latin America,Human Rights,50.36,88.36,0,0,0,39.9,2.92,0,0.0,80.4,Below Target,Near Compliant,Slightly Delayed,False
GOV-0003706,2024,7,July,Q3,2024-07-01,FAC-011,Monterrey Plant,Mexico,Latin America,Whistleblower,53.72,86.47,1,0,1,35.0,3.13,0,0.0,79.7,Below Target,Near Compliant,Slightly Delayed,False
GOV-0003707,2024,7,July,Q3,2024-07-01,FAC-011,Monterrey Plant,Mexico,Latin America,Code of Conduct,56.46,86.99,3,1,2,32.4,2.97,0,0.0,81.57,Below Target,Near Compliant,Slightly Delayed,False
GOV-0003708,2024,7,July,Q3,2024-07-01,FAC-011,Monterrey Plant,Mexico,Latin America,Conflict of Interest,52.5,90.19,5,4,1,45.7,2.61,0,0.0,83.11,Below Target,Near Compliant,Significantly Delayed,False
GOV-0003709,2024,7,July,Q3,2024-07-01,FAC-011,Monterrey Plant,Mexico,Latin America,Supplier Standards,58.35,84.12,4,3,1,40.2,3.31,0,0.0,86.5,Below Target,Non-Compliant,Slightly Delayed,False
GOV-0003710,2024,7,July,Q3,2024-07-01,FAC-011,Monterrey Plant,Mexico,Latin America,Information Security,49.0,83.8,3,2,1,39.0,3.1,0,0.0,82.1,Below Target,Non-Compliant,Slightly Delayed,False
GOV-0003711,2024,7,July,Q3,2024-07-01,FAC-012,Sao Paulo Operations,Brazil,Latin America,Anti-Corruption,50.47,88.28,3,2,1,38.1,2.95,0,0.0,84.0,Below Target,Near Compliant,Slightly Delayed,False
GOV-0003712,2024,7,July,Q3,2024-07-01,FAC-012,Sao Paulo Operations,Brazil,Latin America,Data Privacy,53.41,90.19,3,2,1,41.9,2.65,0,0.0,88.09,Below Target,Near Compliant,Slightly Delayed,False
GOV-0003713,2024,7,July,Q3,2024-07-01,FAC-012,Sao Paulo Operations,Brazil,Latin America,Environmental,49.62,90.22,4,2,2,44.7,2.95,0,0.0,84.18,Below Target,Near Compliant,Slightly Delayed,False
GOV-0003714,2024,7,July,Q3,2024-07-01,FAC-012,Sao Paulo Operations,Brazil,Latin America,Health & Safety,49.51,87.93,4,3,1,39.6,2.75,0,0.0,83.24,Below Target,Near Compliant,Slightly Delayed,False
GOV-0003715,2024,7,July,Q3,2024-07-01,FAC-012,Sao Paulo Operations,Brazil,Latin America,Human Rights,53.55,87.8,1,0,1,47.9,2.84,0,0.0,80.95,Below Target,Near Compliant,Significantly Delayed,False
GOV-0003716,2024,7,July,Q3,2024-07-01,FAC-012,Sao Paulo Operations,Brazil,Latin America,Whistleblower,53.71,86.57,2,1,1,43.1,2.79,0,0.0,82.17,Below Target,Near Compliant,Slightly Delayed,False
GOV-0003717,2024,7,July,Q3,2024-07-01,FAC-012,Sao Paulo Operations,Brazil,Latin America,Code of Conduct,55.71,87.05,1,0,1,38.0,2.94,0,0.0,86.84,Below Target,Near Compliant,Slightly Delayed,False
GOV-0003718,2024,7,July,Q3,2024-07-01,FAC-012,Sao Paulo Operations,Brazil,Latin America,Conflict of Interest,52.2,85.25,0,0,0,38.5,2.99,0,0.0,82.1,Below Target,Near Compliant,Slightly Delayed,False
GOV-0003719,2024,7,July,Q3,2024-07-01,FAC-012,Sao Paulo Operations,Brazil,Latin America,Supplier Standards,52.07,87.53,4,3,1,34.8,3.24,0,0.0,83.0,Below Target,Near Compliant,Slightly Delayed,False
GOV-0003720,2024,7,July,Q3,2024-07-01,FAC-012,Sao Paulo Operations,Brazil,Latin America,Information Security,49.84,87.61,5,3,2,46.3,3.06,0,0.0,83.52,Below Target,Near Compliant,Significantly Delayed,False
GOV-0003721,2024,8,August,Q3,2024-08-01,FAC-001,Chicago Main Plant,USA,North America,Anti-Corruption,51.7,89.95,1,0,1,42.1,3.1,0,0.0,87.71,Below Target,Near Compliant,Slightly Delayed,False
GOV-0003722,2024,8,August,Q3,2024-08-01,FAC-001,Chicago Main Plant,USA,North America,Data Privacy,47.28,89.18,0,0,0,39.9,3.14,0,0.0,84.64,Below Target,Near Compliant,Slightly Delayed,False
GOV-0003723,2024,8,August,Q3,2024-08-01,FAC-001,Chicago Main Plant,USA,North America,Environmental,53.96,86.77,3,2,1,42.8,2.62,0,0.0,82.03,Below Target,Near Compliant,Slightly Delayed,False
GOV-0003724,2024,8,August,Q3,2024-08-01,FAC-001,Chicago Main Plant,USA,North America,Health & Safety,51.83,88.03,5,4,1,35.7,2.9,0,0.0,83.64,Below Target,Near Compliant,Slightly Delayed,False
GOV-0003725,2024,8,August,Q3,2024-08-01,FAC-001,Chicago Main Plant,USA,North America,Human Rights,55.32,84.01,1,0,1,43.9,3.13,0,0.0,84.16,Below Target,Non-Compliant,Slightly Delayed,False
GOV-0003726,2024,8,August,Q3,2024-08-01,FAC-001,Chicago Main Plant,USA,North America,Whistleblower,49.94,90.37,3,2,1,37.4,2.69,0,0.0,83.62,Below Target,Near Compliant,Slightly Delayed,False
GOV-0003727,2024,8,August,Q3,2024-08-01,FAC-001,Chicago Main Plant,USA,North America,Code of Conduct,53.77,84.28,4,2,2,45.1,2.76,1,0.0,82.2,Below Target,Non-Compliant,Significantly Delayed,False
GOV-0003728,2024,8,August,Q3,2024-08-01,FAC-001,Chicago Main Plant,USA,North America,Conflict of Interest,51.72,85.66,1,0,1,37.0,3.25,0,76464.23,84.25,Below Target,Near Compliant,Slightly Delayed,True
GOV-0003729,2024,8,August,Q3,2024-08-01,FAC-001,Chicago Main Plant,USA,North America,Supplier Standards,51.16,86.36,2,1,1,36.9,2.87,0,0.0,84.78,Below Target,Near Compliant,Slightly Delayed,False
GOV-0003730,2024,8,August,Q3,2024-08-01,FAC-001,Chicago Main Plant,USA,North America,Information Security,51.06,89.03,5,3,2,39.0,3.11,0,0.0,80.73,Below Target,Near Compliant,Slightly Delayed,False
GOV-0003731,2024,8,August,Q3,2024-08-01,FAC-002,Detroit Assembly,USA,North America,Anti-Corruption,56.54,87.32,1,0,1,37.4,2.58,0,0.0,86.09,Below Target,Near Compliant,Slightly Delayed,False
GOV-0003732,2024,8,August,Q3,2024-08-01,FAC-002,Detroit Assembly,USA,North America,Data Privacy,54.01,90.61,3,2,1,46.7,3.02,0,0.0,80.69,Below Target,Near Compliant,Significantly Delayed,False
GOV-0003733,2024,8,August,Q3,2024-08-01,FAC-002,Detroit Assembly,USA,North America,Environmental,52.47,86.5,4,3,1,35.1,3.19,0,0.0,83.55,Below Target,Near Compliant,Slightly Delayed,False
GOV-0003734,2024,8,August,Q3,2024-08-01,FAC-002,Detroit Assembly,USA,North America,Health & Safety,47.54,86.16,3,2,1,49.6,2.72,0,0.0,82.55,Below Target,Near Compliant,Significantly Delayed,False
GOV-0003735,2024,8,August,Q3,2024-08-01,FAC-002,Detroit Assembly,USA,North America,Human Rights,52.46,90.29,1,0,1,41.8,2.97,0,0.0,82.2,Below Target,Near Compliant,Slightly Delayed,False
GOV-0003736,2024,8,August,Q3,2024-08-01,FAC-002,Detroit Assembly,USA,North America,Whistleblower,51.75,88.83,3,1,2,38.6,3.37,0,0.0,83.87,Below Target,Near Compliant,Slightly Delayed,False
GOV-0003737,2024,8,August,Q3,2024-08-01,FAC-002,Detroit Assembly,USA,North America,Code of Conduct,55.11,89.42,1,0,1,39.6,3.04,0,0.0,81.22,Below Target,Near Compliant,Slightly Delayed,False
GOV-0003738,2024,8,August,Q3,2024-08-01,FAC-002,Detroit Assembly,USA,North America,Conflict of Interest,51.78,86.46,2,1,1,40.1,2.78,0,0.0,83.55,Below Target,Near Compliant,Slightly Delayed,False
GOV-0003739,2024,8,August,Q3,2024-08-01,FAC-002,Detroit Assembly,USA,North America,Supplier Standards,51.28,89.7,2,1,1,36.2,2.64,0,0.0,79.62,Below Target,Near Compliant,Slightly Delayed,False
GOV-0003740,2024,8,August,Q3,2024-08-01,FAC-002,Detroit Assembly,USA,North America,Information Security,51.9,83.96,4,2,2,45.5,3.05,0,0.0,82.89,Below Target,Non-Compliant,Significantly Delayed,False
GOV-0003741,2024,8,August,Q3,2024-08-01,FAC-003,Toronto Operations,Canada,North America,Anti-Corruption,57.35,89.16,2,1,1,40.6,2.59,0,0.0,81.5,Below Target,Near Compliant,Slightly Delayed,False
GOV-0003742,2024,8,August,Q3,2024-08-01,FAC-003,Toronto Operations,Canada,North America,Data Privacy,48.16,87.34,2,1,1,45.6,2.94,0,0.0,81.38,Below Target,Near Compliant,Significantly Delayed,False
GOV-0003743,2024,8,August,Q3,2024-08-01,FAC-003,Toronto Operations,Canada,North America,Environmental,52.59,89.91,3,2,1,40.5,3.47,0,0.0,84.41,Below Target,Near Compliant,Slightly Delayed,False
GOV-0003744,2024,8,August,Q3,2024-08-01,FAC-003,Toronto Operations,Canada,North America,Health & Safety,48.49,86.55,1,0,1,38.7,2.89,0,0.0,82.82,Below Target,Near Compliant,Slightly Delayed,False
GOV-0003745,2024,8,August,Q3,2024-08-01,FAC-003,Toronto Operations,Canada,North America,Human Rights,53.37,85.33,1,0,1,44.9,2.85,0,0.0,79.36,Below Target,Near Compliant,Slightly Delayed,False
GOV-0003746,2024,8,August,Q3,2024-08-01,FAC-003,Toronto Operations,Canada,North America,Whistleblower,50.23,85.7,2,1,1,44.4,3.06,0,0.0,87.38,Below Target,Near Compliant,Slightly Delayed,False
GOV-0003747,2024,8,August,Q3,2024-08-01,FAC-003,Toronto Operations,Canada,North America,Code of Conduct,56.86,85.18,3,2,1,36.5,3.14,0,0.0,81.95,Below Target,Near Compliant,Slightly Delayed,False
GOV-0003748,2024,8,August,Q3,2024-08-01,FAC-003,Toronto Operations,Canada,North America,Conflict of Interest,50.13,88.14,0,0,0,35.8,2.81,0,0.0,84.02,Below Target,Near Compliant,Slightly Delayed,False
GOV-0003749,2024,8,August,Q3,2024-08-01,FAC-003,Toronto Operations,Canada,North America,Supplier Standards,50.64,85.08,1,0,1,36.4,3.27,0,0.0,82.7,Below Target,Near Compliant,Slightly Delayed,False
GOV-0003750,2024,8,August,Q3,2024-08-01,FAC-003,Toronto Operations,Canada,North America,Information Security,49.58,90.28,2,1,1,30.0,3.14,0,0.0,82.22,Below Target,Near Compliant,On Target,False
GOV-0003751,2024,8,August,Q3,2024-08-01,FAC-004,Munich Precision Works,Germany,Europe,Anti-Corruption,52.51,88.07,3,2,1,39.6,3.06,0,18645.96,83.45,Below Target,Near Compliant,Slightly Delayed,True
GOV-0003752,2024,8,August,Q3,2024-08-01,FAC-004,Munich Precision Works,Germany,Europe,Data Privacy,55.23,86.02,1,0,1,38.8,3.04,0,0.0,84.08,Below Target,Near Compliant,Slightly Delayed,False
GOV-0003753,2024,8,August,Q3,2024-08-01,FAC-004,Munich Precision Works,Germany,Europe,Environmental,48.51,88.58,0,0,0,42.2,2.96,0,0.0,86.12,Below Target,Near Compliant,Slightly Delayed,False
GOV-0003754,2024,8,August,Q3,2024-08-01,FAC-004,Munich Precision Works,Germany,Europe,Health & Safety,52.7,88.03,5,4,1,37.2,3.46,0,0.0,82.15,Below Target,Near Compliant,Slightly Delayed,False
GOV-0003755,2024,8,August,Q3,2024-08-01,FAC-004,Munich Precision Works,Germany,Europe,Human Rights,50.64,90.73,2,1,1,36.9,2.7,0,0.0,82.17,Below Target,Near Compliant,Slightly Delayed,False
GOV-0003756,2024,8,August,Q3,2024-08-01,FAC-004,Munich Precision Works,Germany,Europe,Whistleblower,54.58,86.86,4,3,1,41.5,3.32,0,0.0,85.75,Below Target,Near Compliant,Slightly Delayed,False
GOV-0003757,2024,8,August,Q3,2024-08-01,FAC-004,Munich Precision Works,Germany,Europe,Code of Conduct,53.37,88.95,2,1,1,31.8,3.02,0,0.0,83.34,Below Target,Near Compliant,Slightly Delayed,False
GOV-0003758,2024,8,August,Q3,2024-08-01,FAC-004,Munich Precision Works,Germany,Europe,Conflict of Interest,54.61,85.3,2,1,1,39.1,2.93,0,0.0,79.22,Below Target,Near Compliant,Slightly Delayed,False
GOV-0003759,2024,8,August,Q3,2024-08-01,FAC-004,Munich Precision Works,Germany,Europe,Supplier Standards,52.94,88.3,0,0,0,38.0,3.22,0,0.0,81.23,Below Target,Near Compliant,Slightly Delayed,False
GOV-0003760,2024,8,August,Q3,2024-08-01,FAC-004,Munich Precision Works,Germany,Europe,Information Security,56.41,90.64,4,3,1,42.9,3.01,0,0.0,83.73,Below Target,Near Compliant,Slightly Delayed,False
GOV-0003761,2024,8,August,Q3,2024-08-01,FAC-005,Stuttgart Engineering,Germany,Europe,Anti-Corruption,53.02,86.6,4,2,2,40.9,2.95,0,0.0,82.54,Below Target,Near Compliant,Slightly Delayed,False
GOV-0003762,2024,8,August,Q3,2024-08-01,FAC-005,Stuttgart Engineering,Germany,Europe,Data Privacy,53.4,86.67,2,1,1,40.1,2.91,0,0.0,81.12,Below Target,Near Compliant,Slightly Delayed,False
GOV-0003763,2024,8,August,Q3,2024-08-01,FAC-005,Stuttgart Engineering,Germany,Europe,Environmental,46.61,86.8,0,0,0,43.5,2.84,0,0.0,84.01,Below Target,Near Compliant,Slightly Delayed,False
GOV-0003764,2024,8,August,Q3,2024-08-01,FAC-005,Stuttgart Engineering,Germany,Europe,Health & Safety,54.09,86.44,3,1,2,39.6,2.74,0,0.0,81.05,Below Target,Near Compliant,Slightly Delayed,False
GOV-0003765,2024,8,August,Q3,2024-08-01,FAC-005,Stuttgart Engineering,Germany,Europe,Human Rights,51.69,86.65,5,3,2,42.0,3.0,0,0.0,81.52,Below Target,Near Compliant,Slightly Delayed,False
GOV-0003766,2024,8,August,Q3,2024-08-01,FAC-005,Stuttgart Engineering,Germany,Europe,Whistleblower,57.11,86.62,2,1,1,42.8,2.75,0,0.0,80.8,Below Target,Near Compliant,Slightly Delayed,False
GOV-0003767,2024,8,August,Q3,2024-08-01,FAC-005,Stuttgart Engineering,Germany,Europe,Code of Conduct,49.38,83.51,1,0,1,38.7,3.19,0,0.0,85.69,Below Target,Non-Compliant,Slightly Delayed,False
GOV-0003768,2024,8,August,Q3,2024-08-01,FAC-005,Stuttgart Engineering,Germany,Europe,Conflict of Interest,50.03,88.67,1,0,1,41.7,3.23,0,0.0,84.84,Below Target,Near Compliant,Slightly Delayed,False
GOV-0003769,2024,8,August,Q3,2024-08-01,FAC-005,Stuttgart Engineering,Germany,Europe,Supplier Standards,53.93,86.34,0,0,0,34.9,3.24,0,0.0,82.56,Below Target,Near Compliant,Slightly Delayed,False
GOV-0003770,2024,8,August,Q3,2024-08-01,FAC-005,Stuttgart Engineering,Germany,Europe,Information Security,54.61,86.36,3,2,1,41.2,2.82,0,0.0,83.39,Below Target,Near Compliant,Slightly Delayed,False
GOV-0003771,2024,8,August,Q3,2024-08-01,FAC-006,Rotterdam Hub,Netherlands,Europe,Anti-Corruption,56.49,91.13,4,2,2,39.7,2.83,0,0.0,81.22,Below Target,Near Compliant,Slightly Delayed,False
GOV-0003772,2024,8,August,Q3,2024-08-01,FAC-006,Rotterdam Hub,Netherlands,Europe,Data Privacy,55.95,89.02,3,2,1,38.5,3.17,1,0.0,85.86,Below Target,Near Compliant,Slightly Delayed,False
GOV-0003773,2024,8,August,Q3,2024-08-01,FAC-006,Rotterdam Hub,Netherlands,Europe,Environmental,50.73,85.98,2,1,1,39.7,2.84,0,0.0,85.07,Below Target,Near Compliant,Slightly Delayed,False
GOV-0003774,2024,8,August,Q3,2024-08-01,FAC-006,Rotterdam Hub,Netherlands,Europe,Health & Safety,54.86,88.25,1,0,1,35.9,3.02,0,0.0,82.99,Below Target,Near Compliant,Slightly Delayed,False
GOV-0003775,2024,8,August,Q3,2024-08-01,FAC-006,Rotterdam Hub,Netherlands,Europe,Human Rights,54.68,86.36,2,1,1,40.2,2.62,0,0.0,85.12,Below Target,Near Compliant,Slightly Delayed,False
GOV-0003776,2024,8,August,Q3,2024-08-01,FAC-006,Rotterdam Hub,Netherlands,Europe,Whistleblower,56.77,85.79,1,0,1,33.7,2.96,0,0.0,79.71,Below Target,Near Compliant,Slightly Delayed,False
GOV-0003777,2024,8,August,Q3,2024-08-01,FAC-006,Rotterdam Hub,Netherlands,Europe,Code of Conduct,51.82,87.66,5,4,1,36.2,2.74,0,0.0,79.98,Below Target,Near Compliant,Slightly Delayed,False
GOV-0003778,2024,8,August,Q3,2024-08-01,FAC-006,Rotterdam Hub,Netherlands,Europe,Conflict of Interest,52.3,89.35,1,0,1,42.2,2.88,0,0.0,87.28,Below Target,Near Compliant,Slightly Delayed,False
GOV-0003779,2024,8,August,Q3,2024-08-01,FAC-006,Rotterdam Hub,Netherlands,Europe,Supplier Standards,52.41,91.26,4,2,2,37.1,2.99,0,0.0,80.28,Below Target,Near Compliant,Slightly Delayed,False
GOV-0003780,2024,8,August,Q3,2024-08-01,FAC-006,Rotterdam Hub,Netherlands,Europe,Information Security,54.24,86.74,5,3,2,33.5,2.59,0,33753.91,86.44,Below Target,Near Compliant,Slightly Delayed,True
GOV-0003781,2024,8,August,Q3,2024-08-01,FAC-007,Lyon Components,France,Europe,Anti-Corruption,48.12,88.29,0,0,0,40.0,2.86,0,0.0,80.0,Below Target,Near Compliant,Slightly Delayed,False
GOV-0003782,2024,8,August,Q3,2024-08-01,FAC-007,Lyon Components,France,Europe,Data Privacy,54.55,85.04,2,1,1,43.8,3.12,0,0.0,84.58,Below Target,Near Compliant,Slightly Delayed,False
GOV-0003783,2024,8,August,Q3,2024-08-01,FAC-007,Lyon Components,France,Europe,Environmental,54.56,86.66,4,2,2,34.9,3.06,0,0.0,81.45,Below Target,Near Compliant,Slightly Delayed,False
GOV-0003784,2024,8,August,Q3,2024-08-01,FAC-007,Lyon Components,France,Europe,Health & Safety,55.91,85.62,2,1,1,41.6,3.21,0,0.0,82.26,Below Target,Near Compliant,Slightly Delayed,False
GOV-0003785,2024,8,August,Q3,2024-08-01,FAC-007,Lyon Components,France,Europe,Human Rights,49.01,88.96,2,1,1,42.6,2.94,0,0.0,87.08,Below Target,Near Compliant,Slightly Delayed,False
GOV-0003786,2024,8,August,Q3,2024-08-01,FAC-007,Lyon Components,France,Europe,Whistleblower,52.45,88.57,4,3,1,41.2,2.57,0,0.0,79.4,Below Target,Near Compliant,Slightly Delayed,False
GOV-0003787,2024,8,August,Q3,2024-08-01,FAC-007,Lyon Components,France,Europe,Code of Conduct,54.82,87.91,0,0,0,43.1,2.87,0,0.0,85.73,Below Target,Near Compliant,Slightly Delayed,False
GOV-0003788,2024,8,August,Q3,2024-08-01,FAC-007,Lyon Components,France,Europe,Conflict of Interest,53.68,86.78,0,0,0,39.6,3.03,0,0.0,84.99,Below Target,Near Compliant,Slightly Delayed,False
GOV-0003789,2024,8,August,Q3,2024-08-01,FAC-007,Lyon Components,France,Europe,Supplier Standards,53.73,84.69,4,3,1,35.9,3.13,0,146508.11,84.22,Below Target,Non-Compliant,Slightly Delayed,True
GOV-0003790,2024,8,August,Q3,2024-08-01,FAC-007,Lyon Components,France,Europe,Information Security,53.32,88.99,0,0,0,42.8,2.66,0,0.0,83.2,Below Target,Near Compliant,Slightly Delayed,False
GOV-0003791,2024,8,August,Q3,2024-08-01,FAC-008,Shanghai Manufacturing,China,Asia Pacific,Anti-Corruption,52.25,83.46,0,0,0,41.7,3.04,0,0.0,81.67,Below Target,Non-Compliant,Slightly Delayed,False
GOV-0003792,2024,8,August,Q3,2024-08-01,FAC-008,Shanghai Manufacturing,China,Asia Pacific,Data Privacy,52.34,89.86,3,1,2,39.8,3.28,0,0.0,84.36,Below Target,Near Compliant,Slightly Delayed,False
GOV-0003793,2024,8,August,Q3,2024-08-01,FAC-008,Shanghai Manufacturing,China,Asia Pacific,Environmental,55.0,85.52,2,1,1,38.4,3.12,0,0.0,83.68,Below Target,Near Compliant,Slightly Delayed,False
GOV-0003794,2024,8,August,Q3,2024-08-01,FAC-008,Shanghai Manufacturing,China,Asia Pacific,Health & Safety,50.2,86.57,0,0,0,39.4,3.28,0,0.0,84.78,Below Target,Near Compliant,Slightly Delayed,False
GOV-0003795,2024,8,August,Q3,2024-08-01,FAC-008,Shanghai Manufacturing,China,Asia Pacific,Human Rights,50.95,84.68,3,2,1,37.3,2.86,0,0.0,79.15,Below Target,Non-Compliant,Slightly Delayed,False
GOV-0003796,2024,8,August,Q3,2024-08-01,FAC-008,Shanghai Manufacturing,China,Asia Pacific,Whistleblower,54.71,88.51,1,0,1,45.0,3.19,0,0.0,84.53,Below Target,Near Compliant,Slightly Delayed,False
GOV-0003797,2024,8,August,Q3,2024-08-01,FAC-008,Shanghai Manufacturing,China,Asia Pacific,Code of Conduct,54.23,87.04,2,1,1,37.0,2.96,0,0.0,82.07,Below Target,Near Compliant,Slightly Delayed,False
GOV-0003798,2024,8,August,Q3,2024-08-01,FAC-008,Shanghai Manufacturing,China,Asia Pacific,Conflict of Interest,53.07,86.27,5,4,1,38.5,2.99,0,0.0,81.44,Below Target,Near Compliant,Slightly Delayed,False
GOV-0003799,2024,8,August,Q3,2024-08-01,FAC-008,Shanghai Manufacturing,China,Asia Pacific,Supplier Standards,54.13,86.01,1,0,1,38.2,2.81,0,0.0,80.05,Below Target,Near Compliant,Slightly Delayed,False
GOV-0003800,2024,8,August,Q3,2024-08-01,FAC-008,Shanghai Manufacturing,China,Asia Pacific,Information Security,54.32,86.57,1,0,1,35.2,3.1,0,0.0,79.95,Below Target,Near Compliant,Slightly Delayed,False
GOV-0003801,2024,8,August,Q3,2024-08-01,FAC-009,Bangalore Tech Centre,India,Asia Pacific,Anti-Corruption,58.41,85.77,4,2,2,33.8,2.79,0,0.0,79.92,Below Target,Near Compliant,Slightly Delayed,False
GOV-0003802,2024,8,August,Q3,2024-08-01,FAC-009,Bangalore Tech Centre,India,Asia Pacific,Data Privacy,51.68,86.59,0,0,0,41.2,2.66,0,0.0,86.87,Below Target,Near Compliant,Slightly Delayed,False
GOV-0003803,2024,8,August,Q3,2024-08-01,FAC-009,Bangalore Tech Centre,India,Asia Pacific,Environmental,55.25,86.81,1,0,1,41.4,2.98,0,0.0,85.0,Below Target,Near Compliant,Slightly Delayed,False
GOV-0003804,2024,8,August,Q3,2024-08-01,FAC-009,Bangalore Tech Centre,India,Asia Pacific,Health & Safety,51.44,86.6,1,0,1,36.2,2.59,0,0.0,81.72,Below Target,Near Compliant,Slightly Delayed,False
GOV-0003805,2024,8,August,Q3,2024-08-01,FAC-009,Bangalore Tech Centre,India,Asia Pacific,Human Rights,51.11,87.93,0,0,0,39.0,3.31,0,123506.53,86.25,Below Target,Near Compliant,Slightly Delayed,True
GOV-0003806,2024,8,August,Q3,2024-08-01,FAC-009,Bangalore Tech Centre,India,Asia Pacific,Whistleblower,51.24,88.96,5,3,2,33.7,3.43,0,0.0,83.33,Below Target,Near Compliant,Slightly Delayed,False
GOV-0003807,2024,8,August,Q3,2024-08-01,FAC-009,Bangalore Tech Centre,India,Asia Pacific,Code of Conduct,53.72,87.6,1,0,1,41.0,2.97,0,0.0,81.27,Below Target,Near Compliant,Slightly Delayed,False
GOV-0003808,2024,8,August,Q3,2024-08-01,FAC-009,Bangalore Tech Centre,India,Asia Pacific,Conflict of Interest,54.61,87.04,1,0,1,41.5,2.64,0,0.0,84.25,Below Target,Near Compliant,Slightly Delayed,False
GOV-0003809,2024,8,August,Q3,2024-08-01,FAC-009,Bangalore Tech Centre,India,Asia Pacific,Supplier Standards,53.45,90.36,5,4,1,46.8,2.81,0,0.0,84.45,Below Target,Near Compliant,Significantly Delayed,False
GOV-0003810,2024,8,August,Q3,2024-08-01,FAC-009,Bangalore Tech Centre,India,Asia Pacific,Information Security,52.21,88.34,1,0,1,40.5,2.59,0,0.0,81.8,Below Target,Near Compliant,Slightly Delayed,False
GOV-0003811,2024,8,August,Q3,2024-08-01,FAC-010,Singapore Distribution,Singapore,Asia Pacific,Anti-Corruption,50.82,89.62,2,1,1,44.3,3.17,0,0.0,80.02,Below Target,Near Compliant,Slightly Delayed,False
GOV-0003812,2024,8,August,Q3,2024-08-01,FAC-010,Singapore Distribution,Singapore,Asia Pacific,Data Privacy,50.94,87.79,1,0,1,42.2,3.38,0,0.0,85.04,Below Target,Near Compliant,Slightly Delayed,False
GOV-0003813,2024,8,August,Q3,2024-08-01,FAC-010,Singapore Distribution,Singapore,Asia Pacific,Environmental,51.43,86.37,4,3,1,43.5,2.82,1,0.0,83.36,Below Target,Near Compliant,Slightly Delayed,False
GOV-0003814,2024,8,August,Q3,2024-08-01,FAC-010,Singapore Distribution,Singapore,Asia Pacific,Health & Safety,56.31,89.92,3,1,2,40.2,2.88,0,0.0,80.02,Below Target,Near Compliant,Slightly Delayed,False
GOV-0003815,2024,8,August,Q3,2024-08-01,FAC-010,Singapore Distribution,Singapore,Asia Pacific,Human Rights,54.24,90.44,0,0,0,39.2,2.99,0,0.0,85.21,Below Target,Near Compliant,Slightly Delayed,False
GOV-0003816,2024,8,August,Q3,2024-08-01,FAC-010,Singapore Distribution,Singapore,Asia Pacific,Whistleblower,48.68,85.81,1,0,1,44.4,2.53,0,16292.22,83.1,Below Target,Near Compliant,Slightly Delayed,True
GOV-0003817,2024,8,August,Q3,2024-08-01,FAC-010,Singapore Distribution,Singapore,Asia Pacific,Code of Conduct,53.43,89.95,2,1,1,37.3,3.29,0,0.0,81.62,Below Target,Near Compliant,Slightly Delayed,False
GOV-0003818,2024,8,August,Q3,2024-08-01,FAC-010,Singapore Distribution,Singapore,Asia Pacific,Conflict of Interest,56.83,88.66,3,2,1,38.8,3.45,0,0.0,87.13,Below Target,Near Compliant,Slightly Delayed,False
GOV-0003819,2024,8,August,Q3,2024-08-01,FAC-010,Singapore Distribution,Singapore,Asia Pacific,Supplier Standards,56.76,83.45,1,0,1,42.1,3.18,0,0.0,85.19,Below Target,Non-Compliant,Slightly Delayed,False
GOV-0003820,2024,8,August,Q3,2024-08-01,FAC-010,Singapore Distribution,Singapore,Asia Pacific,Information Security,54.98,88.72,3,2,1,42.7,3.17,0,0.0,85.49,Below Target,Near Compliant,Slightly Delayed,False
GOV-0003821,2024,8,August,Q3,2024-08-01,FAC-011,Monterrey Plant,Mexico,Latin America,Anti-Corruption,50.53,88.85,2,1,1,43.1,3.02,0,0.0,80.22,Below Target,Near Compliant,Slightly Delayed,False
GOV-0003822,2024,8,August,Q3,2024-08-01,FAC-011,Monterrey Plant,Mexico,Latin America,Data Privacy,56.81,85.93,5,4,1,40.6,3.17,0,0.0,82.38,Below Target,Near Compliant,Slightly Delayed,False
GOV-0003823,2024,8,August,Q3,2024-08-01,FAC-011,Monterrey Plant,Mexico,Latin America,Environmental,49.88,87.01,0,0,0,45.0,3.25,0,0.0,81.76,Below Target,Near Compliant,Slightly Delayed,False
GOV-0003824,2024,8,August,Q3,2024-08-01,FAC-011,Monterrey Plant,Mexico,Latin America,Health & Safety,51.14,86.7,4,3,1,45.2,2.91,0,0.0,82.91,Below Target,Near Compliant,Significantly Delayed,False
GOV-0003825,2024,8,August,Q3,2024-08-01,FAC-011,Monterrey Plant,Mexico,Latin America,Human Rights,49.7,90.98,1,0,1,37.2,2.81,0,0.0,86.31,Below Target,Near Compliant,Slightly Delayed,False
GOV-0003826,2024,8,August,Q3,2024-08-01,FAC-011,Monterrey Plant,Mexico,Latin America,Whistleblower,50.5,86.48,4,2,2,41.0,3.59,0,0.0,87.78,Below Target,Near Compliant,Slightly Delayed,False
GOV-0003827,2024,8,August,Q3,2024-08-01,FAC-011,Monterrey Plant,Mexico,Latin America,Code of Conduct,57.26,88.67,5,4,1,42.2,2.68,0,0.0,85.31,Below Target,Near Compliant,Slightly Delayed,False
GOV-0003828,2024,8,August,Q3,2024-08-01,FAC-011,Monterrey Plant,Mexico,Latin America,Conflict of Interest,50.08,88.24,3,2,1,35.9,2.87,0,0.0,80.61,Below Target,Near Compliant,Slightly Delayed,False
GOV-0003829,2024,8,August,Q3,2024-08-01,FAC-011,Monterrey Plant,Mexico,Latin America,Supplier Standards,56.82,90.5,5,3,2,39.9,2.44,0,0.0,79.58,Below Target,Near Compliant,Slightly Delayed,False
GOV-0003830,2024,8,August,Q3,2024-08-01,FAC-011,Monterrey Plant,Mexico,Latin America,Information Security,52.54,86.96,2,1,1,43.4,3.14,0,0.0,83.52,Below Target,Near Compliant,Slightly Delayed,False
GOV-0003831,2024,8,August,Q3,2024-08-01,FAC-012,Sao Paulo Operations,Brazil,Latin America,Anti-Corruption,53.19,87.95,1,0,1,42.8,3.18,0,0.0,86.7,Below Target,Near Compliant,Slightly Delayed,False
GOV-0003832,2024,8,August,Q3,2024-08-01,FAC-012,Sao Paulo Operations,Brazil,Latin America,Data Privacy,51.36,86.07,3,1,2,35.7,3.1,0,0.0,82.14,Below Target,Near Compliant,Slightly Delayed,False
GOV-0003833,2024,8,August,Q3,2024-08-01,FAC-012,Sao Paulo Operations,Brazil,Latin America,Environmental,56.17,84.75,5,3,2,35.9,2.9,0,0.0,81.37,Below Target,Non-Compliant,Slightly Delayed,False
GOV-0003834,2024,8,August,Q3,2024-08-01,FAC-012,Sao Paulo Operations,Brazil,Latin America,Health & Safety,55.37,87.65,5,3,2,40.2,3.11,0,0.0,84.25,Below Target,Near Compliant,Slightly Delayed,False
GOV-0003835,2024,8,August,Q3,2024-08-01,FAC-012,Sao Paulo Operations,Brazil,Latin America,Human Rights,52.66,87.7,2,1,1,34.4,3.06,0,0.0,84.77,Below Target,Near Compliant,Slightly Delayed,False
GOV-0003836,2024,8,August,Q3,2024-08-01,FAC-012,Sao Paulo Operations,Brazil,Latin America,Whistleblower,50.3,90.08,1,0,1,41.4,3.05,0,0.0,79.83,Below Target,Near Compliant,Slightly Delayed,False
GOV-0003837,2024,8,August,Q3,2024-08-01,FAC-012,Sao Paulo Operations,Brazil,Latin America,Code of Conduct,56.99,88.14,5,3,2,43.7,2.3,0,0.0,86.74,Below Target,Near Compliant,Slightly Delayed,False
GOV-0003838,2024,8,August,Q3,2024-08-01,FAC-012,Sao Paulo Operations,Brazil,Latin America,Conflict of Interest,50.51,89.41,1,0,1,40.5,2.62,0,0.0,83.81,Below Target,Near Compliant,Slightly Delayed,False
GOV-0003839,2024,8,August,Q3,2024-08-01,FAC-012,Sao Paulo Operations,Brazil,Latin America,Supplier Standards,52.22,87.15,5,4,1,36.4,2.72,0,0.0,82.93,Below Target,Near Compliant,Slightly Delayed,False
GOV-0003840,2024,8,August,Q3,2024-08-01,FAC-012,Sao Paulo Operations,Brazil,Latin America,Information Security,48.87,88.31,4,3,1,36.4,2.87,0,0.0,78.57,Below Target,Near Compliant,Slightly Delayed,False
GOV-0003841,2024,9,September,Q3,2024-09-01,FAC-001,Chicago Main Plant,USA,North America,Anti-Corruption,49.18,89.05,1,0,1,36.0,2.84,0,0.0,86.1,Below Target,Near Compliant,Slightly Delayed,False
GOV-0003842,2024,9,September,Q3,2024-09-01,FAC-001,Chicago Main Plant,USA,North America,Data Privacy,53.32,86.85,0,0,0,42.4,3.01,0,0.0,84.73,Below Target,Near Compliant,Slightly Delayed,False
GOV-0003843,2024,9,September,Q3,2024-09-01,FAC-001,Chicago Main Plant,USA,North America,Environmental,52.12,90.34,1,0,1,38.4,3.11,0,0.0,85.69,Below Target,Near Compliant,Slightly Delayed,False
GOV-0003844,2024,9,September,Q3,2024-09-01,FAC-001,Chicago Main Plant,USA,North America,Health & Safety,51.88,86.86,3,2,1,39.2,3.28,0,0.0,85.64,Below Target,Near Compliant,Slightly Delayed,False
GOV-0003845,2024,9,September,Q3,2024-09-01,FAC-001,Chicago Main Plant,USA,North America,Human Rights,53.02,88.5,5,4,1,39.5,3.21,0,0.0,81.99,Below Target,Near Compliant,Slightly Delayed,False
GOV-0003846,2024,9,September,Q3,2024-09-01,FAC-001,Chicago Main Plant,USA,North America,Whistleblower,53.7,86.35,3,2,1,37.8,2.61,0,0.0,82.61,Below Target,Near Compliant,Slightly Delayed,False
GOV-0003847,2024,9,September,Q3,2024-09-01,FAC-001,Chicago Main Plant,USA,North America,Code of Conduct,50.17,86.99,4,3,1,39.6,3.15,0,0.0,81.11,Below Target,Near Compliant,Slightly Delayed,False
GOV-0003848,2024,9,September,Q3,2024-09-01,FAC-001,Chicago Main Plant,USA,North America,Conflict of Interest,54.19,88.53,2,1,1,41.4,2.95,0,0.0,84.39,Below Target,Near Compliant,Slightly Delayed,False
GOV-0003849,2024,9,September,Q3,2024-09-01,FAC-001,Chicago Main Plant,USA,North America,Supplier Standards,49.78,84.16,3,1,2,45.5,2.74,0,0.0,80.68,Below Target,Non-Compliant,Significantly Delayed,False
GOV-0003850,2024,9,September,Q3,2024-09-01,FAC-001,Chicago Main Plant,USA,North America,Information Security,50.46,84.36,3,1,2,41.7,3.08,0,0.0,83.48,Below Target,Non-Compliant,Slightly Delayed,False
GOV-0003851,2024,9,September,Q3,2024-09-01,FAC-002,Detroit Assembly,USA,North America,Anti-Corruption,57.9,86.37,1,0,1,47.5,3.03,0,0.0,85.58,Below Target,Near Compliant,Significantly Delayed,False
GOV-0003852,2024,9,September,Q3,2024-09-01,FAC-002,Detroit Assembly,USA,North America,Data Privacy,47.76,86.81,0,0,0,40.5,3.18,0,0.0,79.75,Below Target,Near Compliant,Slightly Delayed,False
GOV-0003853,2024,9,September,Q3,2024-09-01,FAC-002,Detroit Assembly,USA,North America,Environmental,56.07,86.82,5,4,1,37.9,3.39,0,0.0,82.78,Below Target,Near Compliant,Slightly Delayed,False
GOV-0003854,2024,9,September,Q3,2024-09-01,FAC-002,Detroit Assembly,USA,North America,Health & Safety,49.82,85.75,4,2,2,42.0,3.06,0,0.0,80.72,Below Target,Near Compliant,Slightly Delayed,False
GOV-0003855,2024,9,September,Q3,2024-09-01,FAC-002,Detroit Assembly,USA,North America,Human Rights,51.99,88.27,3,2,1,37.0,3.35,0,0.0,81.7,Below Target,Near Compliant,Slightly Delayed,False
GOV-0003856,2024,9,September,Q3,2024-09-01,FAC-002,Detroit Assembly,USA,North America,Whistleblower,55.68,88.64,2,1,1,39.2,3.61,0,0.0,82.67,Below Target,Near Compliant,Slightly Delayed,False
GOV-0003857,2024,9,September,Q3,2024-09-01,FAC-002,Detroit Assembly,USA,North America,Code of Conduct,53.49,86.09,0,0,0,41.3,2.81,0,0.0,81.91,Below Target,Near Compliant,Slightly Delayed,False
GOV-0003858,2024,9,September,Q3,2024-09-01,FAC-002,Detroit Assembly,USA,North America,Conflict of Interest,51.53,93.45,1,0,1,39.2,2.76,0,0.0,84.21,Below Target,Near Compliant,Slightly Delayed,False
GOV-0003859,2024,9,September,Q3,2024-09-01,FAC-002,Detroit Assembly,USA,North America,Supplier Standards,52.76,85.16,4,3,1,37.0,2.95,0,0.0,84.98,Below Target,Near Compliant,Slightly Delayed,False
GOV-0003860,2024,9,September,Q3,2024-09-01,FAC-002,Detroit Assembly,USA,North America,Information Security,51.42,85.75,2,1,1,39.5,3.17,0,0.0,82.77,Below Target,Near Compliant,Slightly Delayed,False
GOV-0003861,2024,9,September,Q3,2024-09-01,FAC-003,Toronto Operations,Canada,North America,Anti-Corruption,54.04,89.11,2,1,1,37.3,3.32,0,0.0,83.21,Below Target,Near Compliant,Slightly Delayed,False
GOV-0003862,2024,9,September,Q3,2024-09-01,FAC-003,Toronto Operations,Canada,North America,Data Privacy,53.61,85.23,2,1,1,35.5,3.05,0,0.0,80.98,Below Target,Near Compliant,Slightly Delayed,False
GOV-0003863,2024,9,September,Q3,2024-09-01,FAC-003,Toronto Operations,Canada,North America,Environmental,52.3,86.96,0,0,0,38.7,3.54,0,0.0,83.09,Below Target,Near Compliant,Slightly Delayed,False
GOV-0003864,2024,9,September,Q3,2024-09-01,FAC-003,Toronto Operations,Canada,North America,Health & Safety,53.23,85.63,1,0,1,45.5,3.01,0,0.0,84.59,Below Target,Near Compliant,Significantly Delayed,False
GOV-0003865,2024,9,September,Q3,2024-09-01,FAC-003,Toronto Operations,Canada,North America,Human Rights,52.99,87.86,1,0,1,42.7,3.28,0,0.0,83.18,Below Target,Near Compliant,Slightly Delayed,False
GOV-0003866,2024,9,September,Q3,2024-09-01,FAC-003,Toronto Operations,Canada,North America,Whistleblower,52.92,91.27,0,0,0,42.1,2.63,0,0.0,85.03,Below Target,Near Compliant,Slightly Delayed,False
GOV-0003867,2024,9,September,Q3,2024-09-01,FAC-003,Toronto Operations,Canada,North America,Code of Conduct,54.37,84.17,2,1,1,41.4,2.82,0,0.0,82.94,Below Target,Non-Compliant,Slightly Delayed,False
GOV-0003868,2024,9,September,Q3,2024-09-01,FAC-003,Toronto Operations,Canada,North America,Conflict of Interest,54.2,86.0,3,2,1,34.6,3.36,0,0.0,86.53,Below Target,Near Compliant,Slightly Delayed,False
GOV-0003869,2024,9,September,Q3,2024-09-01,FAC-003,Toronto Operations,Canada,North America,Supplier Standards,48.39,87.57,3,1,2,42.6,3.16,0,0.0,85.37,Below Target,Near Compliant,Slightly Delayed,False
GOV-0003870,2024,9,September,Q3,2024-09-01,FAC-003,Toronto Operations,Canada,North America,Information Security,54.45,85.9,5,4,1,48.0,3.42,0,0.0,84.6,Below Target,Near Compliant,Significantly Delayed,False
GOV-0003871,2024,9,September,Q3,2024-09-01,FAC-004,Munich Precision Works,Germany,Europe,Anti-Corruption,52.11,85.25,0,0,0,42.8,3.2,0,0.0,83.35,Below Target,Near Compliant,Slightly Delayed,False
GOV-0003872,2024,9,September,Q3,2024-09-01,FAC-004,Munich Precision Works,Germany,Europe,Data Privacy,52.27,83.73,5,4,1,40.8,3.16,0,0.0,83.71,Below Target,Non-Compliant,Slightly Delayed,False
GOV-0003873,2024,9,September,Q3,2024-09-01,FAC-004,Munich Precision Works,Germany,Europe,Environmental,50.02,90.46,1,0,1,40.2,2.98,0,0.0,85.5,Below Target,Near Compliant,Slightly Delayed,False
GOV-0003874,2024,9,September,Q3,2024-09-01,FAC-004,Munich Precision Works,Germany,Europe,Health & Safety,52.85,85.21,0,0,0,40.0,3.09,0,0.0,80.28,Below Target,Near Compliant,Slightly Delayed,False
GOV-0003875,2024,9,September,Q3,2024-09-01,FAC-004,Munich Precision Works,Germany,Europe,Human Rights,52.56,89.2,1,0,1,40.9,2.71,0,0.0,87.4,Below Target,Near Compliant,Slightly Delayed,False
GOV-0003876,2024,9,September,Q3,2024-09-01,FAC-004,Munich Precision Works,Germany,Europe,Whistleblower,55.52,87.39,2,1,1,38.5,3.29,0,0.0,83.5,Below Target,Near Compliant,Slightly Delayed,False
GOV-0003877,2024,9,September,Q3,2024-09-01,FAC-004,Munich Precision Works,Germany,Europe,Code of Conduct,55.2,86.51,1,0,1,41.5,3.14,0,0.0,84.9,Below Target,Near Compliant,Slightly Delayed,False
GOV-0003878,2024,9,September,Q3,2024-09-01,FAC-004,Munich Precision Works,Germany,Europe,Conflict of Interest,52.27,91.03,4,2,2,41.9,2.86,0,0.0,82.42,Below Target,Near Compliant,Slightly Delayed,False
GOV-0003879,2024,9,September,Q3,2024-09-01,FAC-004,Munich Precision Works,Germany,Europe,Supplier Standards,51.49,82.79,4,3,1,39.9,3.14,0,0.0,80.76,Below Target,Non-Compliant,Slightly Delayed,False
GOV-0003880,2024,9,September,Q3,2024-09-01,FAC-004,Munich Precision Works,Germany,Europe,Information Security,52.6,85.26,5,4,1,42.6,2.88,0,0.0,84.31,Below Target,Near Compliant,Slightly Delayed,False
GOV-0003881,2024,9,September,Q3,2024-09-01,FAC-005,Stuttgart Engineering,Germany,Europe,Anti-Corruption,54.23,88.67,0,0,0,44.2,2.53,0,0.0,85.22,Below Target,Near Compliant,Slightly Delayed,False
GOV-0003882,2024,9,September,Q3,2024-09-01,FAC-005,Stuttgart Engineering,Germany,Europe,Data Privacy,51.96,87.33,2,1,1,42.6,3.43,0,0.0,84.01,Below Target,Near Compliant,Slightly Delayed,False
GOV-0003883,2024,9,September,Q3,2024-09-01,FAC-005,Stuttgart Engineering,Germany,Europe,Environmental,48.9,83.27,2,1,1,32.2,3.17,0,0.0,82.75,Below Target,Non-Compliant,Slightly Delayed,False
GOV-0003884,2024,9,September,Q3,2024-09-01,FAC-005,Stuttgart Engineering,Germany,Europe,Health & Safety,54.46,87.49,5,4,1,44.0,3.0,0,0.0,82.26,Below Target,Near Compliant,Slightly Delayed,False
GOV-0003885,2024,9,September,Q3,2024-09-01,FAC-005,Stuttgart Engineering,Germany,Europe,Human Rights,51.5,88.92,5,4,1,42.2,3.17,0,0.0,83.01,Below Target,Near Compliant,Slightly Delayed,False
GOV-0003886,2024,9,September,Q3,2024-09-01,FAC-005,Stuttgart Engineering,Germany,Europe,Whistleblower,52.47,87.7,3,2,1,46.2,3.19,0,0.0,83.34,Below Target,Near Compliant,Significantly Delayed,False
GOV-0003887,2024,9,September,Q3,2024-09-01,FAC-005,Stuttgart Engineering,Germany,Europe,Code of Conduct,56.79,88.62,4,2,2,40.0,3.15,0,0.0,83.93,Below Target,Near Compliant,Slightly Delayed,False
GOV-0003888,2024,9,September,Q3,2024-09-01,FAC-005,Stuttgart Engineering,Germany,Europe,Conflict of Interest,53.7,87.99,1,0,1,36.9,2.94,0,0.0,84.13,Below Target,Near Compliant,Slightly Delayed,False
GOV-0003889,2024,9,September,Q3,2024-09-01,FAC-005,Stuttgart Engineering,Germany,Europe,Supplier Standards,52.45,87.18,2,1,1,40.4,3.22,0,0.0,78.45,Below Target,Near Compliant,Slightly Delayed,False
GOV-0003890,2024,9,September,Q3,2024-09-01,FAC-005,Stuttgart Engineering,Germany,Europe,Information Security,51.3,87.69,3,2,1,37.3,2.87,0,0.0,81.97,Below Target,Near Compliant,Slightly Delayed,False
GOV-0003891,2024,9,September,Q3,2024-09-01,FAC-006,Rotterdam Hub,Netherlands,Europe,Anti-Corruption,52.8,90.53,3,2,1,39.2,2.91,0,0.0,76.74,Below Target,Near Compliant,Slightly Delayed,False
GOV-0003892,2024,9,September,Q3,2024-09-01,FAC-006,Rotterdam Hub,Netherlands,Europe,Data Privacy,55.43,87.92,0,0,0,36.9,2.88,0,0.0,87.16,Below Target,Near Compliant,Slightly Delayed,False
GOV-0003893,2024,9,September,Q3,2024-09-01,FAC-006,Rotterdam Hub,Netherlands,Europe,Environmental,52.51,91.28,2,1,1,39.4,3.03,0,0.0,79.7,Below Target,Near Compliant,Slightly Delayed,False
GOV-0003894,2024,9,September,Q3,2024-09-01,FAC-006,Rotterdam Hub,Netherlands,Europe,Health & Safety,53.36,85.17,0,0,0,37.1,2.87,0,0.0,82.76,Below Target,Near Compliant,Slightly Delayed,False
GOV-0003895,2024,9,September,Q3,2024-09-01,FAC-006,Rotterdam Hub,Netherlands,Europe,Human Rights,49.52,89.22,3,2,1,37.9,3.11,0,28025.3,89.74,Below Target,Near Compliant,Slightly Delayed,True
GOV-0003896,2024,9,September,Q3,2024-09-01,FAC-006,Rotterdam Hub,Netherlands,Europe,Whistleblower,50.27,88.35,3,1,2,41.1,2.74,0,0.0,81.13,Below Target,Near Compliant,Slightly Delayed,False
GOV-0003897,2024,9,September,Q3,2024-09-01,FAC-006,Rotterdam Hub,Netherlands,Europe,Code of Conduct,54.28,85.84,1,0,1,40.8,3.33,0,0.0,86.15,Below Target,Near Compliant,Slightly Delayed,False
GOV-0003898,2024,9,September,Q3,2024-09-01,FAC-006,Rotterdam Hub,Netherlands,Europe,Conflict of Interest,50.78,84.78,5,4,1,37.9,2.71,0,0.0,87.08,Below Target,Non-Compliant,Slightly Delayed,False
GOV-0003899,2024,9,September,Q3,2024-09-01,FAC-006,Rotterdam Hub,Netherlands,Europe,Supplier Standards,54.04,90.44,1,0,1,39.0,2.8,0,0.0,85.72,Below Target,Near Compliant,Slightly Delayed,False
GOV-0003900,2024,9,September,Q3,2024-09-01,FAC-006,Rotterdam Hub,Netherlands,Europe,Information Security,54.32,88.45,0,0,0,39.8,2.55,0,0.0,82.35,Below Target,Near Compliant,Slightly Delayed,False
GOV-0003901,2024,9,September,Q3,2024-09-01,FAC-007,Lyon Components,France,Europe,Anti-Corruption,54.59,90.56,3,2,1,41.5,3.67,0,0.0,83.09,Below Target,Near Compliant,Slightly Delayed,False
GOV-0003902,2024,9,September,Q3,2024-09-01,FAC-007,Lyon Components,France,Europe,Data Privacy,55.76,89.9,3,2,1,37.2,2.95,0,0.0,81.33,Below Target,Near Compliant,Slightly Delayed,False
GOV-0003903,2024,9,September,Q3,2024-09-01,FAC-007,Lyon Components,France,Europe,Environmental,51.87,86.22,4,2,2,37.4,2.97,0,0.0,84.14,Below Target,Near Compliant,Slightly Delayed,False
GOV-0003904,2024,9,September,Q3,2024-09-01,FAC-007,Lyon Components,France,Europe,Health & Safety,54.81,85.13,1,0,1,44.1,3.27,0,62443.71,78.75,Below Target,Near Compliant,Slightly Delayed,True
GOV-0003905,2024,9,September,Q3,2024-09-01,FAC-007,Lyon Components,France,Europe,Human Rights,53.36,84.82,1,0,1,28.4,3.44,0,51129.91,83.45,Below Target,Non-Compliant,On Target,True
GOV-0003906,2024,9,September,Q3,2024-09-01,FAC-007,Lyon Components,France,Europe,Whistleblower,54.77,89.37,3,2,1,47.0,2.87,0,139999.4,83.39,Below Target,Near Compliant,Significantly Delayed,True
GOV-0003907,2024,9,September,Q3,2024-09-01,FAC-007,Lyon Components,France,Europe,Code of Conduct,48.4,89.95,1,0,1,50.3,3.29,0,0.0,84.47,Below Target,Near Compliant,Significantly Delayed,False
GOV-0003908,2024,9,September,Q3,2024-09-01,FAC-007,Lyon Components,France,Europe,Conflict of Interest,54.35,86.01,3,2,1,35.7,2.71,0,0.0,84.18,Below Target,Near Compliant,Slightly Delayed,False
GOV-0003909,2024,9,September,Q3,2024-09-01,FAC-007,Lyon Components,France,Europe,Supplier Standards,52.46,86.53,0,0,0,40.8,2.68,0,0.0,83.23,Below Target,Near Compliant,Slightly Delayed,False
GOV-0003910,2024,9,September,Q3,2024-09-01,FAC-007,Lyon Components,France,Europe,Information Security,48.56,90.84,1,0,1,34.7,2.64,0,0.0,83.29,Below Target,Near Compliant,Slightly Delayed,False
GOV-0003911,2024,9,September,Q3,2024-09-01,FAC-008,Shanghai Manufacturing,China,Asia Pacific,Anti-Corruption,52.72,84.72,2,1,1,39.4,2.59,0,0.0,83.83,Below Target,Non-Compliant,Slightly Delayed,False
GOV-0003912,2024,9,September,Q3,2024-09-01,FAC-008,Shanghai Manufacturing,China,Asia Pacific,Data Privacy,53.53,91.2,1,0,1,34.6,3.15,0,0.0,81.39,Below Target,Near Compliant,Slightly Delayed,False
GOV-0003913,2024,9,September,Q3,2024-09-01,FAC-008,Shanghai Manufacturing,China,Asia Pacific,Environmental,52.59,91.57,1,0,1,34.7,2.77,0,0.0,83.78,Below Target,Near Compliant,Slightly Delayed,False
GOV-0003914,2024,9,September,Q3,2024-09-01,FAC-008,Shanghai Manufacturing,China,Asia Pacific,Health & Safety,50.72,87.0,4,3,1,45.9,3.12,0,0.0,85.67,Below Target,Near Compliant,Significantly Delayed,False
GOV-0003915,2024,9,September,Q3,2024-09-01,FAC-008,Shanghai Manufacturing,China,Asia Pacific,Human Rights,54.1,90.56,5,3,2,40.3,2.97,0,0.0,84.95,Below Target,Near Compliant,Slightly Delayed,False
GOV-0003916,2024,9,September,Q3,2024-09-01,FAC-008,Shanghai Manufacturing,China,Asia Pacific,Whistleblower,51.13,87.29,3,2,1,38.9,3.05,0,0.0,82.08,Below Target,Near Compliant,Slightly Delayed,False
GOV-0003917,2024,9,September,Q3,2024-09-01,FAC-008,Shanghai Manufacturing,China,Asia Pacific,Code of Conduct,49.59,91.36,3,2,1,40.1,3.36,0,0.0,85.73,Below Target,Near Compliant,Slightly Delayed,False
GOV-0003918,2024,9,September,Q3,2024-09-01,FAC-008,Shanghai Manufacturing,China,Asia Pacific,Conflict of Interest,55.86,85.75,4,3,1,46.7,2.65,0,0.0,84.93,Below Target,Near Compliant,Significantly Delayed,False
GOV-0003919,2024,9,September,Q3,2024-09-01,FAC-008,Shanghai Manufacturing,China,Asia Pacific,Supplier Standards,54.86,87.31,3,2,1,41.7,2.57,0,0.0,80.96,Below Target,Near Compliant,Slightly Delayed,False
GOV-0003920,2024,9,September,Q3,2024-09-01,FAC-008,Shanghai Manufacturing,China,Asia Pacific,Information Security,55.11,91.01,2,1,1,37.8,2.56,0,0.0,78.95,Below Target,Near Compliant,Slightly Delayed,False
GOV-0003921,2024,9,September,Q3,2024-09-01,FAC-009,Bangalore Tech Centre,India,Asia Pacific,Anti-Corruption,55.73,90.75,5,3,2,37.3,2.83,0,0.0,85.65,Below Target,Near Compliant,Slightly Delayed,False
GOV-0003922,2024,9,September,Q3,2024-09-01,FAC-009,Bangalore Tech Centre,India,Asia Pacific,Data Privacy,50.78,86.92,1,0,1,46.6,3.28,0,0.0,86.49,Below Target,Near Compliant,Significantly Delayed,False
GOV-0003923,2024,9,September,Q3,2024-09-01,FAC-009,Bangalore Tech Centre,India,Asia Pacific,Environmental,56.03,89.49,2,1,1,47.8,3.32,0,0.0,80.65,Below Target,Near Compliant,Significantly Delayed,False
GOV-0003924,2024,9,September,Q3,2024-09-01,FAC-009,Bangalore Tech Centre,India,Asia Pacific,Health & Safety,51.2,85.82,5,3,2,36.3,2.84,0,0.0,79.69,Below Target,Near Compliant,Slightly Delayed,False
GOV-0003925,2024,9,September,Q3,2024-09-01,FAC-009,Bangalore Tech Centre,India,Asia Pacific,Human Rights,53.26,86.12,5,4,1,44.9,2.91,0,0.0,85.1,Below Target,Near Compliant,Slightly Delayed,False
GOV-0003926,2024,9,September,Q3,2024-09-01,FAC-009,Bangalore Tech Centre,India,Asia Pacific,Whistleblower,52.12,85.49,0,0,0,40.5,2.97,0,0.0,83.17,Below Target,Near Compliant,Slightly Delayed,False
GOV-0003927,2024,9,September,Q3,2024-09-01,FAC-009,Bangalore Tech Centre,India,Asia Pacific,Code of Conduct,51.73,88.38,2,1,1,43.4,2.95,0,0.0,86.27,Below Target,Near Compliant,Slightly Delayed,False
GOV-0003928,2024,9,September,Q3,2024-09-01,FAC-009,Bangalore Tech Centre,India,Asia Pacific,Conflict of Interest,54.16,86.33,3,2,1,40.5,3.04,0,0.0,83.56,Below Target,Near Compliant,Slightly Delayed,False
GOV-0003929,2024,9,September,Q3,2024-09-01,FAC-009,Bangalore Tech Centre,India,Asia Pacific,Supplier Standards,48.16,88.4,0,0,0,45.4,2.9,0,0.0,82.45,Below Target,Near Compliant,Significantly Delayed,False
GOV-0003930,2024,9,September,Q3,2024-09-01,FAC-009,Bangalore Tech Centre,India,Asia Pacific,Information Security,55.39,86.95,0,0,0,38.8,2.64,0,0.0,84.1,Below Target,Near Compliant,Slightly Delayed,False
GOV-0003931,2024,9,September,Q3,2024-09-01,FAC-010,Singapore Distribution,Singapore,Asia Pacific,Anti-Corruption,56.86,85.03,3,2,1,44.4,3.07,0,0.0,87.03,Below Target,Near Compliant,Slightly Delayed,False
GOV-0003932,2024,9,September,Q3,2024-09-01,FAC-010,Singapore Distribution,Singapore,Asia Pacific,Data Privacy,51.35,86.14,5,4,1,42.1,2.73,0,0.0,83.34,Below Target,Near Compliant,Slightly Delayed,False
GOV-0003933,2024,9,September,Q3,2024-09-01,FAC-010,Singapore Distribution,Singapore,Asia Pacific,Environmental,55.39,84.97,4,3,1,45.3,2.83,0,0.0,82.96,Below Target,Non-Compliant,Significantly Delayed,False
GOV-0003934,2024,9,September,Q3,2024-09-01,FAC-010,Singapore Distribution,Singapore,Asia Pacific,Health & Safety,55.44,87.83,3,2,1,39.7,2.99,0,0.0,80.04,Below Target,Near Compliant,Slightly Delayed,False
GOV-0003935,2024,9,September,Q3,2024-09-01,FAC-010,Singapore Distribution,Singapore,Asia Pacific,Human Rights,50.42,88.84,3,2,1,34.7,2.95,0,0.0,82.63,Below Target,Near Compliant,Slightly Delayed,False
GOV-0003936,2024,9,September,Q3,2024-09-01,FAC-010,Singapore Distribution,Singapore,Asia Pacific,Whistleblower,51.07,86.53,4,2,2,37.7,2.79,0,0.0,86.22,Below Target,Near Compliant,Slightly Delayed,False
GOV-0003937,2024,9,September,Q3,2024-09-01,FAC-010,Singapore Distribution,Singapore,Asia Pacific,Code of Conduct,54.02,83.96,1,0,1,34.3,3.69,0,0.0,84.01,Below Target,Non-Compliant,Slightly Delayed,False
GOV-0003938,2024,9,September,Q3,2024-09-01,FAC-010,Singapore Distribution,Singapore,Asia Pacific,Conflict of Interest,52.55,85.48,0,0,0,43.9,3.15,0,0.0,82.21,Below Target,Near Compliant,Slightly Delayed,False
GOV-0003939,2024,9,September,Q3,2024-09-01,FAC-010,Singapore Distribution,Singapore,Asia Pacific,Supplier Standards,53.63,89.36,1,0,1,38.4,2.81,0,0.0,78.44,Below Target,Near Compliant,Slightly Delayed,False
GOV-0003940,2024,9,September,Q3,2024-09-01,FAC-010,Singapore Distribution,Singapore,Asia Pacific,Information Security,54.21,88.96,4,2,2,40.8,2.78,0,10402.9,82.77,Below Target,Near Compliant,Slightly Delayed,True
GOV-0003941,2024,9,September,Q3,2024-09-01,FAC-011,Monterrey Plant,Mexico,Latin America,Anti-Corruption,51.24,87.19,0,0,0,39.8,3.39,0,0.0,86.54,Below Target,Near Compliant,Slightly Delayed,False
GOV-0003942,2024,9,September,Q3,2024-09-01,FAC-011,Monterrey Plant,Mexico,Latin America,Data Privacy,54.23,90.97,3,2,1,38.4,3.42,0,0.0,83.98,Below Target,Near Compliant,Slightly Delayed,False
GOV-0003943,2024,9,September,Q3,2024-09-01,FAC-011,Monterrey Plant,Mexico,Latin America,Environmental,48.64,86.9,0,0,0,36.1,2.98,0,0.0,80.64,Below Target,Near Compliant,Slightly Delayed,False
GOV-0003944,2024,9,September,Q3,2024-09-01,FAC-011,Monterrey Plant,Mexico,Latin America,Health & Safety,54.61,90.35,3,2,1,44.1,3.15,0,0.0,79.85,Below Target,Near Compliant,Slightly Delayed,False
GOV-0003945,2024,9,September,Q3,2024-09-01,FAC-011,Monterrey Plant,Mexico,Latin America,Human Rights,58.64,89.86,5,3,2,36.9,2.87,0,0.0,84.72,Below Target,Near Compliant,Slightly Delayed,False
GOV-0003946,2024,9,September,Q3,2024-09-01,FAC-011,Monterrey Plant,Mexico,Latin America,Whistleblower,55.34,88.43,5,3,2,36.9,2.85,0,0.0,82.54,Below Target,Near Compliant,Slightly Delayed,False
GOV-0003947,2024,9,September,Q3,2024-09-01,FAC-011,Monterrey Plant,Mexico,Latin America,Code of Conduct,49.99,85.13,3,1,2,44.5,3.31,0,0.0,82.28,Below Target,Near Compliant,Slightly Delayed,False
GOV-0003948,2024,9,September,Q3,2024-09-01,FAC-011,Monterrey Plant,Mexico,Latin America,Conflict of Interest,52.51,87.56,4,3,1,41.2,2.9,0,0.0,79.83,Below Target,Near Compliant,Slightly Delayed,False
GOV-0003949,2024,9,September,Q3,2024-09-01,FAC-011,Monterrey Plant,Mexico,Latin America,Supplier Standards,53.21,86.14,3,2,1,41.5,3.17,0,0.0,85.66,Below Target,Near Compliant,Slightly Delayed,False
GOV-0003950,2024,9,September,Q3,2024-09-01,FAC-011,Monterrey Plant,Mexico,Latin America,Information Security,53.18,87.6,4,2,2,38.4,3.1,0,0.0,86.27,Below Target,Near Compliant,Slightly Delayed,False
GOV-0003951,2024,9,September,Q3,2024-09-01,FAC-012,Sao Paulo Operations,Brazil,Latin America,Anti-Corruption,55.48,84.0,4,2,2,41.8,2.64,0,0.0,81.43,Below Target,Non-Compliant,Slightly Delayed,False
GOV-0003952,2024,9,September,Q3,2024-09-01,FAC-012,Sao Paulo Operations,Brazil,Latin America,Data Privacy,53.55,84.76,2,1,1,44.4,2.54,0,0.0,80.5,Below Target,Non-Compliant,Slightly Delayed,False
GOV-0003953,2024,9,September,Q3,2024-09-01,FAC-012,Sao Paulo Operations,Brazil,Latin America,Environmental,47.86,85.21,3,2,1,43.3,2.37,0,0.0,83.13,Below Target,Near Compliant,Slightly Delayed,False
GOV-0003954,2024,9,September,Q3,2024-09-01,FAC-012,Sao Paulo Operations,Brazil,Latin America,Health & Safety,55.19,87.13,1,0,1,43.8,3.4,0,0.0,81.42,Below Target,Near Compliant,Slightly Delayed,False
GOV-0003955,2024,9,September,Q3,2024-09-01,FAC-012,Sao Paulo Operations,Brazil,Latin America,Human Rights,52.44,84.25,2,1,1,39.7,3.07,0,0.0,83.73,Below Target,Non-Compliant,Slightly Delayed,False
GOV-0003956,2024,9,September,Q3,2024-09-01,FAC-012,Sao Paulo Operations,Brazil,Latin America,Whistleblower,55.87,89.15,0,0,0,44.1,3.44,0,0.0,80.68,Below Target,Near Compliant,Slightly Delayed,False
GOV-0003957,2024,9,September,Q3,2024-09-01,FAC-012,Sao Paulo Operations,Brazil,Latin America,Code of Conduct,57.89,86.21,0,0,0,43.9,2.92,0,0.0,80.1,Below Target,Near Compliant,Slightly Delayed,False
GOV-0003958,2024,9,September,Q3,2024-09-01,FAC-012,Sao Paulo Operations,Brazil,Latin America,Conflict of Interest,54.62,88.11,4,3,1,49.9,3.11,0,92913.61,81.17,Below Target,Near Compliant,Significantly Delayed,True
GOV-0003959,2024,9,September,Q3,2024-09-01,FAC-012,Sao Paulo Operations,Brazil,Latin America,Supplier Standards,53.63,87.99,1,0,1,37.0,3.43,0,0.0,79.44,Below Target,Near Compliant,Slightly Delayed,False
GOV-0003960,2024,9,September,Q3,2024-09-01,FAC-012,Sao Paulo Operations,Brazil,Latin America,Information Security,52.73,87.98,5,4,1,49.3,2.97,0,0.0,79.96,Below Target,Near Compliant,Significantly Delayed,False
GOV-0003961,2024,10,October,Q4,2024-10-01,FAC-001,Chicago Main Plant,USA,North America,Anti-Corruption,49.52,87.06,3,2,1,40.1,2.87,0,0.0,82.04,Below Target,Near Compliant,Slightly Delayed,False
GOV-0003962,2024,10,October,Q4,2024-10-01,FAC-001,Chicago Main Plant,USA,North America,Data Privacy,55.96,91.71,0,0,0,37.7,3.55,0,0.0,79.87,Below Target,Near Compliant,Slightly Delayed,False
GOV-0003963,2024,10,October,Q4,2024-10-01,FAC-001,Chicago Main Plant,USA,North America,Environmental,49.37,88.98,2,1,1,30.8,3.11,0,0.0,83.93,Below Target,Near Compliant,Slightly Delayed,False
GOV-0003964,2024,10,October,Q4,2024-10-01,FAC-001,Chicago Main Plant,USA,North America,Health & Safety,54.38,88.98,1,0,1,38.4,3.63,0,0.0,85.51,Below Target,Near Compliant,Slightly Delayed,False
GOV-0003965,2024,10,October,Q4,2024-10-01,FAC-001,Chicago Main Plant,USA,North America,Human Rights,48.99,89.15,1,0,1,39.3,2.96,0,0.0,83.57,Below Target,Near Compliant,Slightly Delayed,False
GOV-0003966,2024,10,October,Q4,2024-10-01,FAC-001,Chicago Main Plant,USA,North America,Whistleblower,53.62,87.01,1,0,1,39.0,2.7,0,0.0,78.69,Below Target,Near Compliant,Slightly Delayed,False
GOV-0003967,2024,10,October,Q4,2024-10-01,FAC-001,Chicago Main Plant,USA,North America,Code of Conduct,51.19,83.7,5,3,2,45.7,2.83,0,0.0,83.29,Below Target,Non-Compliant,Significantly Delayed,False
GOV-0003968,2024,10,October,Q4,2024-10-01,FAC-001,Chicago Main Plant,USA,North America,Conflict of Interest,57.18,87.56,1,0,1,44.5,3.28,0,0.0,82.5,Below Target,Near Compliant,Slightly Delayed,False
GOV-0003969,2024,10,October,Q4,2024-10-01,FAC-001,Chicago Main Plant,USA,North America,Supplier Standards,50.79,90.84,5,3,2,44.1,3.1,0,0.0,83.99,Below Target,Near Compliant,Slightly Delayed,False
GOV-0003970,2024,10,October,Q4,2024-10-01,FAC-001,Chicago Main Plant,USA,North America,Information Security,50.87,88.41,5,4,1,39.3,2.9,0,0.0,83.05,Below Target,Near Compliant,Slightly Delayed,False
GOV-0003971,2024,10,October,Q4,2024-10-01,FAC-002,Detroit Assembly,USA,North America,Anti-Corruption,47.08,87.96,4,3,1,40.5,2.81,0,0.0,85.6,Below Target,Near Compliant,Slightly Delayed,False
GOV-0003972,2024,10,October,Q4,2024-10-01,FAC-002,Detroit Assembly,USA,North America,Data Privacy,54.46,87.67,4,3,1,39.3,2.6,0,0.0,83.47,Below Target,Near Compliant,Slightly Delayed,False
GOV-0003973,2024,10,October,Q4,2024-10-01,FAC-002,Detroit Assembly,USA,North America,Environmental,56.16,87.92,5,3,2,38.2,3.18,0,0.0,83.74,Below Target,Near Compliant,Slightly Delayed,False
GOV-0003974,2024,10,October,Q4,2024-10-01,FAC-002,Detroit Assembly,USA,North America,Health & Safety,53.57,88.19,3,2,1,36.9,2.81,0,0.0,81.54,Below Target,Near Compliant,Slightly Delayed,False
GOV-0003975,2024,10,October,Q4,2024-10-01,FAC-002,Detroit Assembly,USA,North America,Human Rights,53.14,92.81,1,0,1,42.5,3.29,0,0.0,85.92,Below Target,Near Compliant,Slightly Delayed,False
GOV-0003976,2024,10,October,Q4,2024-10-01,FAC-002,Detroit Assembly,USA,North America,Whistleblower,56.56,87.67,3,1,2,42.5,2.98,0,0.0,86.52,Below Target,Near Compliant,Slightly Delayed,False
GOV-0003977,2024,10,October,Q4,2024-10-01,FAC-002,Detroit Assembly,USA,North America,Code of Conduct,58.7,85.09,2,1,1,46.4,2.42,0,0.0,87.28,Below Target,Near Compliant,Significantly Delayed,False
GOV-0003978,2024,10,October,Q4,2024-10-01,FAC-002,Detroit Assembly,USA,North America,Conflict of Interest,52.18,85.88,1,0,1,46.4,2.71,0,0.0,85.16,Below Target,Near Compliant,Significantly Delayed,False
GOV-0003979,2024,10,October,Q4,2024-10-01,FAC-002,Detroit Assembly,USA,North America,Supplier Standards,57.75,85.96,2,1,1,39.4,3.01,0,0.0,78.08,Below Target,Near Compliant,Slightly Delayed,False
GOV-0003980,2024,10,October,Q4,2024-10-01,FAC-002,Detroit Assembly,USA,North America,Information Security,53.86,86.62,5,4,1,45.7,3.36,0,0.0,80.35,Below Target,Near Compliant,Significantly Delayed,False
GOV-0003981,2024,10,October,Q4,2024-10-01,FAC-003,Toronto Operations,Canada,North America,Anti-Corruption,55.71,88.74,3,2,1,39.2,2.89,0,0.0,81.16,Below Target,Near Compliant,Slightly Delayed,False
GOV-0003982,2024,10,October,Q4,2024-10-01,FAC-003,Toronto Operations,Canada,North America,Data Privacy,54.04,90.8,3,2,1,40.8,2.85,0,0.0,85.53,Below Target,Near Compliant,Slightly Delayed,False
GOV-0003983,2024,10,October,Q4,2024-10-01,FAC-003,Toronto Operations,Canada,North America,Environmental,52.92,84.74,4,3,1,42.6,3.19,0,0.0,82.0,Below Target,Non-Compliant,Slightly Delayed,False
GOV-0003984,2024,10,October,Q4,2024-10-01,FAC-003,Toronto Operations,Canada,North America,Health & Safety,50.01,88.23,1,0,1,38.8,2.81,0,0.0,84.1,Below Target,Near Compliant,Slightly Delayed,False
GOV-0003985,2024,10,October,Q4,2024-10-01,FAC-003,Toronto Operations,Canada,North America,Human Rights,50.54,89.47,3,2,1,36.9,3.52,0,0.0,85.43,Below Target,Near Compliant,Slightly Delayed,False
GOV-0003986,2024,10,October,Q4,2024-10-01,FAC-003,Toronto Operations,Canada,North America,Whistleblower,48.21,89.39,4,2,2,43.4,2.57,0,0.0,82.92,Below Target,Near Compliant,Slightly Delayed,False
GOV-0003987,2024,10,October,Q4,2024-10-01,FAC-003,Toronto Operations,Canada,North America,Code of Conduct,52.88,87.8,1,0,1,35.8,2.2,0,130809.73,83.37,Below Target,Near Compliant,Slightly Delayed,True
GOV-0003988,2024,10,October,Q4,2024-10-01,FAC-003,Toronto Operations,Canada,North America,Conflict of Interest,50.6,86.4,0,0,0,43.2,3.08,0,0.0,81.47,Below Target,Near Compliant,Slightly Delayed,False
GOV-0003989,2024,10,October,Q4,2024-10-01,FAC-003,Toronto Operations,Canada,North America,Supplier Standards,53.31,91.9,3,2,1,39.8,3.05,0,0.0,83.41,Below Target,Near Compliant,Slightly Delayed,False
GOV-0003990,2024,10,October,Q4,2024-10-01,FAC-003,Toronto Operations,Canada,North America,Information Security,57.12,86.6,5,4,1,34.8,2.86,0,0.0,82.21,Below Target,Near Compliant,Slightly Delayed,False
GOV-0003991,2024,10,October,Q4,2024-10-01,FAC-004,Munich Precision Works,Germany,Europe,Anti-Corruption,56.35,85.24,3,2,1,40.2,2.96,0,0.0,83.36,Below Target,Near Compliant,Slightly Delayed,False
GOV-0003992,2024,10,October,Q4,2024-10-01,FAC-004,Munich Precision Works,Germany,Europe,Data Privacy,53.4,85.68,0,0,0,41.8,3.19,1,0.0,84.47,Below Target,Near Compliant,Slightly Delayed,False
GOV-0003993,2024,10,October,Q4,2024-10-01,FAC-004,Munich Precision Works,Germany,Europe,Environmental,51.36,85.88,5,3,2,40.4,3.37,0,0.0,80.75,Below Target,Near Compliant,Slightly Delayed,False
GOV-0003994,2024,10,October,Q4,2024-10-01,FAC-004,Munich Precision Works,Germany,Europe,Health & Safety,56.05,87.26,0,0,0,43.6,2.92,0,0.0,83.83,Below Target,Near Compliant,Slightly Delayed,False
GOV-0003995,2024,10,October,Q4,2024-10-01,FAC-004,Munich Precision Works,Germany,Europe,Human Rights,52.23,86.0,3,1,2,39.1,2.97,0,0.0,82.99,Below Target,Near Compliant,Slightly Delayed,False
GOV-0003996,2024,10,October,Q4,2024-10-01,FAC-004,Munich Precision Works,Germany,Europe,Whistleblower,53.72,86.7,1,0,1,37.7,2.94,0,0.0,81.41,Below Target,Near Compliant,Slightly Delayed,False
GOV-0003997,2024,10,October,Q4,2024-10-01,FAC-004,Munich Precision Works,Germany,Europe,Code of Conduct,51.31,86.62,0,0,0,35.5,3.14,0,0.0,82.71,Below Target,Near Compliant,Slightly Delayed,False
GOV-0003998,2024,10,October,Q4,2024-10-01,FAC-004,Munich Precision Works,Germany,Europe,Conflict of Interest,52.18,86.63,0,0,0,42.5,2.61,0,0.0,84.29,Below Target,Near Compliant,Slightly Delayed,False
GOV-0003999,2024,10,October,Q4,2024-10-01,FAC-004,Munich Precision Works,Germany,Europe,Supplier Standards,56.03,83.28,2,1,1,35.4,2.81,0,0.0,81.98,Below Target,Non-Compliant,Slightly Delayed,False
GOV-0004000,2024,10,October,Q4,2024-10-01,FAC-004,Munich Precision Works,Germany,Europe,Information Security,49.82,85.88,3,1,2,38.3,3.36,0,0.0,83.5,Below Target,Near Compliant,Slightly Delayed,False
GOV-0004001,2024,10,October,Q4,2024-10-01,FAC-005,Stuttgart Engineering,Germany,Europe,Anti-Corruption,54.71,87.27,5,4,1,38.6,3.33,0,0.0,85.58,Below Target,Near Compliant,Slightly Delayed,False
GOV-0004002,2024,10,October,Q4,2024-10-01,FAC-005,Stuttgart Engineering,Germany,Europe,Data Privacy,54.29,86.44,2,1,1,39.1,2.85,0,0.0,81.93,Below Target,Near Compliant,Slightly Delayed,False
GOV-0004003,2024,10,October,Q4,2024-10-01,FAC-005,Stuttgart Engineering,Germany,Europe,Environmental,57.22,86.91,2,1,1,38.5,2.92,0,0.0,83.38,Below Target,Near Compliant,Slightly Delayed,False
GOV-0004004,2024,10,October,Q4,2024-10-01,FAC-005,Stuttgart Engineering,Germany,Europe,Health & Safety,55.05,86.66,3,1,2,40.1,2.64,0,0.0,81.63,Below Target,Near Compliant,Slightly Delayed,False
GOV-0004005,2024,10,October,Q4,2024-10-01,FAC-005,Stuttgart Engineering,Germany,Europe,Human Rights,53.84,86.22,1,0,1,40.0,3.04,0,0.0,84.89,Below Target,Near Compliant,Slightly Delayed,False
GOV-0004006,2024,10,October,Q4,2024-10-01,FAC-005,Stuttgart Engineering,Germany,Europe,Whistleblower,54.11,86.72,5,4,1,38.7,3.57,0,0.0,88.52,Below Target,Near Compliant,Slightly Delayed,False
GOV-0004007,2024,10,October,Q4,2024-10-01,FAC-005,Stuttgart Engineering,Germany,Europe,Code of Conduct,53.37,86.12,0,0,0,42.1,2.65,0,0.0,79.5,Below Target,Near Compliant,Slightly Delayed,False
GOV-0004008,2024,10,October,Q4,2024-10-01,FAC-005,Stuttgart Engineering,Germany,Europe,Conflict of Interest,52.41,89.07,1,0,1,45.7,3.21,0,0.0,78.73,Below Target,Near Compliant,Significantly Delayed,False
GOV-0004009,2024,10,October,Q4,2024-10-01,FAC-005,Stuttgart Engineering,Germany,Europe,Supplier Standards,57.52,89.99,3,2,1,40.5,2.76,0,0.0,78.17,Below Target,Near Compliant,Slightly Delayed,False
GOV-0004010,2024,10,October,Q4,2024-10-01,FAC-005,Stuttgart Engineering,Germany,Europe,Information Security,49.9,88.19,5,3,2,38.6,2.48,0,0.0,85.9,Below Target,Near Compliant,Slightly Delayed,False
GOV-0004011,2024,10,October,Q4,2024-10-01,FAC-006,Rotterdam Hub,Netherlands,Europe,Anti-Corruption,50.58,87.27,2,1,1,41.9,2.88,0,0.0,79.25,Below Target,Near Compliant,Slightly Delayed,False
GOV-0004012,2024,10,October,Q4,2024-10-01,FAC-006,Rotterdam Hub,Netherlands,Europe,Data Privacy,52.05,88.35,4,3,1,39.2,3.3,0,0.0,84.21,Below Target,Near Compliant,Slightly Delayed,False
GOV-0004013,2024,10,October,Q4,2024-10-01,FAC-006,Rotterdam Hub,Netherlands,Europe,Environmental,51.88,87.17,1,0,1,36.4,2.98,1,0.0,83.39,Below Target,Near Compliant,Slightly Delayed,False
GOV-0004014,2024,10,October,Q4,2024-10-01,FAC-006,Rotterdam Hub,Netherlands,Europe,Health & Safety,54.85,89.94,0,0,0,44.7,2.83,0,0.0,82.47,Below Target,Near Compliant,Slightly Delayed,False
GOV-0004015,2024,10,October,Q4,2024-10-01,FAC-006,Rotterdam Hub,Netherlands,Europe,Human Rights,51.95,86.57,2,1,1,36.9,2.95,0,43638.69,84.1,Below Target,Near Compliant,Slightly Delayed,True
GOV-0004016,2024,10,October,Q4,2024-10-01,FAC-006,Rotterdam Hub,Netherlands,Europe,Whistleblower,56.42,87.08,0,0,0,44.6,3.37,0,0.0,83.79,Below Target,Near Compliant,Slightly Delayed,False
GOV-0004017,2024,10,October,Q4,2024-10-01,FAC-006,Rotterdam Hub,Netherlands,Europe,Code of Conduct,55.68,88.02,4,3,1,41.3,2.74,0,0.0,85.49,Below Target,Near Compliant,Slightly Delayed,False
GOV-0004018,2024,10,October,Q4,2024-10-01,FAC-006,Rotterdam Hub,Netherlands,Europe,Conflict of Interest,57.85,86.8,5,4,1,32.9,3.16,0,0.0,81.39,Below Target,Near Compliant,Slightly Delayed,False
GOV-0004019,2024,10,October,Q4,2024-10-01,FAC-006,Rotterdam Hub,Netherlands,Europe,Supplier Standards,50.44,88.55,4,3,1,40.0,3.01,0,0.0,83.5,Below Target,Near Compliant,Slightly Delayed,False
GOV-0004020,2024,10,October,Q4,2024-10-01,FAC-006,Rotterdam Hub,Netherlands,Europe,Information Security,54.57,86.84,3,2,1,35.5,3.14,0,89958.95,84.53,Below Target,Near Compliant,Slightly Delayed,True
GOV-0004021,2024,10,October,Q4,2024-10-01,FAC-007,Lyon Components,France,Europe,Anti-Corruption,55.99,86.21,1,0,1,38.9,3.23,0,0.0,82.0,Below Target,Near Compliant,Slightly Delayed,False
GOV-0004022,2024,10,October,Q4,2024-10-01,FAC-007,Lyon Components,France,Europe,Data Privacy,48.66,87.25,4,2,2,38.8,3.03,0,0.0,83.57,Below Target,Near Compliant,Slightly Delayed,False
GOV-0004023,2024,10,October,Q4,2024-10-01,FAC-007,Lyon Components,France,Europe,Environmental,55.79,86.45,3,2,1,43.5,2.75,0,0.0,81.39,Below Target,Near Compliant,Slightly Delayed,False
GOV-0004024,2024,10,October,Q4,2024-10-01,FAC-007,Lyon Components,France,Europe,Health & Safety,56.92,88.73,5,4,1,38.2,3.5,0,0.0,83.25,Below Target,Near Compliant,Slightly Delayed,False
GOV-0004025,2024,10,October,Q4,2024-10-01,FAC-007,Lyon Components,France,Europe,Human Rights,54.81,88.76,2,1,1,33.5,3.24,0,0.0,83.7,Below Target,Near Compliant,Slightly Delayed,False
GOV-0004026,2024,10,October,Q4,2024-10-01,FAC-007,Lyon Components,France,Europe,Whistleblower,52.17,87.34,4,2,2,43.7,2.63,0,0.0,82.62,Below Target,Near Compliant,Slightly Delayed,False
GOV-0004027,2024,10,October,Q4,2024-10-01,FAC-007,Lyon Components,France,Europe,Code of Conduct,51.6,85.52,5,3,2,36.3,2.94,0,0.0,84.77,Below Target,Near Compliant,Slightly Delayed,False
GOV-0004028,2024,10,October,Q4,2024-10-01,FAC-007,Lyon Components,France,Europe,Conflict of Interest,53.18,89.96,5,4,1,44.5,2.83,0,0.0,83.88,Below Target,Near Compliant,Slightly Delayed,False
GOV-0004029,2024,10,October,Q4,2024-10-01,FAC-007,Lyon Components,France,Europe,Supplier Standards,51.34,91.51,4,2,2,34.1,2.96,0,29354.13,85.49,Below Target,Near Compliant,Slightly Delayed,True
GOV-0004030,2024,10,October,Q4,2024-10-01,FAC-007,Lyon Components,France,Europe,Information Security,49.86,84.7,0,0,0,36.7,2.96,0,0.0,81.37,Below Target,Non-Compliant,Slightly Delayed,False
GOV-0004031,2024,10,October,Q4,2024-10-01,FAC-008,Shanghai Manufacturing,China,Asia Pacific,Anti-Corruption,54.7,88.96,5,3,2,42.3,2.71,0,0.0,80.17,Below Target,Near Compliant,Slightly Delayed,False
GOV-0004032,2024,10,October,Q4,2024-10-01,FAC-008,Shanghai Manufacturing,China,Asia Pacific,Data Privacy,55.34,87.32,0,0,0,44.2,2.86,0,0.0,87.07,Below Target,Near Compliant,Slightly Delayed,False
GOV-0004033,2024,10,October,Q4,2024-10-01,FAC-008,Shanghai Manufacturing,China,Asia Pacific,Environmental,53.21,88.85,3,2,1,41.4,3.05,0,0.0,85.89,Below Target,Near Compliant,Slightly Delayed,False
GOV-0004034,2024,10,October,Q4,2024-10-01,FAC-008,Shanghai Manufacturing,China,Asia Pacific,Health & Safety,49.2,87.68,3,2,1,45.4,3.08,0,0.0,83.98,Below Target,Near Compliant,Significantly Delayed,False
GOV-0004035,2024,10,October,Q4,2024-10-01,FAC-008,Shanghai Manufacturing,China,Asia Pacific,Human Rights,54.42,89.68,2,1,1,40.9,2.62,0,0.0,86.26,Below Target,Near Compliant,Slightly Delayed,False
GOV-0004036,2024,10,October,Q4,2024-10-01,FAC-008,Shanghai Manufacturing,China,Asia Pacific,Whistleblower,50.84,84.61,0,0,0,40.3,3.01,0,0.0,82.02,Below Target,Non-Compliant,Slightly Delayed,False
GOV-0004037,2024,10,October,Q4,2024-10-01,FAC-008,Shanghai Manufacturing,China,Asia Pacific,Code of Conduct,54.74,87.82,0,0,0,36.4,2.91,0,0.0,87.27,Below Target,Near Compliant,Slightly Delayed,False
GOV-0004038,2024,10,October,Q4,2024-10-01,FAC-008,Shanghai Manufacturing,China,Asia Pacific,Conflict of Interest,54.45,90.05,4,2,2,36.9,3.07,0,0.0,82.31,Below Target,Near Compliant,Slightly Delayed,False
GOV-0004039,2024,10,October,Q4,2024-10-01,FAC-008,Shanghai Manufacturing,China,Asia Pacific,Supplier Standards,56.69,84.35,5,4,1,43.8,3.55,0,0.0,81.08,Below Target,Non-Compliant,Slightly Delayed,False
GOV-0004040,2024,10,October,Q4,2024-10-01,FAC-008,Shanghai Manufacturing,China,Asia Pacific,Information Security,53.24,86.22,5,3,2,41.1,3.19,0,0.0,82.34,Below Target,Near Compliant,Slightly Delayed,False
GOV-0004041,2024,10,October,Q4,2024-10-01,FAC-009,Bangalore Tech Centre,India,Asia Pacific,Anti-Corruption,51.41,84.56,2,1,1,43.4,2.82,0,0.0,84.12,Below Target,Non-Compliant,Slightly Delayed,False
GOV-0004042,2024,10,October,Q4,2024-10-01,FAC-009,Bangalore Tech Centre,India,Asia Pacific,Data Privacy,55.67,86.58,5,3,2,49.0,3.11,0,0.0,79.57,Below Target,Near Compliant,Significantly Delayed,False
GOV-0004043,2024,10,October,Q4,2024-10-01,FAC-009,Bangalore Tech Centre,India,Asia Pacific,Environmental,52.83,87.26,2,1,1,42.9,2.88,0,0.0,82.91,Below Target,Near Compliant,Slightly Delayed,False
GOV-0004044,2024,10,October,Q4,2024-10-01,FAC-009,Bangalore Tech Centre,India,Asia Pacific,Health & Safety,53.89,87.66,2,1,1,39.5,3.33,0,0.0,77.61,Below Target,Near Compliant,Slightly Delayed,False
GOV-0004045,2024,10,October,Q4,2024-10-01,FAC-009,Bangalore Tech Centre,India,Asia Pacific,Human Rights,53.96,85.6,2,1,1,37.7,2.91,0,0.0,86.02,Below Target,Near Compliant,Slightly Delayed,False
GOV-0004046,2024,10,October,Q4,2024-10-01,FAC-009,Bangalore Tech Centre,India,Asia Pacific,Whistleblower,51.46,87.56,2,1,1,41.3,3.27,0,0.0,83.37,Below Target,Near Compliant,Slightly Delayed,False
GOV-0004047,2024,10,October,Q4,2024-10-01,FAC-009,Bangalore Tech Centre,India,Asia Pacific,Code of Conduct,54.49,90.9,0,0,0,40.0,2.83,0,0.0,81.52,Below Target,Near Compliant,Slightly Delayed,False
GOV-0004048,2024,10,October,Q4,2024-10-01,FAC-009,Bangalore Tech Centre,India,Asia Pacific,Conflict of Interest,52.6,89.77,0,0,0,37.3,3.37,0,0.0,80.19,Below Target,Near Compliant,Slightly Delayed,False
GOV-0004049,2024,10,October,Q4,2024-10-01,FAC-009,Bangalore Tech Centre,India,Asia Pacific,Supplier Standards,54.9,87.51,3,1,2,42.2,2.82,0,0.0,88.01,Below Target,Near Compliant,Slightly Delayed,False
GOV-0004050,2024,10,October,Q4,2024-10-01,FAC-009,Bangalore Tech Centre,India,Asia Pacific,Information Security,53.54,86.62,3,2,1,38.3,2.93,0,0.0,87.23,Below Target,Near Compliant,Slightly Delayed,False
GOV-0004051,2024,10,October,Q4,2024-10-01,FAC-010,Singapore Distribution,Singapore,Asia Pacific,Anti-Corruption,55.2,90.23,1,0,1,32.5,2.79,0,0.0,82.37,Below Target,Near Compliant,Slightly Delayed,False
GOV-0004052,2024,10,October,Q4,2024-10-01,FAC-010,Singapore Distribution,Singapore,Asia Pacific,Data Privacy,50.59,85.19,1,0,1,35.7,3.34,0,0.0,80.47,Below Target,Near Compliant,Slightly Delayed,False
GOV-0004053,2024,10,October,Q4,2024-10-01,FAC-010,Singapore Distribution,Singapore,Asia Pacific,Environmental,54.51,84.77,5,4,1,36.2,3.05,0,0.0,80.97,Below Target,Non-Compliant,Slightly Delayed,False
GOV-0004054,2024,10,October,Q4,2024-10-01,FAC-010,Singapore Distribution,Singapore,Asia Pacific,Health & Safety,49.64,88.72,3,2,1,46.8,2.72,0,0.0,85.74,Below Target,Near Compliant,Significantly Delayed,False
GOV-0004055,2024,10,October,Q4,2024-10-01,FAC-010,Singapore Distribution,Singapore,Asia Pacific,Human Rights,51.99,85.22,2,1,1,37.7,3.1,0,0.0,84.71,Below Target,Near Compliant,Slightly Delayed,False
GOV-0004056,2024,10,October,Q4,2024-10-01,FAC-010,Singapore Distribution,Singapore,Asia Pacific,Whistleblower,54.62,85.03,5,3,2,40.8,2.8,0,0.0,83.36,Below Target,Near Compliant,Slightly Delayed,False
GOV-0004057,2024,10,October,Q4,2024-10-01,FAC-010,Singapore Distribution,Singapore,Asia Pacific,Code of Conduct,51.17,87.75,3,2,1,39.3,2.73,0,0.0,82.84,Below Target,Near Compliant,Slightly Delayed,False
GOV-0004058,2024,10,October,Q4,2024-10-01,FAC-010,Singapore Distribution,Singapore,Asia Pacific,Conflict of Interest,53.91,87.05,1,0,1,42.5,3.03,0,0.0,83.51,Below Target,Near Compliant,Slightly Delayed,False
GOV-0004059,2024,10,October,Q4,2024-10-01,FAC-010,Singapore Distribution,Singapore,Asia Pacific,Supplier Standards,54.36,83.4,3,2,1,40.9,3.1,0,0.0,80.67,Below Target,Non-Compliant,Slightly Delayed,False
GOV-0004060,2024,10,October,Q4,2024-10-01,FAC-010,Singapore Distribution,Singapore,Asia Pacific,Information Security,54.36,88.25,4,2,2,36.0,3.21,0,0.0,85.16,Below Target,Near Compliant,Slightly Delayed,False
GOV-0004061,2024,10,October,Q4,2024-10-01,FAC-011,Monterrey Plant,Mexico,Latin America,Anti-Corruption,51.81,86.98,5,4,1,38.5,3.35,0,0.0,79.38,Below Target,Near Compliant,Slightly Delayed,False
GOV-0004062,2024,10,October,Q4,2024-10-01,FAC-011,Monterrey Plant,Mexico,Latin America,Data Privacy,52.94,90.69,0,0,0,37.1,2.75,0,0.0,81.24,Below Target,Near Compliant,Slightly Delayed,False
GOV-0004063,2024,10,October,Q4,2024-10-01,FAC-011,Monterrey Plant,Mexico,Latin America,Environmental,51.51,85.88,2,1,1,36.8,2.93,0,0.0,80.35,Below Target,Near Compliant,Slightly Delayed,False
GOV-0004064,2024,10,October,Q4,2024-10-01,FAC-011,Monterrey Plant,Mexico,Latin America,Health & Safety,55.33,89.48,0,0,0,39.1,3.25,0,0.0,82.93,Below Target,Near Compliant,Slightly Delayed,False
GOV-0004065,2024,10,October,Q4,2024-10-01,FAC-011,Monterrey Plant,Mexico,Latin America,Human Rights,50.91,89.89,1,0,1,39.2,3.08,0,0.0,84.32,Below Target,Near Compliant,Slightly Delayed,False
GOV-0004066,2024,10,October,Q4,2024-10-01,FAC-011,Monterrey Plant,Mexico,Latin America,Whistleblower,56.84,86.75,3,2,1,37.1,2.62,0,0.0,84.28,Below Target,Near Compliant,Slightly Delayed,False
GOV-0004067,2024,10,October,Q4,2024-10-01,FAC-011,Monterrey Plant,Mexico,Latin America,Code of Conduct,54.99,90.52,5,3,2,38.3,2.49,1,0.0,81.03,Below Target,Near Compliant,Slightly Delayed,False
GOV-0004068,2024,10,October,Q4,2024-10-01,FAC-011,Monterrey Plant,Mexico,Latin America,Conflict of Interest,53.43,84.24,2,1,1,30.8,3.34,0,0.0,82.48,Below Target,Non-Compliant,Slightly Delayed,False
GOV-0004069,2024,10,October,Q4,2024-10-01,FAC-011,Monterrey Plant,Mexico,Latin America,Supplier Standards,54.24,87.75,2,1,1,42.9,3.38,0,0.0,87.17,Below Target,Near Compliant,Slightly Delayed,False
GOV-0004070,2024,10,October,Q4,2024-10-01,FAC-011,Monterrey Plant,Mexico,Latin America,Information Security,51.63,85.22,5,4,1,32.4,2.91,0,0.0,87.03,Below Target,Near Compliant,Slightly Delayed,False
GOV-0004071,2024,10,October,Q4,2024-10-01,FAC-012,Sao Paulo Operations,Brazil,Latin America,Anti-Corruption,54.16,82.26,4,3,1,37.6,3.32,0,0.0,85.66,Below Target,Non-Compliant,Slightly Delayed,False
GOV-0004072,2024,10,October,Q4,2024-10-01,FAC-012,Sao Paulo Operations,Brazil,Latin America,Data Privacy,51.84,88.68,3,2,1,37.8,2.66,0,0.0,84.58,Below Target,Near Compliant,Slightly Delayed,False
GOV-0004073,2024,10,October,Q4,2024-10-01,FAC-012,Sao Paulo Operations,Brazil,Latin America,Environmental,55.54,84.24,3,2,1,38.3,2.83,0,0.0,81.52,Below Target,Non-Compliant,Slightly Delayed,False
GOV-0004074,2024,10,October,Q4,2024-10-01,FAC-012,Sao Paulo Operations,Brazil,Latin America,Health & Safety,51.62,90.04,0,0,0,43.2,3.06,0,0.0,88.0,Below Target,Near Compliant,Slightly Delayed,False
GOV-0004075,2024,10,October,Q4,2024-10-01,FAC-012,Sao Paulo Operations,Brazil,Latin America,Human Rights,52.35,85.37,2,1,1,40.3,3.54,0,0.0,84.63,Below Target,Near Compliant,Slightly Delayed,False
GOV-0004076,2024,10,October,Q4,2024-10-01,FAC-012,Sao Paulo Operations,Brazil,Latin America,Whistleblower,48.98,87.48,5,3,2,39.1,3.5,0,0.0,84.15,Below Target,Near Compliant,Slightly Delayed,False
GOV-0004077,2024,10,October,Q4,2024-10-01,FAC-012,Sao Paulo Operations,Brazil,Latin America,Code of Conduct,50.23,86.96,5,3,2,38.0,2.9,0,129468.37,82.77,Below Target,Near Compliant,Slightly Delayed,True
GOV-0004078,2024,10,October,Q4,2024-10-01,FAC-012,Sao Paulo Operations,Brazil,Latin America,Conflict of Interest,51.62,86.69,1,0,1,42.0,2.91,0,0.0,82.24,Below Target,Near Compliant,Slightly Delayed,False
GOV-0004079,2024,10,October,Q4,2024-10-01,FAC-012,Sao Paulo Operations,Brazil,Latin America,Supplier Standards,53.33,87.37,0,0,0,27.9,3.05,0,0.0,82.01,Below Target,Near Compliant,On Target,False
GOV-0004080,2024,10,October,Q4,2024-10-01,FAC-012,Sao Paulo Operations,Brazil,Latin America,Information Security,53.89,90.4,4,3,1,38.3,3.11,0,0.0,83.23,Below Target,Near Compliant,Slightly Delayed,False
GOV-0004081,2024,11,November,Q4,2024-11-01,FAC-001,Chicago Main Plant,USA,North America,Anti-Corruption,53.1,85.55,1,0,1,37.4,2.79,0,0.0,83.8,Below Target,Near Compliant,Slightly Delayed,False
GOV-0004082,2024,11,November,Q4,2024-11-01,FAC-001,Chicago Main Plant,USA,North America,Data Privacy,56.21,88.3,3,2,1,40.9,2.74,0,0.0,84.49,Below Target,Near Compliant,Slightly Delayed,False
GOV-0004083,2024,11,November,Q4,2024-11-01,FAC-001,Chicago Main Plant,USA,North America,Environmental,53.72,85.22,4,3,1,40.2,2.94,0,0.0,83.19,Below Target,Near Compliant,Slightly Delayed,False
GOV-0004084,2024,11,November,Q4,2024-11-01,FAC-001,Chicago Main Plant,USA,North America,Health & Safety,55.15,88.91,0,0,0,43.4,2.84,0,0.0,85.34,Below Target,Near Compliant,Slightly Delayed,False
GOV-0004085,2024,11,November,Q4,2024-11-01,FAC-001,Chicago Main Plant,USA,North America,Human Rights,52.84,87.04,5,4,1,42.1,3.22,0,0.0,85.59,Below Target,Near Compliant,Slightly Delayed,False
GOV-0004086,2024,11,November,Q4,2024-11-01,FAC-001,Chicago Main Plant,USA,North America,Whistleblower,50.16,84.89,3,2,1,43.4,3.02,0,0.0,83.37,Below Target,Non-Compliant,Slightly Delayed,False
GOV-0004087,2024,11,November,Q4,2024-11-01,FAC-001,Chicago Main Plant,USA,North America,Code of Conduct,54.73,89.2,4,2,2,39.7,3.01,0,0.0,82.83,Below Target,Near Compliant,Slightly Delayed,False
GOV-0004088,2024,11,November,Q4,2024-11-01,FAC-001,Chicago Main Plant,USA,North America,Conflict of Interest,56.47,90.33,3,2,1,43.2,3.27,0,0.0,80.43,Below Target,Near Compliant,Slightly Delayed,False
GOV-0004089,2024,11,November,Q4,2024-11-01,FAC-001,Chicago Main Plant,USA,North America,Supplier Standards,55.81,89.19,2,1,1,37.4,3.26,0,0.0,83.87,Below Target,Near Compliant,Slightly Delayed,False
GOV-0004090,2024,11,November,Q4,2024-11-01,FAC-001,Chicago Main Plant,USA,North America,Information Security,52.81,87.82,5,3,2,38.4,3.17,0,0.0,82.88,Below Target,Near Compliant,Slightly Delayed,False
GOV-0004091,2024,11,November,Q4,2024-11-01,FAC-002,Detroit Assembly,USA,North America,Anti-Corruption,49.96,90.01,1,0,1,43.8,2.79,0,0.0,86.44,Below Target,Near Compliant,Slightly Delayed,False
GOV-0004092,2024,11,November,Q4,2024-11-01,FAC-002,Detroit Assembly,USA,North America,Data Privacy,52.89,89.19,0,0,0,34.3,3.06,0,0.0,83.9,Below Target,Near Compliant,Slightly Delayed,False
GOV-0004093,2024,11,November,Q4,2024-11-01,FAC-002,Detroit Assembly,USA,North America,Environmental,54.27,87.11,3,2,1,49.1,2.77,0,0.0,85.19,Below Target,Near Compliant,Significantly Delayed,False
GOV-0004094,2024,11,November,Q4,2024-11-01,FAC-002,Detroit Assembly,USA,North America,Health & Safety,52.44,88.03,4,3,1,40.9,3.21,0,0.0,87.88,Below Target,Near Compliant,Slightly Delayed,False
GOV-0004095,2024,11,November,Q4,2024-11-01,FAC-002,Detroit Assembly,USA,North America,Human Rights,53.51,89.72,5,3,2,40.4,3.32,0,0.0,83.76,Below Target,Near Compliant,Slightly Delayed,False
GOV-0004096,2024,11,November,Q4,2024-11-01,FAC-002,Detroit Assembly,USA,North America,Whistleblower,50.59,87.57,4,3,1,49.5,2.85,0,0.0,79.64,Below Target,Near Compliant,Significantly Delayed,False
GOV-0004097,2024,11,November,Q4,2024-11-01,FAC-002,Detroit Assembly,USA,North America,Code of Conduct,53.23,84.11,2,1,1,38.3,2.71,0,0.0,84.76,Below Target,Non-Compliant,Slightly Delayed,False
GOV-0004098,2024,11,November,Q4,2024-11-01,FAC-002,Detroit Assembly,USA,North America,Conflict of Interest,51.32,85.14,3,2,1,34.0,2.45,0,0.0,82.9,Below Target,Near Compliant,Slightly Delayed,False
GOV-0004099,2024,11,November,Q4,2024-11-01,FAC-002,Detroit Assembly,USA,North America,Supplier Standards,50.02,92.84,1,0,1,46.4,3.0,0,0.0,85.43,Below Target,Near Compliant,Significantly Delayed,False
GOV-0004100,2024,11,November,Q4,2024-11-01,FAC-002,Detroit Assembly,USA,North America,Information Security,52.66,90.17,0,0,0,40.4,2.82,0,0.0,85.33,Below Target,Near Compliant,Slightly Delayed,False
GOV-0004101,2024,11,November,Q4,2024-11-01,FAC-003,Toronto Operations,Canada,North America,Anti-Corruption,52.67,90.96,3,2,1,42.2,3.28,0,0.0,82.31,Below Target,Near Compliant,Slightly Delayed,False
GOV-0004102,2024,11,November,Q4,2024-11-01,FAC-003,Toronto Operations,Canada,North America,Data Privacy,58.09,87.11,4,3,1,42.2,3.27,0,0.0,82.7,Below Target,Near Compliant,Slightly Delayed,False
GOV-0004103,2024,11,November,Q4,2024-11-01,FAC-003,Toronto Operations,Canada,North America,Environmental,54.78,87.11,1,0,1,40.1,2.93,0,0.0,82.59,Below Target,Near Compliant,Slightly Delayed,False
GOV-0004104,2024,11,November,Q4,2024-11-01,FAC-003,Toronto Operations,Canada,North America,Health & Safety,55.57,86.98,1,0,1,36.8,2.84,0,0.0,80.03,Below Target,Near Compliant,Slightly Delayed,False
GOV-0004105,2024,11,November,Q4,2024-11-01,FAC-003,Toronto Operations,Canada,North America,Human Rights,53.09,89.53,2,1,1,43.9,3.42,0,0.0,83.46,Below Target,Near Compliant,Slightly Delayed,False
GOV-0004106,2024,11,November,Q4,2024-11-01,FAC-003,Toronto Operations,Canada,North America,Whistleblower,51.35,82.17,0,0,0,37.3,3.36,0,0.0,83.38,Below Target,Non-Compliant,Slightly Delayed,False
GOV-0004107,2024,11,November,Q4,2024-11-01,FAC-003,Toronto Operations,Canada,North America,Code of Conduct,54.27,85.03,0,0,0,38.9,2.91,0,0.0,84.1,Below Target,Near Compliant,Slightly Delayed,False
GOV-0004108,2024,11,November,Q4,2024-11-01,FAC-003,Toronto Operations,Canada,North America,Conflict of Interest,52.41,86.67,2,1,1,37.7,2.87,0,0.0,84.99,Below Target,Near Compliant,Slightly Delayed,False
GOV-0004109,2024,11,November,Q4,2024-11-01,FAC-003,Toronto Operations,Canada,North America,Supplier Standards,51.5,89.34,0,0,0,37.9,2.74,0,0.0,85.58,Below Target,Near Compliant,Slightly Delayed,False
GOV-0004110,2024,11,November,Q4,2024-11-01,FAC-003,Toronto Operations,Canada,North America,Information Security,50.67,89.18,1,0,1,39.7,3.27,0,0.0,79.77,Below Target,Near Compliant,Slightly Delayed,False
GOV-0004111,2024,11,November,Q4,2024-11-01,FAC-004,Munich Precision Works,Germany,Europe,Anti-Corruption,51.5,91.35,4,2,2,36.7,3.55,0,0.0,81.4,Below Target,Near Compliant,Slightly Delayed,False
GOV-0004112,2024,11,November,Q4,2024-11-01,FAC-004,Munich Precision Works,Germany,Europe,Data Privacy,55.0,88.12,5,3,2,48.9,2.8,0,0.0,84.34,Below Target,Near Compliant,Significantly Delayed,False
GOV-0004113,2024,11,November,Q4,2024-11-01,FAC-004,Munich Precision Works,Germany,Europe,Environmental,52.61,83.89,4,3,1,40.7,2.55,0,0.0,87.91,Below Target,Non-Compliant,Slightly Delayed,False
GOV-0004114,2024,11,November,Q4,2024-11-01,FAC-004,Munich Precision Works,Germany,Europe,Health & Safety,52.91,86.49,5,3,2,31.7,2.61,0,0.0,82.15,Below Target,Near Compliant,Slightly Delayed,False
GOV-0004115,2024,11,November,Q4,2024-11-01,FAC-004,Munich Precision Works,Germany,Europe,Human Rights,52.96,87.42,1,0,1,35.3,3.16,0,0.0,83.31,Below Target,Near Compliant,Slightly Delayed,False
GOV-0004116,2024,11,November,Q4,2024-11-01,FAC-004,Munich Precision Works,Germany,Europe,Whistleblower,53.96,88.32,0,0,0,39.2,3.28,0,0.0,79.47,Below Target,Near Compliant,Slightly Delayed,False
GOV-0004117,2024,11,November,Q4,2024-11-01,FAC-004,Munich Precision Works,Germany,Europe,Code of Conduct,51.32,86.76,1,0,1,43.5,2.7,0,0.0,84.1,Below Target,Near Compliant,Slightly Delayed,False
GOV-0004118,2024,11,November,Q4,2024-11-01,FAC-004,Munich Precision Works,Germany,Europe,Conflict of Interest,50.82,87.25,5,4,1,38.9,3.36,0,0.0,83.06,Below Target,Near Compliant,Slightly Delayed,False
GOV-0004119,2024,11,November,Q4,2024-11-01,FAC-004,Munich Precision Works,Germany,Europe,Supplier Standards,53.25,89.66,2,1,1,37.6,3.28,0,0.0,86.23,Below Target,Near Compliant,Slightly Delayed,False
GOV-0004120,2024,11,November,Q4,2024-11-01,FAC-004,Munich Precision Works,Germany,Europe,Information Security,50.47,89.69,5,3,2,41.0,3.22,0,0.0,81.37,Below Target,Near Compliant,Slightly Delayed,False
GOV-0004121,2024,11,November,Q4,2024-11-01,FAC-005,Stuttgart Engineering,Germany,Europe,Anti-Corruption,48.84,83.23,2,1,1,46.2,2.77,0,0.0,83.83,Below Target,Non-Compliant,Significantly Delayed,False
GOV-0004122,2024,11,November,Q4,2024-11-01,FAC-005,Stuttgart Engineering,Germany,Europe,Data Privacy,53.73,86.44,1,0,1,38.0,2.97,0,0.0,87.83,Below Target,Near Compliant,Slightly Delayed,False
GOV-0004123,2024,11,November,Q4,2024-11-01,FAC-005,Stuttgart Engineering,Germany,Europe,Environmental,53.94,87.89,5,4,1,38.2,2.99,0,0.0,82.33,Below Target,Near Compliant,Slightly Delayed,False
GOV-0004124,2024,11,November,Q4,2024-11-01,FAC-005,Stuttgart Engineering,Germany,Europe,Health & Safety,54.71,87.68,5,4,1,40.3,2.65,0,0.0,80.01,Below Target,Near Compliant,Slightly Delayed,False
GOV-0004125,2024,11,November,Q4,2024-11-01,FAC-005,Stuttgart Engineering,Germany,Europe,Human Rights,50.65,87.95,0,0,0,46.2,2.77,0,0.0,85.93,Below Target,Near Compliant,Significantly Delayed,False
GOV-0004126,2024,11,November,Q4,2024-11-01,FAC-005,Stuttgart Engineering,Germany,Europe,Whistleblower,51.92,91.16,2,1,1,40.6,3.08,0,0.0,82.27,Below Target,Near Compliant,Slightly Delayed,False
GOV-0004127,2024,11,November,Q4,2024-11-01,FAC-005,Stuttgart Engineering,Germany,Europe,Code of Conduct,51.53,90.85,5,4,1,37.9,3.13,0,0.0,82.83,Below Target,Near Compliant,Slightly Delayed,False
GOV-0004128,2024,11,November,Q4,2024-11-01,FAC-005,Stuttgart Engineering,Germany,Europe,Conflict of Interest,52.55,88.39,5,4,1,39.2,3.05,0,0.0,82.31,Below Target,Near Compliant,Slightly Delayed,False
GOV-0004129,2024,11,November,Q4,2024-11-01,FAC-005,Stuttgart Engineering,Germany,Europe,Supplier Standards,51.03,89.04,4,2,2,46.2,2.73,0,0.0,84.41,Below Target,Near Compliant,Significantly Delayed,False
GOV-0004130,2024,11,November,Q4,2024-11-01,FAC-005,Stuttgart Engineering,Germany,Europe,Information Security,54.22,88.07,2,1,1,41.4,3.24,0,0.0,85.52,Below Target,Near Compliant,Slightly Delayed,False
GOV-0004131,2024,11,November,Q4,2024-11-01,FAC-006,Rotterdam Hub,Netherlands,Europe,Anti-Corruption,56.06,88.43,0,0,0,48.8,3.18,0,0.0,81.9,Below Target,Near Compliant,Significantly Delayed,False
GOV-0004132,2024,11,November,Q4,2024-11-01,FAC-006,Rotterdam Hub,Netherlands,Europe,Data Privacy,50.83,88.75,2,1,1,41.9,3.05,0,0.0,83.42,Below Target,Near Compliant,Slightly Delayed,False
GOV-0004133,2024,11,November,Q4,2024-11-01,FAC-006,Rotterdam Hub,Netherlands,Europe,Environmental,50.77,87.67,5,3,2,42.1,3.1,0,0.0,84.27,Below Target,Near Compliant,Slightly Delayed,False
GOV-0004134,2024,11,November,Q4,2024-11-01,FAC-006,Rotterdam Hub,Netherlands,Europe,Health & Safety,51.59,90.19,3,2,1,35.4,2.56,0,0.0,80.6,Below Target,Near Compliant,Slightly Delayed,False
GOV-0004135,2024,11,November,Q4,2024-11-01,FAC-006,Rotterdam Hub,Netherlands,Europe,Human Rights,52.87,90.65,0,0,0,40.5,2.95,0,0.0,84.67,Below Target,Near Compliant,Slightly Delayed,False
GOV-0004136,2024,11,November,Q4,2024-11-01,FAC-006,Rotterdam Hub,Netherlands,Europe,Whistleblower,51.25,85.55,5,4,1,43.0,3.18,0,0.0,84.22,Below Target,Near Compliant,Slightly Delayed,False
GOV-0004137,2024,11,November,Q4,2024-11-01,FAC-006,Rotterdam Hub,Netherlands,Europe,Code of Conduct,57.36,88.48,1,0,1,46.2,3.44,0,0.0,84.48,Below Target,Near Compliant,Significantly Delayed,False
GOV-0004138,2024,11,November,Q4,2024-11-01,FAC-006,Rotterdam Hub,Netherlands,Europe,Conflict of Interest,54.47,87.37,3,2,1,38.5,3.1,0,0.0,80.51,Below Target,Near Compliant,Slightly Delayed,False
GOV-0004139,2024,11,November,Q4,2024-11-01,FAC-006,Rotterdam Hub,Netherlands,Europe,Supplier Standards,50.35,86.35,5,3,2,45.5,2.78,0,0.0,82.37,Below Target,Near Compliant,Significantly Delayed,False
GOV-0004140,2024,11,November,Q4,2024-11-01,FAC-006,Rotterdam Hub,Netherlands,Europe,Information Security,51.47,85.9,3,1,2,39.1,3.31,0,0.0,81.34,Below Target,Near Compliant,Slightly Delayed,False
GOV-0004141,2024,11,November,Q4,2024-11-01,FAC-007,Lyon Components,France,Europe,Anti-Corruption,49.61,86.16,3,2,1,39.7,3.14,0,0.0,86.28,Below Target,Near Compliant,Slightly Delayed,False
GOV-0004142,2024,11,November,Q4,2024-11-01,FAC-007,Lyon Components,France,Europe,Data Privacy,51.21,88.68,2,1,1,37.2,3.36,0,0.0,85.32,Below Target,Near Compliant,Slightly Delayed,False
GOV-0004143,2024,11,November,Q4,2024-11-01,FAC-007,Lyon Components,France,Europe,Environmental,55.11,90.74,0,0,0,32.6,3.18,0,0.0,85.23,Below Target,Near Compliant,Slightly Delayed,False
GOV-0004144,2024,11,November,Q4,2024-11-01,FAC-007,Lyon Components,France,Europe,Health & Safety,55.15,89.18,1,0,1,40.7,3.04,0,33325.31,81.94,Below Target,Near Compliant,Slightly Delayed,True
GOV-0004145,2024,11,November,Q4,2024-11-01,FAC-007,Lyon Components,France,Europe,Human Rights,53.99,89.88,3,1,2,46.3,2.99,0,120667.13,79.02,Below Target,Near Compliant,Significantly Delayed,True
GOV-0004146,2024,11,November,Q4,2024-11-01,FAC-007,Lyon Components,France,Europe,Whistleblower,55.01,88.19,0,0,0,37.2,3.32,0,0.0,84.03,Below Target,Near Compliant,Slightly Delayed,False
GOV-0004147,2024,11,November,Q4,2024-11-01,FAC-007,Lyon Components,France,Europe,Code of Conduct,49.14,86.21,5,4,1,31.9,2.59,0,0.0,84.53,Below Target,Near Compliant,Slightly Delayed,False
GOV-0004148,2024,11,November,Q4,2024-11-01,FAC-007,Lyon Components,France,Europe,Conflict of Interest,52.8,85.09,5,3,2,40.2,3.0,0,0.0,83.93,Below Target,Near Compliant,Slightly Delayed,False
GOV-0004149,2024,11,November,Q4,2024-11-01,FAC-007,Lyon Components,France,Europe,Supplier Standards,52.18,87.91,1,0,1,40.9,2.86,0,0.0,81.21,Below Target,Near Compliant,Slightly Delayed,False
GOV-0004150,2024,11,November,Q4,2024-11-01,FAC-007,Lyon Components,France,Europe,Information Security,51.88,90.23,1,0,1,39.4,3.03,0,0.0,80.4,Below Target,Near Compliant,Slightly Delayed,False
GOV-0004151,2024,11,November,Q4,2024-11-01,FAC-008,Shanghai Manufacturing,China,Asia Pacific,Anti-Corruption,50.63,92.16,4,3,1,42.9,3.03,0,0.0,84.38,Below Target,Near Compliant,Slightly Delayed,False
GOV-0004152,2024,11,November,Q4,2024-11-01,FAC-008,Shanghai Manufacturing,China,Asia Pacific,Data Privacy,53.51,89.86,4,2,2,45.4,2.71,0,0.0,85.69,Below Target,Near Compliant,Significantly Delayed,False
GOV-0004153,2024,11,November,Q4,2024-11-01,FAC-008,Shanghai Manufacturing,China,Asia Pacific,Environmental,51.85,86.99,0,0,0,35.5,3.01,0,0.0,83.3,Below Target,Near Compliant,Slightly Delayed,False
GOV-0004154,2024,11,November,Q4,2024-11-01,FAC-008,Shanghai Manufacturing,China,Asia Pacific,Health & Safety,52.13,90.19,3,2,1,35.9,3.33,0,0.0,82.51,Below Target,Near Compliant,Slightly Delayed,False
GOV-0004155,2024,11,November,Q4,2024-11-01,FAC-008,Shanghai Manufacturing,China,Asia Pacific,Human Rights,53.88,83.96,3,2,1,43.2,2.85,0,0.0,81.93,Below Target,Non-Compliant,Slightly Delayed,False
GOV-0004156,2024,11,November,Q4,2024-11-01,FAC-008,Shanghai Manufacturing,China,Asia Pacific,Whistleblower,52.16,86.9,1,0,1,40.4,3.1,0,109947.25,84.39,Below Target,Near Compliant,Slightly Delayed,True
GOV-0004157,2024,11,November,Q4,2024-11-01,FAC-008,Shanghai Manufacturing,China,Asia Pacific,Code of Conduct,52.93,86.82,4,2,2,44.3,2.71,0,0.0,83.01,Below Target,Near Compliant,Slightly Delayed,False
GOV-0004158,2024,11,November,Q4,2024-11-01,FAC-008,Shanghai Manufacturing,China,Asia Pacific,Conflict of Interest,51.94,89.52,0,0,0,41.9,2.8,0,0.0,83.46,Below Target,Near Compliant,Slightly Delayed,False
GOV-0004159,2024,11,November,Q4,2024-11-01,FAC-008,Shanghai Manufacturing,China,Asia Pacific,Supplier Standards,52.72,85.76,0,0,0,38.5,3.01,0,0.0,86.08,Below Target,Near Compliant,Slightly Delayed,False
GOV-0004160,2024,11,November,Q4,2024-11-01,FAC-008,Shanghai Manufacturing,China,Asia Pacific,Information Security,54.12,87.99,3,1,2,49.8,3.42,0,0.0,84.91,Below Target,Near Compliant,Significantly Delayed,False
GOV-0004161,2024,11,November,Q4,2024-11-01,FAC-009,Bangalore Tech Centre,India,Asia Pacific,Anti-Corruption,51.07,87.94,2,1,1,37.9,3.02,0,0.0,83.32,Below Target,Near Compliant,Slightly Delayed,False
GOV-0004162,2024,11,November,Q4,2024-11-01,FAC-009,Bangalore Tech Centre,India,Asia Pacific,Data Privacy,51.23,88.51,5,4,1,40.0,3.1,0,0.0,84.5,Below Target,Near Compliant,Slightly Delayed,False
GOV-0004163,2024,11,November,Q4,2024-11-01,FAC-009,Bangalore Tech Centre,India,Asia Pacific,Environmental,53.8,88.25,0,0,0,33.5,3.24,0,0.0,81.98,Below Target,Near Compliant,Slightly Delayed,False
GOV-0004164,2024,11,November,Q4,2024-11-01,FAC-009,Bangalore Tech Centre,India,Asia Pacific,Health & Safety,52.09,86.1,3,1,2,38.8,2.86,0,0.0,81.33,Below Target,Near Compliant,Slightly Delayed,False
GOV-0004165,2024,11,November,Q4,2024-11-01,FAC-009,Bangalore Tech Centre,India,Asia Pacific,Human Rights,48.97,89.22,5,3,2,36.3,2.63,0,0.0,86.64,Below Target,Near Compliant,Slightly Delayed,False
GOV-0004166,2024,11,November,Q4,2024-11-01,FAC-009,Bangalore Tech Centre,India,Asia Pacific,Whistleblower,53.65,86.56,3,2,1,50.5,2.95,0,0.0,86.67,Below Target,Near Compliant,Significantly Delayed,False
GOV-0004167,2024,11,November,Q4,2024-11-01,FAC-009,Bangalore Tech Centre,India,Asia Pacific,Code of Conduct,51.44,84.01,5,3,2,38.0,3.35,0,0.0,85.13,Below Target,Non-Compliant,Slightly Delayed,False
GOV-0004168,2024,11,November,Q4,2024-11-01,FAC-009,Bangalore Tech Centre,India,Asia Pacific,Conflict of Interest,53.8,87.77,4,2,2,40.1,2.95,0,0.0,84.89,Below Target,Near Compliant,Slightly Delayed,False
GOV-0004169,2024,11,November,Q4,2024-11-01,FAC-009,Bangalore Tech Centre,India,Asia Pacific,Supplier Standards,49.93,85.63,2,1,1,37.8,3.02,0,0.0,84.41,Below Target,Near Compliant,Slightly Delayed,False
GOV-0004170,2024,11,November,Q4,2024-11-01,FAC-009,Bangalore Tech Centre,India,Asia Pacific,Information Security,51.66,87.66,5,4,1,42.6,2.65,0,0.0,80.69,Below Target,Near Compliant,Slightly Delayed,False
GOV-0004171,2024,11,November,Q4,2024-11-01,FAC-010,Singapore Distribution,Singapore,Asia Pacific,Anti-Corruption,53.36,86.4,5,3,2,38.8,3.29,0,99107.13,81.13,Below Target,Near Compliant,Slightly Delayed,True
GOV-0004172,2024,11,November,Q4,2024-11-01,FAC-010,Singapore Distribution,Singapore,Asia Pacific,Data Privacy,51.33,90.41,4,3,1,37.3,3.44,0,0.0,79.74,Below Target,Near Compliant,Slightly Delayed,False
GOV-0004173,2024,11,November,Q4,2024-11-01,FAC-010,Singapore Distribution,Singapore,Asia Pacific,Environmental,54.57,87.98,1,0,1,45.2,3.0,0,0.0,83.63,Below Target,Near Compliant,Significantly Delayed,False
GOV-0004174,2024,11,November,Q4,2024-11-01,FAC-010,Singapore Distribution,Singapore,Asia Pacific,Health & Safety,50.93,84.86,3,1,2,40.2,2.61,0,0.0,83.06,Below Target,Non-Compliant,Slightly Delayed,False
GOV-0004175,2024,11,November,Q4,2024-11-01,FAC-010,Singapore Distribution,Singapore,Asia Pacific,Human Rights,54.02,86.24,2,1,1,43.7,3.21,0,0.0,80.54,Below Target,Near Compliant,Slightly Delayed,False
GOV-0004176,2024,11,November,Q4,2024-11-01,FAC-010,Singapore Distribution,Singapore,Asia Pacific,Whistleblower,49.57,87.72,4,2,2,37.4,2.82,0,0.0,85.77,Below Target,Near Compliant,Slightly Delayed,False
GOV-0004177,2024,11,November,Q4,2024-11-01,FAC-010,Singapore Distribution,Singapore,Asia Pacific,Code of Conduct,51.03,84.46,4,3,1,43.7,2.7,0,0.0,85.53,Below Target,Non-Compliant,Slightly Delayed,False
GOV-0004178,2024,11,November,Q4,2024-11-01,FAC-010,Singapore Distribution,Singapore,Asia Pacific,Conflict of Interest,54.05,86.04,4,2,2,41.3,2.89,0,0.0,87.47,Below Target,Near Compliant,Slightly Delayed,False
GOV-0004179,2024,11,November,Q4,2024-11-01,FAC-010,Singapore Distribution,Singapore,Asia Pacific,Supplier Standards,56.96,91.2,3,2,1,40.4,2.61,0,0.0,85.44,Below Target,Near Compliant,Slightly Delayed,False
GOV-0004180,2024,11,November,Q4,2024-11-01,FAC-010,Singapore Distribution,Singapore,Asia Pacific,Information Security,54.6,87.92,0,0,0,35.9,2.57,0,0.0,79.81,Below Target,Near Compliant,Slightly Delayed,False
GOV-0004181,2024,11,November,Q4,2024-11-01,FAC-011,Monterrey Plant,Mexico,Latin America,Anti-Corruption,51.22,88.8,0,0,0,40.2,2.72,0,0.0,81.62,Below Target,Near Compliant,Slightly Delayed,False
GOV-0004182,2024,11,November,Q4,2024-11-01,FAC-011,Monterrey Plant,Mexico,Latin America,Data Privacy,55.65,82.46,0,0,0,44.9,3.38,0,0.0,85.93,Below Target,Non-Compliant,Slightly Delayed,False
GOV-0004183,2024,11,November,Q4,2024-11-01,FAC-011,Monterrey Plant,Mexico,Latin America,Environmental,51.63,89.19,2,1,1,36.0,3.0,0,0.0,81.25,Below Target,Near Compliant,Slightly Delayed,False
GOV-0004184,2024,11,November,Q4,2024-11-01,FAC-011,Monterrey Plant,Mexico,Latin America,Health & Safety,55.55,85.73,2,1,1,34.6,2.74,0,0.0,83.34,Below Target,Near Compliant,Slightly Delayed,False
GOV-0004185,2024,11,November,Q4,2024-11-01,FAC-011,Monterrey Plant,Mexico,Latin America,Human Rights,51.24,88.26,1,0,1,43.8,3.01,0,0.0,80.1,Below Target,Near Compliant,Slightly Delayed,False
GOV-0004186,2024,11,November,Q4,2024-11-01,FAC-011,Monterrey Plant,Mexico,Latin America,Whistleblower,54.51,88.13,3,2,1,42.9,2.74,0,0.0,83.52,Below Target,Near Compliant,Slightly Delayed,False
GOV-0004187,2024,11,November,Q4,2024-11-01,FAC-011,Monterrey Plant,Mexico,Latin America,Code of Conduct,52.68,85.39,4,3,1,42.8,2.95,0,0.0,86.41,Below Target,Near Compliant,Slightly Delayed,False
GOV-0004188,2024,11,November,Q4,2024-11-01,FAC-011,Monterrey Plant,Mexico,Latin America,Conflict of Interest,51.22,89.38,5,3,2,40.9,3.52,0,0.0,86.46,Below Target,Near Compliant,Slightly Delayed,False
GOV-0004189,2024,11,November,Q4,2024-11-01,FAC-011,Monterrey Plant,Mexico,Latin America,Supplier Standards,53.2,85.52,5,3,2,39.3,3.31,0,0.0,81.26,Below Target,Near Compliant,Slightly Delayed,False
GOV-0004190,2024,11,November,Q4,2024-11-01,FAC-011,Monterrey Plant,Mexico,Latin America,Information Security,48.89,85.36,4,3,1,42.7,3.21,0,0.0,80.56,Below Target,Near Compliant,Slightly Delayed,False
GOV-0004191,2024,11,November,Q4,2024-11-01,FAC-012,Sao Paulo Operations,Brazil,Latin America,Anti-Corruption,51.5,86.2,1,0,1,44.2,2.89,0,0.0,82.88,Below Target,Near Compliant,Slightly Delayed,False
GOV-0004192,2024,11,November,Q4,2024-11-01,FAC-012,Sao Paulo Operations,Brazil,Latin America,Data Privacy,53.89,85.88,4,3,1,40.7,3.06,0,0.0,87.35,Below Target,Near Compliant,Slightly Delayed,False
GOV-0004193,2024,11,November,Q4,2024-11-01,FAC-012,Sao Paulo Operations,Brazil,Latin America,Environmental,52.66,84.76,0,0,0,34.0,3.27,0,0.0,83.51,Below Target,Non-Compliant,Slightly Delayed,False
GOV-0004194,2024,11,November,Q4,2024-11-01,FAC-012,Sao Paulo Operations,Brazil,Latin America,Health & Safety,54.03,88.19,5,4,1,36.8,2.99,0,0.0,87.1,Below Target,Near Compliant,Slightly Delayed,False
GOV-0004195,2024,11,November,Q4,2024-11-01,FAC-012,Sao Paulo Operations,Brazil,Latin America,Human Rights,51.61,90.28,4,3,1,37.0,2.91,0,0.0,80.25,Below Target,Near Compliant,Slightly Delayed,False
GOV-0004196,2024,11,November,Q4,2024-11-01,FAC-012,Sao Paulo Operations,Brazil,Latin America,Whistleblower,53.38,85.34,4,2,2,33.9,2.84,0,0.0,82.56,Below Target,Near Compliant,Slightly Delayed,False
GOV-0004197,2024,11,November,Q4,2024-11-01,FAC-012,Sao Paulo Operations,Brazil,Latin America,Code of Conduct,49.12,92.28,3,2,1,42.0,3.46,0,0.0,84.74,Below Target,Near Compliant,Slightly Delayed,False
GOV-0004198,2024,11,November,Q4,2024-11-01,FAC-012,Sao Paulo Operations,Brazil,Latin America,Conflict of Interest,51.16,85.65,0,0,0,39.8,3.11,0,0.0,80.06,Below Target,Near Compliant,Slightly Delayed,False
GOV-0004199,2024,11,November,Q4,2024-11-01,FAC-012,Sao Paulo Operations,Brazil,Latin America,Supplier Standards,53.43,87.9,1,0,1,45.5,3.08,0,0.0,77.71,Below Target,Near Compliant,Significantly Delayed,False
GOV-0004200,2024,11,November,Q4,2024-11-01,FAC-012,Sao Paulo Operations,Brazil,Latin America,Information Security,50.04,85.86,0,0,0,43.0,3.13,0,0.0,79.85,Below Target,Near Compliant,Slightly Delayed,False
GOV-0004201,2024,12,December,Q4,2024-12-01,FAC-001,Chicago Main Plant,USA,North America,Anti-Corruption,52.77,87.76,0,0,0,42.9,2.9,0,0.0,81.0,Below Target,Near Compliant,Slightly Delayed,False
GOV-0004202,2024,12,December,Q4,2024-12-01,FAC-001,Chicago Main Plant,USA,North America,Data Privacy,51.87,85.19,5,4,1,44.3,3.16,0,0.0,86.19,Below Target,Near Compliant,Slightly Delayed,False
GOV-0004203,2024,12,December,Q4,2024-12-01,FAC-001,Chicago Main Plant,USA,North America,Environmental,50.57,89.76,3,2,1,38.1,2.66,0,0.0,81.61,Below Target,Near Compliant,Slightly Delayed,False
GOV-0004204,2024,12,December,Q4,2024-12-01,FAC-001,Chicago Main Plant,USA,North America,Health & Safety,56.23,89.4,2,1,1,35.1,3.72,0,0.0,81.42,Below Target,Near Compliant,Slightly Delayed,False
GOV-0004205,2024,12,December,Q4,2024-12-01,FAC-001,Chicago Main Plant,USA,North America,Human Rights,50.73,87.27,4,2,2,32.7,2.93,0,0.0,81.86,Below Target,Near Compliant,Slightly Delayed,False
GOV-0004206,2024,12,December,Q4,2024-12-01,FAC-001,Chicago Main Plant,USA,North America,Whistleblower,48.91,88.24,4,3,1,45.0,3.03,0,0.0,82.36,Below Target,Near Compliant,Slightly Delayed,False
GOV-0004207,2024,12,December,Q4,2024-12-01,FAC-001,Chicago Main Plant,USA,North America,Code of Conduct,54.3,85.82,3,1,2,43.3,3.39,0,0.0,83.07,Below Target,Near Compliant,Slightly Delayed,False
GOV-0004208,2024,12,December,Q4,2024-12-01,FAC-001,Chicago Main Plant,USA,North America,Conflict of Interest,49.87,86.44,4,3,1,32.1,2.26,0,0.0,84.21,Below Target,Near Compliant,Slightly Delayed,False
GOV-0004209,2024,12,December,Q4,2024-12-01,FAC-001,Chicago Main Plant,USA,North America,Supplier Standards,53.72,88.52,2,1,1,39.1,3.17,0,0.0,84.33,Below Target,Near Compliant,Slightly Delayed,False
GOV-0004210,2024,12,December,Q4,2024-12-01,FAC-001,Chicago Main Plant,USA,North America,Information Security,52.36,88.96,5,3,2,40.4,2.77,0,0.0,84.39,Below Target,Near Compliant,Slightly Delayed,False
GOV-0004211,2024,12,December,Q4,2024-12-01,FAC-002,Detroit Assembly,USA,North America,Anti-Corruption,53.61,91.45,3,2,1,35.4,2.93,0,0.0,82.78,Below Target,Near Compliant,Slightly Delayed,False
GOV-0004212,2024,12,December,Q4,2024-12-01,FAC-002,Detroit Assembly,USA,North America,Data Privacy,55.74,90.69,1,0,1,40.8,3.26,0,0.0,81.39,Below Target,Near Compliant,Slightly Delayed,False
GOV-0004213,2024,12,December,Q4,2024-12-01,FAC-002,Detroit Assembly,USA,North America,Environmental,56.56,88.6,4,3,1,36.0,3.48,0,0.0,79.69,Below Target,Near Compliant,Slightly Delayed,False
GOV-0004214,2024,12,December,Q4,2024-12-01,FAC-002,Detroit Assembly,USA,North America,Health & Safety,50.68,87.37,3,2,1,40.5,3.36,0,0.0,85.2,Below Target,Near Compliant,Slightly Delayed,False
GOV-0004215,2024,12,December,Q4,2024-12-01,FAC-002,Detroit Assembly,USA,North America,Human Rights,53.76,83.84,2,1,1,36.5,3.36,0,0.0,81.02,Below Target,Non-Compliant,Slightly Delayed,False
GOV-0004216,2024,12,December,Q4,2024-12-01,FAC-002,Detroit Assembly,USA,North America,Whistleblower,53.32,85.04,4,3,1,40.4,3.11,0,0.0,86.96,Below Target,Near Compliant,Slightly Delayed,False
GOV-0004217,2024,12,December,Q4,2024-12-01,FAC-002,Detroit Assembly,USA,North America,Code of Conduct,54.77,91.63,3,1,2,44.2,2.93,0,0.0,81.49,Below Target,Near Compliant,Slightly Delayed,False
GOV-0004218,2024,12,December,Q4,2024-12-01,FAC-002,Detroit Assembly,USA,North America,Conflict of Interest,52.12,85.8,2,1,1,50.5,3.14,0,0.0,82.9,Below Target,Near Compliant,Significantly Delayed,False
GOV-0004219,2024,12,December,Q4,2024-12-01,FAC-002,Detroit Assembly,USA,North America,Supplier Standards,55.88,86.09,3,1,2,41.8,3.09,0,0.0,84.69,Below Target,Near Compliant,Slightly Delayed,False
GOV-0004220,2024,12,December,Q4,2024-12-01,FAC-002,Detroit Assembly,USA,North America,Information Security,53.05,84.58,4,3,1,44.6,2.86,0,0.0,81.74,Below Target,Non-Compliant,Slightly Delayed,False
GOV-0004221,2024,12,December,Q4,2024-12-01,FAC-003,Toronto Operations,Canada,North America,Anti-Corruption,53.1,88.1,4,2,2,37.4,3.07,0,0.0,82.0,Below Target,Near Compliant,Slightly Delayed,False
GOV-0004222,2024,12,December,Q4,2024-12-01,FAC-003,Toronto Operations,Canada,North America,Data Privacy,52.08,90.01,0,0,0,35.8,3.19,0,0.0,82.97,Below Target,Near Compliant,Slightly Delayed,False
GOV-0004223,2024,12,December,Q4,2024-12-01,FAC-003,Toronto Operations,Canada,North America,Environmental,53.21,89.14,2,1,1,44.1,2.83,0,0.0,84.58,Below Target,Near Compliant,Slightly Delayed,False
GOV-0004224,2024,12,December,Q4,2024-12-01,FAC-003,Toronto Operations,Canada,North America,Health & Safety,50.37,92.53,1,0,1,43.5,3.09,0,0.0,83.78,Below Target,Near Compliant,Slightly Delayed,False
GOV-0004225,2024,12,December,Q4,2024-12-01,FAC-003,Toronto Operations,Canada,North America,Human Rights,50.1,84.28,3,1,2,40.1,2.9,0,0.0,81.85,Below Target,Non-Compliant,Slightly Delayed,False
GOV-0004226,2024,12,December,Q4,2024-12-01,FAC-003,Toronto Operations,Canada,North America,Whistleblower,53.45,84.98,1,0,1,35.8,3.22,0,0.0,83.81,Below Target,Non-Compliant,Slightly Delayed,False
GOV-0004227,2024,12,December,Q4,2024-12-01,FAC-003,Toronto Operations,Canada,North America,Code of Conduct,56.12,87.23,1,0,1,42.9,2.95,0,0.0,82.47,Below Target,Near Compliant,Slightly Delayed,False
GOV-0004228,2024,12,December,Q4,2024-12-01,FAC-003,Toronto Operations,Canada,North America,Conflict of Interest,56.54,86.16,2,1,1,40.8,3.2,0,0.0,85.95,Below Target,Near Compliant,Slightly Delayed,False
GOV-0004229,2024,12,December,Q4,2024-12-01,FAC-003,Toronto Operations,Canada,North America,Supplier Standards,51.7,90.44,4,2,2,41.0,2.89,0,0.0,82.3,Below Target,Near Compliant,Slightly Delayed,False
GOV-0004230,2024,12,December,Q4,2024-12-01,FAC-003,Toronto Operations,Canada,North America,Information Security,53.28,87.32,4,3,1,44.8,3.1,0,0.0,84.57,Below Target,Near Compliant,Slightly Delayed,False
GOV-0004231,2024,12,December,Q4,2024-12-01,FAC-004,Munich Precision Works,Germany,Europe,Anti-Corruption,53.33,84.96,1,0,1,45.1,3.13,0,0.0,82.23,Below Target,Non-Compliant,Significantly Delayed,False
GOV-0004232,2024,12,December,Q4,2024-12-01,FAC-004,Munich Precision Works,Germany,Europe,Data Privacy,52.85,88.61,1,0,1,41.6,3.2,0,0.0,84.41,Below Target,Near Compliant,Slightly Delayed,False
GOV-0004233,2024,12,December,Q4,2024-12-01,FAC-004,Munich Precision Works,Germany,Europe,Environmental,50.63,86.11,4,3,1,43.6,3.39,0,0.0,75.58,Below Target,Near Compliant,Slightly Delayed,False
GOV-0004234,2024,12,December,Q4,2024-12-01,FAC-004,Munich Precision Works,Germany,Europe,Health & Safety,52.45,85.94,0,0,0,39.4,3.02,0,0.0,85.64,Below Target,Near Compliant,Slightly Delayed,False
GOV-0004235,2024,12,December,Q4,2024-12-01,FAC-004,Munich Precision Works,Germany,Europe,Human Rights,50.22,86.11,5,3,2,35.8,2.98,0,0.0,85.17,Below Target,Near Compliant,Slightly Delayed,False
GOV-0004236,2024,12,December,Q4,2024-12-01,FAC-004,Munich Precision Works,Germany,Europe,Whistleblower,52.11,88.79,4,3,1,41.1,3.01,0,0.0,83.6,Below Target,Near Compliant,Slightly Delayed,False
GOV-0004237,2024,12,December,Q4,2024-12-01,FAC-004,Munich Precision Works,Germany,Europe,Code of Conduct,56.11,84.77,2,1,1,44.6,3.16,0,0.0,79.45,Below Target,Non-Compliant,Slightly Delayed,False
GOV-0004238,2024,12,December,Q4,2024-12-01,FAC-004,Munich Precision Works,Germany,Europe,Conflict of Interest,50.81,84.62,0,0,0,42.6,3.12,0,0.0,87.11,Below Target,Non-Compliant,Slightly Delayed,False
GOV-0004239,2024,12,December,Q4,2024-12-01,FAC-004,Munich Precision Works,Germany,Europe,Supplier Standards,51.07,85.79,1,0,1,35.9,3.06,0,0.0,80.11,Below Target,Near Compliant,Slightly Delayed,False
GOV-0004240,2024,12,December,Q4,2024-12-01,FAC-004,Munich Precision Works,Germany,Europe,Information Security,55.37,88.85,5,3,2,45.3,2.97,0,0.0,77.52,Below Target,Near Compliant,Significantly Delayed,False
GOV-0004241,2024,12,December,Q4,2024-12-01,FAC-005,Stuttgart Engineering,Germany,Europe,Anti-Corruption,55.36,87.0,0,0,0,39.2,3.37,0,0.0,84.57,Below Target,Near Compliant,Slightly Delayed,False
GOV-0004242,2024,12,December,Q4,2024-12-01,FAC-005,Stuttgart Engineering,Germany,Europe,Data Privacy,51.71,87.17,4,3,1,45.6,3.54,0,0.0,83.71,Below Target,Near Compliant,Significantly Delayed,False
GOV-0004243,2024,12,December,Q4,2024-12-01,FAC-005,Stuttgart Engineering,Germany,Europe,Environmental,49.58,86.35,0,0,0,41.9,2.83,0,0.0,85.3,Below Target,Near Compliant,Slightly Delayed,False
GOV-0004244,2024,12,December,Q4,2024-12-01,FAC-005,Stuttgart Engineering,Germany,Europe,Health & Safety,49.26,86.56,5,3,2,31.0,2.69,0,0.0,82.06,Below Target,Near Compliant,Slightly Delayed,False
GOV-0004245,2024,12,December,Q4,2024-12-01,FAC-005,Stuttgart Engineering,Germany,Europe,Human Rights,58.43,87.44,4,2,2,38.3,3.29,0,0.0,84.34,Below Target,Near Compliant,Slightly Delayed,False
GOV-0004246,2024,12,December,Q4,2024-12-01,FAC-005,Stuttgart Engineering,Germany,Europe,Whistleblower,49.98,85.19,4,2,2,35.9,2.78,0,0.0,81.11,Below Target,Near Compliant,Slightly Delayed,False
GOV-0004247,2024,12,December,Q4,2024-12-01,FAC-005,Stuttgart Engineering,Germany,Europe,Code of Conduct,52.07,87.78,3,1,2,42.2,3.06,0,0.0,79.36,Below Target,Near Compliant,Slightly Delayed,False
GOV-0004248,2024,12,December,Q4,2024-12-01,FAC-005,Stuttgart Engineering,Germany,Europe,Conflict of Interest,51.51,88.71,2,1,1,41.3,3.35,0,0.0,86.88,Below Target,Near Compliant,Slightly Delayed,False
GOV-0004249,2024,12,December,Q4,2024-12-01,FAC-005,Stuttgart Engineering,Germany,Europe,Supplier Standards,50.24,90.21,2,1,1,42.6,3.15,0,0.0,83.62,Below Target,Near Compliant,Slightly Delayed,False
GOV-0004250,2024,12,December,Q4,2024-12-01,FAC-005,Stuttgart Engineering,Germany,Europe,Information Security,52.67,89.69,5,4,1,42.8,2.92,0,0.0,82.29,Below Target,Near Compliant,Slightly Delayed,False
GOV-0004251,2024,12,December,Q4,2024-12-01,FAC-006,Rotterdam Hub,Netherlands,Europe,Anti-Corruption,53.11,88.23,2,1,1,38.4,2.8,0,0.0,82.89,Below Target,Near Compliant,Slightly Delayed,False
GOV-0004252,2024,12,December,Q4,2024-12-01,FAC-006,Rotterdam Hub,Netherlands,Europe,Data Privacy,49.77,87.85,2,1,1,39.8,3.19,0,0.0,86.16,Below Target,Near Compliant,Slightly Delayed,False
GOV-0004253,2024,12,December,Q4,2024-12-01,FAC-006,Rotterdam Hub,Netherlands,Europe,Environmental,57.66,85.96,2,1,1,33.6,2.76,0,82270.5,87.6,Below Target,Near Compliant,Slightly Delayed,True
GOV-0004254,2024,12,December,Q4,2024-12-01,FAC-006,Rotterdam Hub,Netherlands,Europe,Health & Safety,47.23,87.46,1,0,1,41.2,2.32,0,0.0,83.97,Below Target,Near Compliant,Slightly Delayed,False
GOV-0004255,2024,12,December,Q4,2024-12-01,FAC-006,Rotterdam Hub,Netherlands,Europe,Human Rights,50.43,87.33,2,1,1,41.8,3.24,0,0.0,79.69,Below Target,Near Compliant,Slightly Delayed,False
GOV-0004256,2024,12,December,Q4,2024-12-01,FAC-006,Rotterdam Hub,Netherlands,Europe,Whistleblower,49.21,88.5,2,1,1,44.0,3.24,0,0.0,82.3,Below Target,Near Compliant,Slightly Delayed,False
GOV-0004257,2024,12,December,Q4,2024-12-01,FAC-006,Rotterdam Hub,Netherlands,Europe,Code of Conduct,53.76,86.25,5,3,2,40.2,3.01,0,0.0,82.31,Below Target,Near Compliant,Slightly Delayed,False
GOV-0004258,2024,12,December,Q4,2024-12-01,FAC-006,Rotterdam Hub,Netherlands,Europe,Conflict of Interest,53.13,90.75,3,1,2,35.8,3.0,0,0.0,83.96,Below Target,Near Compliant,Slightly Delayed,False
GOV-0004259,2024,12,December,Q4,2024-12-01,FAC-006,Rotterdam Hub,Netherlands,Europe,Supplier Standards,51.34,84.73,3,2,1,43.4,2.78,0,0.0,84.68,Below Target,Non-Compliant,Slightly Delayed,False
GOV-0004260,2024,12,December,Q4,2024-12-01,FAC-006,Rotterdam Hub,Netherlands,Europe,Information Security,50.04,89.9,4,2,2,41.7,3.38,0,112462.07,83.98,Below Target,Near Compliant,Slightly Delayed,True
GOV-0004261,2024,12,December,Q4,2024-12-01,FAC-007,Lyon Components,France,Europe,Anti-Corruption,51.49,89.6,1,0,1,41.4,2.53,0,0.0,82.88,Below Target,Near Compliant,Slightly Delayed,False
GOV-0004262,2024,12,December,Q4,2024-12-01,FAC-007,Lyon Components,France,Europe,Data Privacy,52.35,83.64,4,2,2,39.7,2.78,0,0.0,85.5,Below Target,Non-Compliant,Slightly Delayed,False
GOV-0004263,2024,12,December,Q4,2024-12-01,FAC-007,Lyon Components,France,Europe,Environmental,53.25,87.83,0,0,0,39.6,2.84,0,0.0,83.08,Below Target,Near Compliant,Slightly Delayed,False
GOV-0004264,2024,12,December,Q4,2024-12-01,FAC-007,Lyon Components,France,Europe,Health & Safety,58.3,84.94,2,1,1,41.3,3.21,0,0.0,84.49,Below Target,Non-Compliant,Slightly Delayed,False
GOV-0004265,2024,12,December,Q4,2024-12-01,FAC-007,Lyon Components,France,Europe,Human Rights,52.69,85.88,5,3,2,42.7,2.89,0,0.0,84.2,Below Target,Near Compliant,Slightly Delayed,False
GOV-0004266,2024,12,December,Q4,2024-12-01,FAC-007,Lyon Components,France,Europe,Whistleblower,49.6,87.87,4,2,2,49.6,3.19,0,0.0,83.48,Below Target,Near Compliant,Significantly Delayed,False
GOV-0004267,2024,12,December,Q4,2024-12-01,FAC-007,Lyon Components,France,Europe,Code of Conduct,52.32,89.63,5,4,1,39.7,3.11,0,0.0,84.76,Below Target,Near Compliant,Slightly Delayed,False
GOV-0004268,2024,12,December,Q4,2024-12-01,FAC-007,Lyon Components,France,Europe,Conflict of Interest,54.19,90.8,0,0,0,41.7,3.05,0,0.0,86.19,Below Target,Near Compliant,Slightly Delayed,False
GOV-0004269,2024,12,December,Q4,2024-12-01,FAC-007,Lyon Components,France,Europe,Supplier Standards,52.22,86.86,4,3,1,34.4,2.73,0,0.0,83.38,Below Target,Near Compliant,Slightly Delayed,False
GOV-0004270,2024,12,December,Q4,2024-12-01,FAC-007,Lyon Components,France,Europe,Information Security,49.89,93.7,5,3,2,41.7,2.9,0,0.0,85.32,Below Target,Near Compliant,Slightly Delayed,False
GOV-0004271,2024,12,December,Q4,2024-12-01,FAC-008,Shanghai Manufacturing,China,Asia Pacific,Anti-Corruption,48.46,86.4,2,1,1,46.7,3.09,0,0.0,85.45,Below Target,Near Compliant,Significantly Delayed,False
GOV-0004272,2024,12,December,Q4,2024-12-01,FAC-008,Shanghai Manufacturing,China,Asia Pacific,Data Privacy,50.96,87.59,4,3,1,39.4,2.62,0,0.0,86.65,Below Target,Near Compliant,Slightly Delayed,False
GOV-0004273,2024,12,December,Q4,2024-12-01,FAC-008,Shanghai Manufacturing,China,Asia Pacific,Environmental,51.07,83.77,3,2,1,41.8,3.16,0,0.0,82.09,Below Target,Non-Compliant,Slightly Delayed,False
GOV-0004274,2024,12,December,Q4,2024-12-01,FAC-008,Shanghai Manufacturing,China,Asia Pacific,Health & Safety,54.25,90.99,5,4,1,42.8,2.52,0,0.0,83.28,Below Target,Near Compliant,Slightly Delayed,False
GOV-0004275,2024,12,December,Q4,2024-12-01,FAC-008,Shanghai Manufacturing,China,Asia Pacific,Human Rights,50.88,84.71,3,2,1,41.1,2.97,0,0.0,81.0,Below Target,Non-Compliant,Slightly Delayed,False
GOV-0004276,2024,12,December,Q4,2024-12-01,FAC-008,Shanghai Manufacturing,China,Asia Pacific,Whistleblower,54.8,84.89,2,1,1,37.4,3.11,0,0.0,84.07,Below Target,Non-Compliant,Slightly Delayed,False
GOV-0004277,2024,12,December,Q4,2024-12-01,FAC-008,Shanghai Manufacturing,China,Asia Pacific,Code of Conduct,52.24,85.06,5,4,1,44.2,3.21,0,0.0,81.54,Below Target,Near Compliant,Slightly Delayed,False
GOV-0004278,2024,12,December,Q4,2024-12-01,FAC-008,Shanghai Manufacturing,China,Asia Pacific,Conflict of Interest,54.29,90.33,3,2,1,44.7,2.95,0,0.0,85.03,Below Target,Near Compliant,Slightly Delayed,False
GOV-0004279,2024,12,December,Q4,2024-12-01,FAC-008,Shanghai Manufacturing,China,Asia Pacific,Supplier Standards,57.36,89.55,0,0,0,31.1,3.04,0,0.0,83.29,Below Target,Near Compliant,Slightly Delayed,False
GOV-0004280,2024,12,December,Q4,2024-12-01,FAC-008,Shanghai Manufacturing,China,Asia Pacific,Information Security,52.98,84.91,2,1,1,44.5,3.29,0,0.0,82.86,Below Target,Non-Compliant,Slightly Delayed,False
GOV-0004281,2024,12,December,Q4,2024-12-01,FAC-009,Bangalore Tech Centre,India,Asia Pacific,Anti-Corruption,53.42,90.93,0,0,0,41.7,2.75,0,0.0,83.96,Below Target,Near Compliant,Slightly Delayed,False
GOV-0004282,2024,12,December,Q4,2024-12-01,FAC-009,Bangalore Tech Centre,India,Asia Pacific,Data Privacy,50.35,87.12,3,2,1,30.4,3.06,0,0.0,84.07,Below Target,Near Compliant,Slightly Delayed,False
GOV-0004283,2024,12,December,Q4,2024-12-01,FAC-009,Bangalore Tech Centre,India,Asia Pacific,Environmental,55.14,84.89,4,3,1,41.7,2.98,0,0.0,84.03,Below Target,Non-Compliant,Slightly Delayed,False
GOV-0004284,2024,12,December,Q4,2024-12-01,FAC-009,Bangalore Tech Centre,India,Asia Pacific,Health & Safety,52.74,88.01,0,0,0,44.6,3.15,0,0.0,79.93,Below Target,Near Compliant,Slightly Delayed,False
GOV-0004285,2024,12,December,Q4,2024-12-01,FAC-009,Bangalore Tech Centre,India,Asia Pacific,Human Rights,55.16,86.05,3,2,1,47.6,2.91,0,0.0,80.34,Below Target,Near Compliant,Significantly Delayed,False
GOV-0004286,2024,12,December,Q4,2024-12-01,FAC-009,Bangalore Tech Centre,India,Asia Pacific,Whistleblower,52.78,87.16,3,2,1,35.2,2.44,0,0.0,83.55,Below Target,Near Compliant,Slightly Delayed,False
GOV-0004287,2024,12,December,Q4,2024-12-01,FAC-009,Bangalore Tech Centre,India,Asia Pacific,Code of Conduct,52.34,86.44,1,0,1,34.3,2.72,0,0.0,81.21,Below Target,Near Compliant,Slightly Delayed,False
GOV-0004288,2024,12,December,Q4,2024-12-01,FAC-009,Bangalore Tech Centre,India,Asia Pacific,Conflict of Interest,52.68,85.67,2,1,1,45.1,2.94,0,0.0,86.52,Below Target,Near Compliant,Significantly Delayed,False
GOV-0004289,2024,12,December,Q4,2024-12-01,FAC-009,Bangalore Tech Centre,India,Asia Pacific,Supplier Standards,53.84,87.12,4,3,1,45.0,3.02,0,0.0,85.51,Below Target,Near Compliant,Slightly Delayed,False
GOV-0004290,2024,12,December,Q4,2024-12-01,FAC-009,Bangalore Tech Centre,India,Asia Pacific,Information Security,53.56,89.63,2,1,1,38.2,2.95,0,0.0,86.29,Below Target,Near Compliant,Slightly Delayed,False
GOV-0004291,2024,12,December,Q4,2024-12-01,FAC-010,Singapore Distribution,Singapore,Asia Pacific,Anti-Corruption,55.92,85.29,4,3,1,39.6,3.19,0,0.0,86.13,Below Target,Near Compliant,Slightly Delayed,False
GOV-0004292,2024,12,December,Q4,2024-12-01,FAC-010,Singapore Distribution,Singapore,Asia Pacific,Data Privacy,54.91,89.62,4,2,2,46.1,3.11,0,0.0,80.33,Below Target,Near Compliant,Significantly Delayed,False
GOV-0004293,2024,12,December,Q4,2024-12-01,FAC-010,Singapore Distribution,Singapore,Asia Pacific,Environmental,56.04,88.37,2,1,1,36.6,2.98,0,148248.21,85.26,Below Target,Near Compliant,Slightly Delayed,True
GOV-0004294,2024,12,December,Q4,2024-12-01,FAC-010,Singapore Distribution,Singapore,Asia Pacific,Health & Safety,48.39,88.44,2,1,1,43.2,2.9,0,0.0,83.69,Below Target,Near Compliant,Slightly Delayed,False
GOV-0004295,2024,12,December,Q4,2024-12-01,FAC-010,Singapore Distribution,Singapore,Asia Pacific,Human Rights,56.63,90.1,0,0,0,36.7,2.85,0,0.0,87.73,Below Target,Near Compliant,Slightly Delayed,False
GOV-0004296,2024,12,December,Q4,2024-12-01,FAC-010,Singapore Distribution,Singapore,Asia Pacific,Whistleblower,56.73,87.52,0,0,0,43.1,3.06,0,0.0,85.68,Below Target,Near Compliant,Slightly Delayed,False
GOV-0004297,2024,12,December,Q4,2024-12-01,FAC-010,Singapore Distribution,Singapore,Asia Pacific,Code of Conduct,55.55,89.09,4,3,1,40.9,3.44,0,0.0,84.11,Below Target,Near Compliant,Slightly Delayed,False
GOV-0004298,2024,12,December,Q4,2024-12-01,FAC-010,Singapore Distribution,Singapore,Asia Pacific,Conflict of Interest,55.42,86.53,4,3,1,43.2,2.5,0,0.0,82.91,Below Target,Near Compliant,Slightly Delayed,False
GOV-0004299,2024,12,December,Q4,2024-12-01,FAC-010,Singapore Distribution,Singapore,Asia Pacific,Supplier Standards,55.65,85.07,3,2,1,38.1,3.17,0,0.0,81.63,Below Target,Near Compliant,Slightly Delayed,False
GOV-0004300,2024,12,December,Q4,2024-12-01,FAC-010,Singapore Distribution,Singapore,Asia Pacific,Information Security,51.74,86.86,2,1,1,44.1,3.5,0,0.0,89.59,Below Target,Near Compliant,Slightly Delayed,False
GOV-0004301,2024,12,December,Q4,2024-12-01,FAC-011,Monterrey Plant,Mexico,Latin America,Anti-Corruption,51.35,84.69,3,2,1,42.3,3.18,0,0.0,79.86,Below Target,Non-Compliant,Slightly Delayed,False
GOV-0004302,2024,12,December,Q4,2024-12-01,FAC-011,Monterrey Plant,Mexico,Latin America,Data Privacy,48.65,89.63,3,2,1,39.0,3.05,0,0.0,85.3,Below Target,Near Compliant,Slightly Delayed,False
GOV-0004303,2024,12,December,Q4,2024-12-01,FAC-011,Monterrey Plant,Mexico,Latin America,Environmental,52.94,90.16,5,3,2,37.2,2.87,0,0.0,86.89,Below Target,Near Compliant,Slightly Delayed,False
GOV-0004304,2024,12,December,Q4,2024-12-01,FAC-011,Monterrey Plant,Mexico,Latin America,Health & Safety,51.79,87.81,5,4,1,42.9,3.17,0,0.0,83.31,Below Target,Near Compliant,Slightly Delayed,False
GOV-0004305,2024,12,December,Q4,2024-12-01,FAC-011,Monterrey Plant,Mexico,Latin America,Human Rights,57.5,87.65,1,0,1,41.7,2.63,0,0.0,82.31,Below Target,Near Compliant,Slightly Delayed,False
GOV-0004306,2024,12,December,Q4,2024-12-01,FAC-011,Monterrey Plant,Mexico,Latin America,Whistleblower,51.4,84.3,2,1,1,33.6,3.27,0,0.0,80.39,Below Target,Non-Compliant,Slightly Delayed,False
GOV-0004307,2024,12,December,Q4,2024-12-01,FAC-011,Monterrey Plant,Mexico,Latin America,Code of Conduct,56.94,90.96,4,3,1,43.2,2.96,0,0.0,83.71,Below Target,Near Compliant,Slightly Delayed,False
GOV-0004308,2024,12,December,Q4,2024-12-01,FAC-011,Monterrey Plant,Mexico,Latin America,Conflict of Interest,51.22,85.02,2,1,1,33.5,3.04,0,0.0,83.45,Below Target,Near Compliant,Slightly Delayed,False
GOV-0004309,2024,12,December,Q4,2024-12-01,FAC-011,Monterrey Plant,Mexico,Latin America,Supplier Standards,55.43,88.54,1,0,1,36.9,2.88,0,0.0,86.99,Below Target,Near Compliant,Slightly Delayed,False
GOV-0004310,2024,12,December,Q4,2024-12-01,FAC-011,Monterrey Plant,Mexico,Latin America,Information Security,50.13,87.41,2,1,1,40.8,2.62,0,0.0,85.77,Below Target,Near Compliant,Slightly Delayed,False
GOV-0004311,2024,12,December,Q4,2024-12-01,FAC-012,Sao Paulo Operations,Brazil,Latin America,Anti-Corruption,51.04,84.77,3,1,2,35.6,2.9,0,0.0,82.21,Below Target,Non-Compliant,Slightly Delayed,False
GOV-0004312,2024,12,December,Q4,2024-12-01,FAC-012,Sao Paulo Operations,Brazil,Latin America,Data Privacy,51.5,88.03,3,2,1,39.0,3.11,0,0.0,86.64,Below Target,Near Compliant,Slightly Delayed,False
GOV-0004313,2024,12,December,Q4,2024-12-01,FAC-012,Sao Paulo Operations,Brazil,Latin America,Environmental,50.9,83.43,1,0,1,35.0,3.19,0,0.0,83.22,Below Target,Non-Compliant,Slightly Delayed,False
GOV-0004314,2024,12,December,Q4,2024-12-01,FAC-012,Sao Paulo Operations,Brazil,Latin America,Health & Safety,55.33,86.19,0,0,0,42.7,3.12,0,0.0,82.04,Below Target,Near Compliant,Slightly Delayed,False
GOV-0004315,2024,12,December,Q4,2024-12-01,FAC-012,Sao Paulo Operations,Brazil,Latin America,Human Rights,52.32,86.13,4,3,1,45.2,3.09,0,0.0,82.16,Below Target,Near Compliant,Significantly Delayed,False
GOV-0004316,2024,12,December,Q4,2024-12-01,FAC-012,Sao Paulo Operations,Brazil,Latin America,Whistleblower,57.16,87.15,4,3,1,38.4,2.75,0,0.0,85.09,Below Target,Near Compliant,Slightly Delayed,False
GOV-0004317,2024,12,December,Q4,2024-12-01,FAC-012,Sao Paulo Operations,Brazil,Latin America,Code of Conduct,49.03,84.51,5,4,1,33.4,3.34,0,0.0,81.87,Below Target,Non-Compliant,Slightly Delayed,False
GOV-0004318,2024,12,December,Q4,2024-12-01,FAC-012,Sao Paulo Operations,Brazil,Latin America,Conflict of Interest,52.09,85.19,2,1,1,39.3,3.28,0,0.0,84.13,Below Target,Near Compliant,Slightly Delayed,False
GOV-0004319,2024,12,December,Q4,2024-12-01,FAC-012,Sao Paulo Operations,Brazil,Latin America,Supplier Standards,49.23,87.9,3,2,1,36.4,2.86,1,0.0,84.91,Below Target,Near Compliant,Slightly Delayed,False
GOV-0004320,2024,12,December,Q4,2024-12-01,FAC-012,Sao Paulo Operations,Brazil,Latin America,Information Security,56.02,89.51,4,2,2,44.9,3.37,0,0.0,84.26,Below Target,Near Compliant,Slightly Delayed,False
